date,food_id,name,ingredients,serving_size_amount,serving_size_unit,calories,g_fat,g_saturated_fat,g_trans_fat,mg_cholesterol,g_carbs,g_added_sugar,g_sugar,mg_potassium,mg_sodium,g_fiber,g_protein,mg_iron,mg_calcium,mg_vitamin_c,iu_vitamin_a,re_vitamin_a,mcg_vitamin_a,mg_vitamin_d,mcg_vitamin_d,source_url
2026-10-05,2322212,Shamrock Sub Sandwich,"French Baguette (Enriched Flour (Wheat Flour, Malted Barley Flour, Niacin, Reduced Iron, Thiamin Mononitrate, Riboflavin, Folic Acid), Water, Contains Less Than 2% Of Yeast, Salt, Soybean Oil, Dextrose, Calcium Sulfate, Ascorbic Acid, Calcium Peroxide, Azodicarbonamide, Mono- And Diglycerides, Wheat Gluten, Enzymes, Calcium Propionate (Preservative), Soy Lecithin, Yellow Cornmeal. Contains Soy, Wheat.), Sliced City Ham (Pork Leg, Water, Salt, Cane Sugar, Celery Powder, Cherry Powder, Spices (Black Pepper, Allspice, Clove, Juniper Berries), Garlic, Bay Leaf.), Prosciutto Ham (Cured with Salt, Sugar, Spices, Sodium Nitrate, Sodium Nitrite, Flavoring.), Pepperoni (Pork, Beef, Salt, Dextrose, Spices, Lactic Acid Starter Culture, Oleoresin of Paprika, Dehydrated Garlic, Sodium Nitrite, BHA, BHT, Citric Acid.), Genoa Salami Slices (Pork, Beef, Salt, Dextrose, Lactic Acid Starter Culture, Spices, Sodium Ascorbate,Sodium Nitrite, Garlic Powder, BHA, BHT, Citric Acid.), Oil-Browned Pan-Roasted Turkey Breasts (Turkey Breast, Turkey Broth And 2% Or Less Of: Sea Salt, Dextrose, Yeast Extract, Natural Flavors. Browned in Vegetable Oil.), 10"" Wheat Baguettes (Enriched Wheat Flour (Malted Barley Flour, Niacin, Reduced Iron, Thiamine Mononitrate, Riboflavin, Folic Acid), Whole Wheat Flour, Yeast, Poolish (Flour, Water, Yeast), Barley, Malt Syrup, Rye Flour, Starter Culture (Lactobacillus), Water, Salt, Ascorbic Acid, Sorbitan Monostearate (Processing Aid), Enzymes. Contains: Wheat, Rye Product.), Mayonnaise Premium Kens (Soybean Oil, Water, Egg, Distilled Vinegar, Egg Yolk, Contains Less Than 2% Of Salt, Sugar, Lemon Juice Concentrate, Calcium Disodium EDTA (To Protect Flavor), Paprika Extract (Color), Natural Flavor. Contains: Egg), Sliced Tomato (Tomato.), Honey Mustard Dressing (Soybean Oil, High Fructose Corn Syrup, Spicy Brown Mustard (Distilled Vinegar, Water, Mustard Seed, Salt, Turmeric, Spices), Honey, Distilled Vinegar, Egg Yolk, Contains Less Than 2% Of Salt, Water, Propylene Glycol Alginate, Mustard Flour, Calcium Disodium Edta (To Protect Flavor). Contains Egg.), Fat Free Italian Dressing (Water, Distilled Vinegar, Sugar, Salt, Maltodextrin, Contains Less Than 2% Of Cellulose Gel And Gum, Onion*, Xanthan Gum, Potassium Sorbate And Sodium Benzoate (Preservatives), Garlic*, Carrageenan, Citric Acid, Red Bell Pepper*, Spice, Autolyzed Yeast Extract, Natural Flavor, Yeast Extract, Beta Carotene (Color). *Dried), Chicago-Style Hot Giardiniera (Soybean Oil, Hot Peppers, Carrots, Cauliflower, Celery, Gherkins, Spices, Vinegar, Sodium Benzoate, Sodium Bisulfite.), Shredded Iceberg Lettuce (Iceberg Lettuce.), Mild Cheddar (Pasteurized milk, cheese culture, salt, enzyme, color added. COMMON ALLERGENS PRESENT: Milk.), Provolone Cheese Slice (Pasteurized Milk, Cheese Culture, Salt, Enzymes. Common Allergens Present: Milk.), Swiss Cheese Slice (Swiss Cheese (Cultured Pasteurized Milk, Salt, Enzymes). Common Allergens Present: Milk.), Jalapeno Monterey Jack (Pasteurized milk, Jalapeno Peppers, cheese culture, salt and enzymes. COMMON ALLERGENS PRESENT: Milk.), Dill Pickle Chips, Sliced Red Onion (Red Onions.), 1% Low Fat Buttermilk 0.5gal (Cultured Lowfat Milk, Stabilizer (Mono And Diglycerides, Carob Bean Gum, Carrageenan, Calcium Sulfate, Modified Corn and Tapioca Starches), Salt, Vitamin A Palmitate, Vitamin D3. Contains: Milk.), Sour Cream (Milk, Cream, Whey, Modified Cornstarch, Sodium Phosphate, Guar Gum, Carrageenan, Calcium Sulfate, Carob Bean Gum, Nonfat Dry Milk. Contains: Milk), Roasted Garlic Base Concentrate (Roasted Garlic, Water, Sauteed Vegetable Puree Mix (Carrots, Onions, Celery), Dextrose, Salt, Dried Garlic, 2% Or Less Of Canola Oil, Dried Onions, Potassium Chloride, Celery Juice Concentrate.), Onion Granulated Spice (Dried Onion.), Dill (Fresh Dill.), Granulated Garlic (Dried Garlic.), Coarse Kosher Salt (Salt).",1,sub,3444.0,210.0,59.0,,2443.0,245.0,21.0,33.0,1702.0,10023.0,10.0,156.0,23.9,1116.0,,,,,,,https://nd.api.nutrislice.com/menu/api/weeks/school/58415/menu-type/28583/2026/10/7
2026-10-05,1758036,Clubhouse Potato Chips,"Skin On Potato Chip Cut (Potatoes, Vegetable Oil (Contains One Or More Of The Following Oils: Canola, Soybean, Cottonseed, Sunflower, Corn). Contains 2% or less of Dextrose, Salt, Sodium Acid Pyrophosphate Added To Maintain Natural Color.), Canola Oil (Canola Oil, TBHQ and Citric Acid Added To Protect Flavor, Dimethylpolysiloxanes, An Anti-Foaming Agent Added.), Coarse Kosher Salt (Salt), Whole Black Peppercorns (Black Peppercorns.).",2,z,125.0,10.0,1.0,,0.0,10.0,0.0,1.0,147.0,549.0,1.0,1.0,0.1,6.0,,,,,,,https://nd.api.nutrislice.com/menu/api/weeks/school/58415/menu-type/28583/2026/10/7
2026-10-05,1762488,Coleslaw,"Cabbage, Sugar, Soybean Oil, Water, Contains Less Than 2% of Carrots, White Distilled Vinegar, Eggs, Salt, Egg Yolks (Egg Yolks, Salt), Erythorbic Acid (to Retain Color), Potassium Sorbate (to Retard Spoilage), Citric Acid, Sodium Benzoate (Preservative), Xanthan Gum, Lemon Juice Concentrate, Spices, Mayonnaise Spice Blend Flavor (Medium Chain Triglycerides, Natural and Artificial Flavors)..",1,oz,45.0,2.8,0.4,,3.0,5.0,4.0,4.0,50.0,95.0,1.0,0.0,0.1,8.0,,,,,,,https://nd.api.nutrislice.com/menu/api/weeks/school/58415/menu-type/28583/2026/10/7
2026-10-05,1769209,Vegetarian Macaroni Pasta Salad,"Cooked Enriched Macaroni Product (Semolina [Wheat], Enriched With Niacin, Iron [Ferrous Sulfate], Thiamin Mononitrate, Riboflavin, Folic Acid), Eggs, Fructose, Soybean Oil, Water, High Fructose Corn Syrup, Onions, Celery, Contains Less Than 2% Of White Distilled Vinegar, Apple Cider Vinegar, Mustard (Distilled Vinegar, Mustard Seed, Salt, Turmeric, Spices), Red Bell Peppers (Red Bell Peppers, Water, Citric Acid), Carrots, Egg Yolks (Egg Yolks, Salt), Salt, Modified Corn Starch, Sugar, Potassium Sorbate (To Retard Spoilage), Dextrose, Spices, Xanthan Gum, Guar Gum, Color (Water, Coloring [Yellow 5, Yellow 6, Red 40], Sodium Benzoate [Preservative], Citric Acid), Propylene Glycol Alginate, Onion Powder, Paprika (Color). Contains: Egg, Wheat..",0.75,cups,240.0,11.0,2.0,,75.0,30.0,13.0,14.0,150.0,550.0,1.0,5.0,1.1,20.0,,,,,,,https://nd.api.nutrislice.com/menu/api/weeks/school/58415/menu-type/28583/2026/10/7
2026-10-05,1756499,Potato Salad,"Potatoes, Soybean Oil, Water, Sour Cream (Cultured Milk And Cream), Green Onions, Egg Yolks (Egg Yolks, Salt), Contains Less Than 2% Of High Fructose Corn Syrup, Fully Cooked Bacon Bits With Smoke Flavor Added (Bacon Bits [Cured With Water, Salt, Sugar, Sodium Phosphates, Sodium Erythorbate, Sodium Nitrite], Smoke Flavor. May Contain Dextrose, Potassium Chloride), White Distilled Vinegar, Salt, Mustard (Water, Distilled Vinegar, Mustard Seed, Salt, Spices), Glucono Delta Lactone, Potassium Sorbate (To Retard Spoilage), Sugar, Spices. Common Allergens Present: Egg, Milk..",4,oz,269.0,22.0,4.2,,25.0,15.0,2.0,3.0,328.0,554.0,1.0,3.0,0.5,17.0,,,,,,,https://nd.api.nutrislice.com/menu/api/weeks/school/58415/menu-type/28583/2026/10/7
2026-10-05,1937927,Tortilla Chips,"Unfried White Corn Tortilla Chips (Whole Grain Corn, Water, Gums, Preservatives (Propionic acid, Sorbic acid, Fumaric acid, Methyl and Propyl parabens), Lime.), Canola Oil (Canola Oil, TBHQ and Citric Acid Added To Protect Flavor, Dimethylpolysiloxanes, An Anti-Foaming Agent Added.), Coarse Kosher Salt (Salt).",1,oz,84.0,3.0,0.2,,0.0,11.0,0.0,0.0,0.0,464.0,2.0,2.0,0.3,16.0,,,,,,,https://nd.api.nutrislice.com/menu/api/weeks/school/58415/menu-type/28583/2026/10/7
2026-10-05,2262376,Ensalada Rallada Venezolano,"Shredded Cabbage (Green Cabbage), Shredded Carrot (Carrots.), Mayonnaise Premium Kens (Soybean Oil, Water, Egg, Distilled Vinegar, Egg Yolk, Contains Less Than 2% Of Salt, Sugar, Lemon Juice Concentrate, Calcium Disodium EDTA (To Protect Flavor), Paprika Extract (Color), Natural Flavor. Contains: Egg), Extra Lite Amber Honey (Honey.), Grey Poupon Dijon Mustard (Distilled White Vinegar, Mustard Seed, Water, Salt, White Wine, Citric Acid, Tartaric Acid, Fruit Pectin, Sugar, Spices.), Cilantro (Fresh Cilantro.), Granulated Sugar (Granulated Beet Sugar), Lime Juice (Lime Juice From Concentrate (Water, Concentrated Lime Juice) And Less Than 2% Of Lime Oil, Sodium Benzoate (Preservative), Sodium Metabisulfite (Preservative). Contains: Sulfites.), Coarse Kosher Salt (Salt).",2,z,32.0,1.9,0.3,,1.0,4.0,0.0,3.0,109.0,56.0,1.0,1.0,0.1,22.0,,,,,,,https://nd.api.nutrislice.com/menu/api/weeks/school/58415/menu-type/28583/2026/10/7
2026-10-05,2246510,Salsa Verde,"Tomatillo, Salad Oil (Soybean Oil.), Spanish Onion (Fresh Yellow Onions.), Serrano Chili Peppers (Serrano Peppers.), Cilantro (Fresh Cilantro.), Lime (Limes.), Coarse Kosher Salt (Salt), Peeled Garlic (Garlic.).",1,fl oz,68.0,6.0,0.9,,0.0,2.0,0.0,1.0,65.0,118.0,0.0,0.0,0.1,3.0,,,,,,,https://nd.api.nutrislice.com/menu/api/weeks/school/58415/menu-type/28583/2026/10/7
2026-10-05,2262377,Steak Pepito,"Churrasco Style Skirt Steak (Beef Outside Skirt and *Solution (Water, Preservatives [Sodium Lactate and Sodium Diacetate Blend], and R&F NP sasoning [Salt, Whey Protein Concentrate, Maltodextrin, Sodium Phosphate, Onion, Garlic, Sugar, and Spices]). Contains: Milk), French Baguette (Enriched Flour (Wheat Flour, Malted Barley Flour, Niacin, Reduced Iron, Thiamin Mononitrate, Riboflavin, Folic Acid), Water, Contains Less Than 2% Of Yeast, Salt, Soybean Oil, Dextrose, Calcium Sulfate, Ascorbic Acid, Calcium Peroxide, Azodicarbonamide, Mono- And Diglycerides, Wheat Gluten, Enzymes, Calcium Propionate (Preservative), Soy Lecithin, Yellow Cornmeal. Contains Soy, Wheat.), Mayonnaise Premium Kens (Soybean Oil, Water, Egg, Distilled Vinegar, Egg Yolk, Contains Less Than 2% Of Salt, Sugar, Lemon Juice Concentrate, Calcium Disodium EDTA (To Protect Flavor), Paprika Extract (Color), Natural Flavor. Contains: Egg), Mexican Blend Shredded Cheese (Cheddar Cheese (Cultured Pasteurized Milk, Salt, Enzymes, Color Added), Monterey Jack Cheese (Cultured Pasteurized Milk, Salt, Enzymes), Anticake (potato starch, powdered cellulose). COMMON ALLERGENS PRESENT: Milk.), Ketchup (Tomato Concentrate, Sugar, Distilled Vinegar, Less than 2% of: Salt, Natural Flavors, *Potassium Chloride, Onion Powder, Citric Acid, Garlic Powder, Spices.), French's Shoestring Potato Sticks (POTATOES, VEGETABLE OIL (CONTAINS ONE OR MORE OF THE FOLLOWING: COTTONSEED OR PALM OIL) AND SALT), Tomato (Tomato.), Iceberg Lettuce (Iceberg Lettuce.), Diced Onion (Fresh Yellow Onions.), Sweet Corn (Corn.), Fresh Heavy Whipping Cream 0.5gal (Cream, Carrageenan. Contains: Milk.), 100% Lemon Juice (Lemon Juice from Concentrate (Water, Concentrated Lemon Juice), Sodium Benzoate (Preservative) and Lemon Oil.), Granulated Sugar (Granulated Beet Sugar), Whole Milk (Grade A Milk & Vitamin D3. Contains: Milk.), Yellow Mustard (Distilled Vinegar, Water, Mustard Seed, Salt, Turmeric, Paprika, Spice, Natural Flavor & Garlic Powder), Cilantro (Fresh Cilantro.), Peeled Garlic (Garlic.), Coarse Kosher Salt (Salt), Ground Black Pepper (Ground Black Pepper.).",1,pepito,733.0,43.0,11.0,,86.0,61.0,1.0,5.0,638.0,1903.0,3.0,29.0,4.9,203.0,,,,,,,https://nd.api.nutrislice.com/menu/api/weeks/school/58415/menu-type/28583/2026/10/7
2026-10-05,1949308,Fresh Guacamole,"Avocado (Avocado.), Tomato (Tomato.), Onion (Fresh Yellow Onions.), 100% Lemon Juice (Lemon Juice from Concentrate (Water, Concentrated Lemon Juice), Sodium Benzoate (Preservative) and Lemon Oil.), Jalapeno Pepper (jalapeno pepper), Cilantro (Fresh Cilantro.), Coarse Kosher Salt (Salt).",3,z,99.0,9.0,1.0,,0.0,6.0,0.0,1.0,348.0,46.0,4.0,1.0,0.6,11.0,,,,,,,https://nd.api.nutrislice.com/menu/api/weeks/school/58415/menu-type/28583/2026/10/7
2026-10-05,1756413,Mild Cheddar,"Pasteurized milk, cheese culture, salt, enzyme, color added. COMMON ALLERGENS PRESENT: Milk..",1,slice,81.0,7.0,4.1,,20.0,0.0,0.0,0.0,20.0,137.0,0.0,5.0,0.0,152.0,,,,,,,https://nd.api.nutrislice.com/menu/api/weeks/school/58415/menu-type/28583/2026/10/7
2026-10-05,1756415,Jalapeno Monterey Jack,"Pasteurized milk, Jalapeno Peppers, cheese culture, salt and enzymes. COMMON ALLERGENS PRESENT: Milk..",1,slice,63.0,5.0,3.2,,18.0,0.0,0.0,0.0,9.0,108.0,0.0,5.0,0.0,131.0,,,,,,,https://nd.api.nutrislice.com/menu/api/weeks/school/58415/menu-type/28583/2026/10/7
2026-10-05,1888384,Sliced Smoked Turkey,"Turkey Breast Meat, Water, Salt, Turbinado Sugar, Carrageenan (from seaweed), Baking Soda..",2.5,z,76.0,1.9,0.6,,32.0,1.0,0.0,1.0,0.0,456.0,0.0,13.0,0.5,0.0,,,,,,,https://nd.api.nutrislice.com/menu/api/weeks/school/58415/menu-type/28583/2026/10/7
2026-10-05,1917102,Hummus,"Dry Garbanzo Bean (Garbanzo Beans.), Tahini (Sesame Seed) Paste (Sesame Seed. Contains: Sesame Seed.), Salad Oil (Soybean Oil.), 100% Lemon Juice (Lemon Juice from Concentrate (Water, Concentrated Lemon Juice), Sodium Benzoate (Preservative) and Lemon Oil.), Coarse Kosher Salt (Salt), Water (Filtered Tap Water.), Peeled Garlic (Garlic.), Baking Soda (Sodium Bicarbonate.).",2,oz,249.0,14.0,1.7,,0.0,23.0,0.0,4.0,234.0,457.0,5.0,8.0,2.2,22.0,,,,,,,https://nd.api.nutrislice.com/menu/api/weeks/school/58415/menu-type/28583/2026/10/7
2026-10-05,1917104,Hummus Red Pepper,"Garbanzo Beans (Prepared Chick Peas, Water, Salt, Calcium Chloride (Firming Agent), Disodium EDTA (Promotes Color Retention).), Tahini (Sesame Seed) Paste (Sesame Seed. Contains: Sesame Seed.), Roasted Italian Red Pepper (Red Peppers, Water, Salt, Citric Acid, Calcium Chloride.), 100% Lemon Juice (Lemon Juice from Concentrate (Water, Concentrated Lemon Juice), Sodium Benzoate (Preservative) and Lemon Oil.), Oil Blend Canola & EVOO 75/25 (Canola Oil & Extra Virgin Olive Oil.), Coarse Kosher Salt (Salt), Peeled Garlic (Garlic.), Roasted Garlic Base Concentrate (Roasted Garlic, Water, Sauteed Vegetable Puree Mix (Carrots, Onions, Celery), Dextrose, Salt, Dried Garlic, 2% Or Less Of Canola Oil, Dried Onions, Potassium Chloride, Celery Juice Concentrate.), Tabasco Sauce (Distilled Vinegar, Red Pepper and Salt.), Ground Cayenne Pepper (Cayenne Peppers.), Mild Chili Powder (Chili Pepper, Salt, Spices, Dehydrated Garlic.).",1,z,66.0,4.8,0.6,,0.0,4.0,0.0,1.0,27.0,147.0,1.0,2.0,0.8,7.0,,,,,,,https://nd.api.nutrislice.com/menu/api/weeks/school/58415/menu-type/28583/2026/10/7
2026-10-05,1756339,Bacon,"Ingredients: Bacon (Cured With Water, Salt, Sugar, Sodium Erythorbate, Sodium Nitrite. May also containSmoke Flavoring, Dextrose, Sodium Phosphate, Potassium Chloride, Sodium Diacetate, Flavoring, Honey)..",1,Tbsp,61.0,4.6,2.0,,25.0,0.0,0.0,0.0,0.0,324.0,0.0,5.0,0.0,0.0,,,,,,,https://nd.api.nutrislice.com/menu/api/weeks/school/58415/menu-type/28583/2026/10/7
2026-10-05,1756418,Provolone Cheese Slice,"Pasteurized Milk, Cheese Culture, Salt, Enzymes. Common Allergens Present: Milk..",1,slice,71.0,6.0,3.5,,15.0,0.0,0.0,0.0,30.0,192.0,0.0,5.0,0.1,162.0,,,,,,,https://nd.api.nutrislice.com/menu/api/weeks/school/58415/menu-type/28583/2026/10/7
2026-10-05,1756425,Smoked Sliced Ham,"Pork, Water, Natural Salt Blend (Potassium Chloride, Sea Salt), Turbinado Sugar, Salt, Cultured Celery Powder, Cherry Powder..",1,oz,30.0,0.8,0.3,,15.0,1.0,0.0,1.0,0.0,177.0,0.0,5.0,0.2,0.0,,,,,,,https://nd.api.nutrislice.com/menu/api/weeks/school/58415/menu-type/28583/2026/10/7
2026-10-05,2042095,Genoa Salami Slices,"Pork, Beef, Salt, Dextrose, Lactic Acid Starter Culture, Spices, Sodium Ascorbate,Sodium Nitrite, Garlic Powder, BHA, BHT, Citric Acid..",2,z,223.0,20.0,7.0,,46.0,2.0,2.0,2.0,172.0,850.0,0.0,10.0,0.8,20.0,,,,,,,https://nd.api.nutrislice.com/menu/api/weeks/school/58415/menu-type/28583/2026/10/7
2026-10-05,1756401,Tuna Salad,"Tuna (Light tuna, water, vegetable broth, salt), Lemon (Fresh Lemons.), Mayonnaise Premium Kens (Soybean Oil, Water, Egg, Distilled Vinegar, Egg Yolk, Contains Less Than 2% Of Salt, Sugar, Lemon Juice Concentrate, Calcium Disodium EDTA (To Protect Flavor), Paprika Extract (Color), Natural Flavor. Contains: Egg), Celery (Celery.), Coarse Kosher Salt (Salt), Ground Black Pepper (Ground Black Pepper.).",1,z,49.0,3.9,0.5,,10.0,0.0,0.0,0.0,60.0,116.0,0.0,4.0,0.2,2.0,,,,,,,https://nd.api.nutrislice.com/menu/api/weeks/school/58415/menu-type/28583/2026/10/7
2026-10-05,1756284,Avocado,Avocado..,1,oz,47.0,4.4,0.5,,0.0,2.0,0.0,0.0,143.0,3.0,2.0,0.0,0.2,3.5,,,,,,,https://nd.api.nutrislice.com/menu/api/weeks/school/58415/menu-type/28583/2026/10/7
2026-10-05,2031068,Walking Taco,"Beef Ground Free Fall 80/20 Fs Halperns (Ground Beef.), Shredded Iceberg Lettuce (Iceberg Lettuce.), Fritos (Corn, Corn Oil, and Salt.), Avocado Ranch Dressing (Soybean Oil, Water, Cultured Buttermilk, Distilled Vinegar, Avocado, Egg Yolk, Contains Less Than 2% Of Salt, Buttermilk Solids, Sugar, Reconstituted Lime Juice (Water, Lime Juice Concentrate), Spice, Fruit Juice Color And Turmeric Color, Yeast Extract, Garlic*, Xanthan Gum, Chili Powder (Chili Pepper, Spice, Salt, Garlic), Onion*, Citric Acid, Potassium Sorbate And Sodium Benzoate (Preservatives), Oleoresin Turmeric (Color), Lime Juice Concentrate, Onion, Sodium Alginate, Calcium Disodium Edta (To Protect Flavor), Garlic. *Dried.Contains Egg,Milk.), Flame Roasted Corn & Peppers (Sweet Corn, Cooked Black Beans, Tomato, Onion, Green Bell Pepper, Red Bell Pepper, Contains Less Than 2% Of Brown Sugar, Citric Acid, Dehydrated Vegetables (Onion, Bell Pepper, Garlic), Lime Juice Powder (Lime Juice Concentrate, Modified Food Starch, Maltodextrin, Citric Acid), Natural Flavor (Including Grill And Smoke), Olive Oil, Salt, Spices, Sugar, Yeast Extract.), Sour Cream (Milk, Cream, Food Starch-Modified (Corn), Grade A Whey, Sodium Tripolyphosphate, Mono And Diglycerides, Guar Gum, Carrageenan, And Locust Bean Gum, Citric Acid Blend (Water, Citric Acid, Lactic Acid, Phosphoric Acid, And Natural Flavors), Salt, Potassium Sorbate. Common Allergens Present: Milk. May Contain: Egg, Soy.), Black Olive (Ripe Olives, Water, Salt, Ferrous Gluconate Added To Stabilize Color.), Fresh Pico de Gallo (Tomato, Onion, Lemon Juice (Lemon Juice From Concentrate, Lemon Oil, Citric Acid, Sugar, Salt, Propylene Glycol (Emulsifier), Sodium Benzoate (Preservative), Sodium Bisulfate 1/40 Of 1% (Preservative), Fd&C Yellow #5), Jalapeno Pepper, Cilantro, Salt, Garlic Powder (Garlic).), Nacho Cheese Sauce (Skim Milk, Water, Canola Oil, Modified Corn Starch, Tomato Paste, Cheddar Cheese (Milk, Cheese Cultures, Salt, Enzymes), Natural Flavors, and less than 2% of the Following: Maltodextrin (Made from Corn), Jalapeño Peppers, Salt, Vinegar, Disodium Phosphate, Yeast Extract, Sodium Citrate, Annatto, Monosodium Glutamate, Cellulose Gum, Acetic Acid, Onion Powder, DATEM, Garlic Powder, Chili Powder, Spices and Citric Acid), Jalapenos (Fresh Peppers, Water, Vinegar, Salt, Calcium Chloride, Sodium Benzoate (preservative), Natural Flavors, Sodium Metabisulfite (preservative), Yellow 5.), Fresh Garlic (Garlic.), Onion (Fresh Yellow Onions.), Salad Oil (Soybean Oil.), Seasoning Taco Spiceology (Salt, Spices, Brown Sugar, Chili Peppers, Onion, Paprika, Garlic, Red Pepper, Natural Flavor, Safflower Oil (Processing Aid), Silicon Dioxide (Anti-caking Agent) and Ethoxyquin (Anti-oxidant Agent)).",1,taco,815.0,59.0,16.0,,85.0,44.0,1.0,5.0,561.0,1430.0,4.0,22.0,4.7,152.0,,,,,,,https://nd.api.nutrislice.com/menu/api/weeks/school/58415/menu-type/28583/2026/10/7
2026-10-05,1756345,French Fries,"French Fries (Potatoes, Vegetable Oil (Contains One Or More Of The Following Oils: Canola, Soybean, Cottonseed, Sunflower, Corn). Contains 2% or less of Baking Soda, Dextrin, Dextrose, Potato Starch - Modified, Rice Flour, Salt, Sodium Acid Pyrophosphate (Maintains Natural Color & Leavening), Xanthan Gum. COMMON ALLERGENS PRESENT: None.), Canola Oil (Canola Oil, TBHQ and Citric Acid Added To Protect Flavor, Dimethylpolysiloxanes, An Anti-Foaming Agent Added.).",3,z,194.0,14.0,0.8,,0.0,17.0,0.0,1.0,218.0,322.0,1.0,1.0,0.3,9.0,,,,,,,https://nd.api.nutrislice.com/menu/api/weeks/school/58415/menu-type/28583/2026/10/7
2026-10-05,2326978,Smash Burger,"4z Beef Patties (Beef.), Hamburger Bun (Unbleached Enriched Flour (Wheat Flour, Malted BarleyFlour, Niacin, Iron, Thiamin Mononitrate, Riboflavin, Folic Acid), Water, HighFructose Corn Syrup, Yeast, Soybean Oil, Wheat Gluten, Contains 2% orless of the following: Salt, Calcium Propionate (Preservative), MonocalciumPhosphate, Wheat Starch, Sesame, Enzymes, Ascorbic Acid. Contains: Wheat, Sesame.), Ground Black Pepper (Ground Black Pepper.), Coarse Kosher Salt (Salt), Granulated Garlic (Dried Garlic.), Onion Granulated Spice (Dried Onion.).",1,burger,569.0,27.0,10.0,,81.0,51.0,7.0,7.0,402.0,1176.0,2.0,28.0,4.8,112.0,,,,,,,https://nd.api.nutrislice.com/menu/api/weeks/school/58415/menu-type/28583/2026/10/7
2026-10-05,1769875,Garden Herb Grilled Chicken,"Chix Tndrln Jumbo Raw CVP Fs (Chicken Tenderloins.), Water (Filtered Tap Water.), Salad Oil (Soybean Oil.), Marinade Garden Herb & Tomato (Blended of Salt, Dehydrated Garlic, Sugar, Dehydrated Tomatoes, Vinegar Powder (Maltodextrin, Food Starch Modified, And Vinegar Solids), Sodium Phosphate (10.34%) Spice, Lemon Juice Powder (Corn Syrup Solids And Lemon Juice Solids), Onion Powder, Modified Food Starch, Deydrated Bell Peppers, Citric Acid.).",1,tender,112.0,2.5,0.4,,57.0,0.0,0.0,0.0,333.0,39.0,0.0,21.0,0.3,8.0,,,,,,,https://nd.api.nutrislice.com/menu/api/weeks/school/58415/menu-type/28583/2026/10/7
2026-10-05,2227304,Hand Breaded Chicken Tenders,"Medium Chicken Tenderloins (Medium Chicken Tenders.), All Purpose Bleached Gold Medal Flour (Bleached Wheat Flour, Malted Barley Flour, Niacin, Iron, Thiamin Mononitrate, Riboflavin, Folic Acid.), Cornstarch (Corn Starch.), Rice Flour (Ingredients: Rice Flour.), Canola Oil (Canola Oil, TBHQ and Citric Acid Added To Protect Flavor, Dimethylpolysiloxanes, An Anti-Foaming Agent Added.), 1% Low Fat Buttermilk 0.5gal (Cultured Lowfat Milk, Stabilizer (Mono And Diglycerides, Carob Bean Gum, Carrageenan, Calcium Sulfate, Modified Corn and Tapioca Starches), Salt, Vitamin A Palmitate, Vitamin D3. Contains: Milk.), Coarse Kosher Salt (Salt), Tabasco Sauce (Distilled Vinegar, Red Pepper and Salt.), Large Fresh Egg (Shelled Eggs. COMMON ALLERGENS PRESENT: Eggs.), Paprika (Paprika And Less Than 2% Silicon Dioxide To Prevent Caking.), Garlic Powder (Garlic Powder.), Brine Pickling Kosher Dill (Water, White Distilled Vinegar, Salt, Maltodextrin, Contains 2% Or Less of Each Of The Following: Dehydrated Garlic, Spice (Includes Mustard Seed), Spice Extractives (Includes Turmeric Extract), Citric Acid.), Ground Black Pepper (Ground Black Pepper.), Baking Powder (Corn Starch, Sodium Bicarbonate, Sodium Aluminum Sulfate, Monocalcium Phosphate.), Ground Cayenne Pepper (Cayenne Peppers.), Onion Granulated Spice (Dried Onion.), Ground White Pepper (White Pepper.).",4,z,277.0,8.0,0.6,,66.0,30.0,0.0,0.0,339.0,831.0,1.0,19.0,0.5,14.0,,,,,,,https://nd.api.nutrislice.com/menu/api/weeks/school/58415/menu-type/28583/2026/10/7
2026-10-05,2227303,Housemade Ranch,"Mayonnaise Premium Kens (Soybean Oil, Water, Egg, Distilled Vinegar, Egg Yolk, Contains Less Than 2% Of Salt, Sugar, Lemon Juice Concentrate, Calcium Disodium EDTA (To Protect Flavor), Paprika Extract (Color), Natural Flavor. Contains: Egg), 1% Low Fat Buttermilk 0.5gal (Cultured Lowfat Milk, Stabilizer (Mono And Diglycerides, Carob Bean Gum, Carrageenan, Calcium Sulfate, Modified Corn and Tapioca Starches), Salt, Vitamin A Palmitate, Vitamin D3. Contains: Milk.), Sour Cream (Milk, Cream, Whey, Modified Cornstarch, Sodium Phosphate, Guar Gum, Carrageenan, Calcium Sulfate, Carob Bean Gum, Nonfat Dry Milk. Contains: Milk), Onion Granulated Spice (Dried Onion.), Dill (Fresh Dill.), Granulated Garlic (Dried Garlic.), Coarse Kosher Salt (Salt).",1,lbs,1758.0,202.0,38.0,,160.0,33.0,0.0,13.0,354.0,2502.0,0.0,7.0,0.1,330.0,,,,,,,https://nd.api.nutrislice.com/menu/api/weeks/school/58415/menu-type/28583/2026/10/7
2026-10-05,2460605,Organic Malibu Vegan Gardenburger,"COOKED BROWN RICE (WATER, ORGANIC BROWN RICE), WATER, ORGANIC CORN, ORGANIC CARROTS, ORGANIC ONIONS, ORGANIC GREEN PEPPERS, ORGANIC ROLLED OATS, ORGANIC CANOLA OIL, ORGANIC HIGH OLEIC SUNFLOWER OIL, ORGANIC RED BELL PEPPERS, ORGANIC SOY PROTEIN FLOUR, CONTAINS TWO PERCENT OR LESS OF GUM BLEND (CARRAGEENAN, KONJAC FLOUR), ORGANIC SOY SAUCE (WATER, ORGANIC SOYBEANS, SALT, ORGANIC WHEAT), ORGANIC ONION POWDER, BROCCOLI, SEA SALT, ORGANIC GARLIC POWDER, ORGANIC BLACK PEPPER. COMMON ALLERGENS PRESENT: Wheat, Soy..",3.2,z patty,160.0,8.0,1.0,,0.0,21.0,0.0,2.0,269.0,439.0,3.0,4.0,0.8,30.0,,,,,,,https://nd.api.nutrislice.com/menu/api/weeks/school/58415/menu-type/28583/2026/10/7
2026-10-05,2460606,Chix Patty Sandwich,"Hamburger Bun (Unbleached Enriched Flour (Wheat Flour, Malted BarleyFlour, Niacin, Iron, Thiamin Mononitrate, Riboflavin, Folic Acid), Water, HighFructose Corn Syrup, Yeast, Soybean Oil, Wheat Gluten, Contains 2% orless of the following: Salt, Calcium Propionate (Preservative), MonocalciumPhosphate, Wheat Starch, Sesame, Enzymes, Ascorbic Acid. Contains: Wheat, Sesame.), Breaded Chicken Breast Fritter (Boneless chicken breast with rib meat, water, seasoning [salt, flavors, maltodextrin, sugar, vegetable stock (carrot, onion, celery), garlic powder], salt, sodium phosphates. BREADED WITH: Wheat flour, water, salt, wheat gluten, leavening (sodium bicarbonate, sodiumaluminum phosphate, monocalcium phosphate, sodium acid pyrophosphate), spices, garlic powder, onion powder, disodium inosinate and disodium guanylate, natural flavor. Breading set in vegetable oil. COMMON ALLERGENS PRESENT: WHEAT.), Canola Oil (Canola Oil, TBHQ and Citric Acid Added To Protect Flavor, Dimethylpolysiloxanes, An Anti-Foaming Agent Added.).",1,patty,518.0,19.0,3.4,,30.0,63.0,7.0,7.0,241.0,1111.0,2.0,21.0,3.4,102.0,,,,,,,https://nd.api.nutrislice.com/menu/api/weeks/school/58415/menu-type/28583/2026/10/7
2026-10-05,1756047,Granola,"Whole Grain Oats, Sugar, Canola Oil, Rice Flour, Honey, Salt, Brown Sugar Syrup, Baking Soda, Soy Lecithin, Natural Flavor. Common Allergens Present: Soy..",1,oz,126.0,4.7,0.5,,0.0,20.0,7.0,7.0,0.0,100.0,1.0,2.0,0.6,0.0,,,,,,,https://nd.api.nutrislice.com/menu/api/weeks/school/58415/menu-type/28583/2026/10/7
2026-10-05,1920554,Deleted - Vinegar Balsamic Roland,"Wine Vinegar, Cooked Grape Must, Caramel Color. Contains: Sulfites. COMMON ALLERGENS PRESENT: NONE..",1,Tbsp,18.0,0.0,0.0,,0.0,4.0,1.0,4.0,21.0,0.0,0.0,0.0,0.2,4.0,,,,,,,https://nd.api.nutrislice.com/menu/api/weeks/school/58415/menu-type/28583/2026/10/7
2026-10-05,1756205,Creamy Caesar,"Soybean Oil, Distilled Vinegar, Water, Parmesan Cheese (Pasteurized Part-Skim Milk, Cheese Cultures, Salt, Enzymes), Romano Cheese (Pasteurized Part-Skim Milk, Cheese Cultures, Salt, Enzymes), Sugar, Egg Yolk, Salt, Contains Less Than 2% Of Garlic Juice, Modified Corn Starch, Spice, Natural Flavor, Garlic*, Xanthan Gum, Anchovies, Polysorbate 60, Onion*, Corn Syrup, Sodium Benzoate (Preservative), Lactic Acid, Maltodextrin, Calcium Disodium Edta (To Protect Flavor), Celery Seed, Tamarind, Autolyzed Yeast Extract. *Dried. Contains: Milk, Eggs, Fish (Anchovy)..",1,oz,113.0,11.0,1.9,,14.0,2.0,1.0,1.0,9.0,293.0,0.0,1.0,0.0,28.0,,,,,,,https://nd.api.nutrislice.com/menu/api/weeks/school/58415/menu-type/28583/2026/10/7
2026-10-05,1756472,Country French,"Soybean Oil, Sugar, Water, Distilled Vinegar, Apple Cider Vinegar, Tomato Paste, Honey, Contains Less Than 2% Of Salt, Paprika, Mustard Flour, Xanthan Gum, Onion,* Garlic,* Beetroot Juice Concentrate, Natural Flavor. *Dried..",1,oz,124.0,12.0,1.8,,0.0,6.0,5.0,6.0,0.0,204.0,0.0,0.0,0.0,0.0,,,,,,,https://nd.api.nutrislice.com/menu/api/weeks/school/58415/menu-type/28583/2026/10/7
2026-10-05,1928031,Honey Mustard Dressing,"Soybean Oil, High Fructose Corn Syrup, Spicy Brown Mustard (Distilled Vinegar, Water, Mustard Seed, Salt, Turmeric, Spices), Honey, Distilled Vinegar, Egg Yolk, Contains Less Than 2% Of Salt, Water, Propylene Glycol Alginate, Mustard Flour, Calcium Disodium Edta (To Protect Flavor). Contains Egg..",1,fl oz,146.0,14.0,2.7,,9.0,7.0,7.0,7.0,0.0,128.0,0.0,0.0,0.0,0.0,,,,,,,https://nd.api.nutrislice.com/menu/api/weeks/school/58415/menu-type/28583/2026/10/7
2026-10-05,1756213,Low Calorie Italian,"Water, Distilled Vinegar, Sugar, Vegetable Oil (Soybean And/Or Canola), Salt, Contains Less Than 2% Of Garlic*, Xanthan Gum, Onion*, Lemon Juice Concentrate, Spice, Red Bell Pepper*, Calcium Disodium Edta (To Protect Flavor), Paprika Extract (Color), Natural Flavor, Annatto Extract (Color). *Dried.",2,Tbsp,23.0,1.9,0.0,,0.0,3.0,2.0,2.0,9.0,413.0,0.0,0.0,0.0,0.0,,,,,,,https://nd.api.nutrislice.com/menu/api/weeks/school/58415/menu-type/28583/2026/10/7
2026-10-05,1756474,Buttermilk Ranch,"Soybean Oil, Water, Distilled Vinegar, Egg Yolk, Buttermilk Solids, Contains Less Than 2% Of Salt, Sugar, Lemon Juice Concentrate, Garlic*, Onion*, Xanthan Gum, Sorbic Acid (Preservative), Natural Flavor, Cream, Spice, Whey, Vinegar Powder, Buttermilk, Yeast Extract, Milk, Sour Cream Powder, Lactic Acid, Calcium Disodium Edta (To Protect Flavor), Citric Acid. *Dried. Contains: Milk, Eggs.",1,oz,132.0,13.0,2.0,,10.0,1.0,0.0,1.0,15.0,182.0,0.0,0.0,0.0,10.0,,,,,,,https://nd.api.nutrislice.com/menu/api/weeks/school/58415/menu-type/28583/2026/10/7
2026-10-05,1756477,Lite Ranch,"Cultured Buttermilk, Water, Vegetable Oil (Soybean And/Or Canola), Distilled Vinegar, Egg Yolk, Contains Less Than 2% Of Salt, Corn Starch, Sugar, Disodium Inosinate And Disodium Guanylate, Nonfat Milk Powder, Onion,* Xanthan Gum, Nonfat Milk Solids, Sorbic Acid (Preservative), Lactic Acid, Spice, Cream, Garlic,* Whey, Vinegar Powder, Mustard Flour, Guar Gum, Sour Cream Powder, Milk, Dipotassium Phosphate, Natural Flavor, Citric Acid. *Dried. Contains Egg, Milk.",1,oz,66.0,7.0,0.9,,5.0,1.0,0.0,1.0,0.0,236.0,0.0,1.0,0.0,0.0,,,,,,,https://nd.api.nutrislice.com/menu/api/weeks/school/58415/menu-type/28583/2026/10/7
2026-10-05,1756123,Balsamic Vinaigrette,"Water, High Fructose Corn Syrup, Balsamic Vinegar (Wine Vinegar, Concentrated Grape Must, Caramel Color), Red Wine Vinegar, Vegetable Oil (Soybean And/Or Canola), Olive Oil, Contains Less Than 2% Of Salt, Dried Garlic, Xanthan Gum, Spice, Sodium Alginate, Propylene Glycol Alginate, Calcium Disodium Edta (To Protect Flavor), Sulfiting Agents..",1,oz,55.0,4.6,0.9,,0.0,5.0,4.0,4.0,9.0,192.0,0.0,0.0,0.0,0.0,,,,,,,https://nd.api.nutrislice.com/menu/api/weeks/school/58415/menu-type/28583/2026/10/7
2026-10-05,1756479,Fat Free Raspberry Vinaigrette,"Water, Distilled Vinegar, Sugar, Corn Syrup Solids, Contains Less Than 2% Of Cucumber Juice, Salt, Vegetable Juice Color, Raspberry Juice Concentrate, Xanthan Gum, Onion*, Red Bell Pepper*, Citric Acid, Potassium Sorbate (Preservative), Artificial Flavor, Garlic*, Calcium Disodium Edta (To Protect Flavor), Beta Carotene (Color). *Dried..",1,fl oz,30.0,0.0,0.0,,0.0,8.0,7.0,7.0,13.0,79.0,0.0,0.0,0.0,0.0,,,,,,,https://nd.api.nutrislice.com/menu/api/weeks/school/58415/menu-type/28583/2026/10/7
2026-10-05,1920552,100% Extra Virgin Olive Oil,100% Extra Virgin Olive Oil..,1,Tbsp,118.0,14.0,2.0,,0.0,0.0,0.0,0.0,0.0,0.0,0.0,0.0,0.0,0.0,,,,,,,https://nd.api.nutrislice.com/menu/api/weeks/school/58415/menu-type/28583/2026/10/7
2026-10-05,1756510,Red Wine Vinegar,Red Wine Vinegar and Filtered Water..,1,fl oz,0.0,0.0,0.0,,0.0,0.0,0.0,0.0,0.0,0.0,0.0,0.0,0.0,0.0,,,,,,,https://nd.api.nutrislice.com/menu/api/weeks/school/58415/menu-type/28583/2026/10/7
2026-10-05,2135290,Deluxe Fruit Salad,"Cantaloupe, Honeydew, Pineapple, Oranges, Grapes, Water, Sugar, Citric Acid (used to lower pH)..",1,oz,12.0,0.0,0.0,,0.0,3.0,0.0,3.0,54.0,2.0,0.0,0.0,0.0,5.0,,,,,,,https://nd.api.nutrislice.com/menu/api/weeks/school/58415/menu-type/28583/2026/10/7
2026-10-05,1756055,Blueberry Yogurt,"Cultured Milk and Skim Milk, Sugar, Blueberries, Natural Flavors, Fruit and Vegetable Juice (color), Lemon Juice, Carob Bean Gum, Modified Cornstarch, Carrageenan, Pectin, Vitamin A Palmitate and Vitamin D3..",6,z cup,130.0,1.5,1.0,,10.0,24.0,12.0,18.0,240.0,85.0,0.0,5.0,0.1,170.0,,,,,,,https://nd.api.nutrislice.com/menu/api/weeks/school/58415/menu-type/28583/2026/10/7
2026-10-05,1756058,Plain Greek Yogurt,Cultured Grade A Non Fat Milk Contains Active Yogurt Cultures: S. Thermophilus & L. Bulgaricus. Common Allergens Present: Milk..,1,oz,17.0,0.0,0.0,,1.0,1.0,0.0,1.0,32.0,11.0,0.0,3.0,0.0,32.0,,,,,,,https://nd.api.nutrislice.com/menu/api/weeks/school/58415/menu-type/28583/2026/10/7
2026-10-05,1756278,Plain Fat Free Yogurt,"Cultured Milk and Skim Milk, Sugar, Modified Cornstarch, Carrageenan, Pectin, Vitamin A Palmitate and Vitamin D3. Allergens Contains: Milk..",1,oz,13.0,0.0,0.0,,1.0,2.0,0.0,2.0,53.0,18.0,0.0,1.0,0.0,40.0,,,,,,,https://nd.api.nutrislice.com/menu/api/weeks/school/58415/menu-type/28583/2026/10/7
2026-10-05,1756068,Strawberry Yogurt,"Cultured Milk and Skim Milk, Sugar, Strawberries, Natural Flavors, Carob Bean Gum, Fruit and Vegetable Juice (color), Modified Cornstarch, Carrageenan, Pectin, Vitamin A Palmitate and Vitamin D3..",6,z cup,130.0,1.5,1.0,,10.0,24.0,12.0,18.0,240.0,85.0,0.0,5.0,0.1,170.0,,,,,,,https://nd.api.nutrislice.com/menu/api/weeks/school/58415/menu-type/28583/2026/10/7
2026-10-05,1756321,Cottage Cheese,"Skim Milk, Milk, Cream, Lactose, Salt, Stabilizer (Guar Gum, Mono and Diglycerides, Xanthan Gum, Carrageenan, Carob Bean Gum), Citric Acid, Carbon Dioxide and Potassium Sorbate (Maintain Freshness) and Cheese Cultures..",0.5,cups,105.0,4.9,3.2,,24.0,5.0,1.0,4.0,0.0,486.0,0.0,11.0,0.3,65.0,,,,,,,https://nd.api.nutrislice.com/menu/api/weeks/school/58415/menu-type/28583/2026/10/7
2026-10-05,1800139,Quinoa,"Pre Washed White Quinoa (Quinoa.), Coarse Kosher Salt (Salt), Water (Filtered Tap Water.).",4,z,403.0,5.0,0.0,,0.0,76.0,0.0,3.0,829.0,159.0,8.0,15.0,7.6,66.0,,,,,,,https://nd.api.nutrislice.com/menu/api/weeks/school/58415/menu-type/28583/2026/10/7
2026-10-05,1784208,Steamed Broccoli,Broccoli (Broccoli.).,4,z,35.0,0.0,0.0,,0.0,7.0,0.0,1.0,298.0,21.0,4.0,4.0,1.4,49.0,,,,,,,https://nd.api.nutrislice.com/menu/api/weeks/school/58415/menu-type/28583/2026/10/7
2026-10-05,1756337,Baked Sweet Potato,"Sweet Potato (Sweet Potatoes), Allergen Free Pan Coating Spray (Canola Oil, Canola Lecithin, Mono- and Diglycerides, Natural Flavor, and Propellant.).",1,potatoe,124.0,0.9,0.1,,0.0,27.0,0.0,8.0,611.0,45.0,4.0,3.0,0.9,49.0,,,,,,,https://nd.api.nutrislice.com/menu/api/weeks/school/58415/menu-type/28583/2026/10/7
2026-10-05,2084396,Vodka Sauce Pasta,"Fresh Half & Half Cream (Milk, Cream. Contains: Milk), Marinara (Vine Ripened Diced Tomatoes, Tomato Puree, Carrot Puree, Extra Virgin Olive Oil, Sugar, Garlic Puree, Dehydrated Onion, Sea Salt, Citric Acid, Spices.), Cavatappi Pasta (Durum wheat semolina, niacin, iron (ferrous sulfate), thiamin mononitrate, riboflavin, folic acid. COMMON ALLERGENS PRESENT: Wheat. MAY CONTAIN: Egg.), Feta Cheese (Feta Cheese (Pasteurized Part-Skim Milk, Salt, Cheese Culture, Enzymes), Powdered Cellulose (To Prevent Caking), Natamycin (Natural Mold Inhibitor). COMMON ALLERGENS PRESENT: Milk.), Salad Oil (Soybean Oil.), Vodka New Amsterdam 1L (Grain, Water. Alcohol: 40% ABV.), Peeled Garlic (Garlic.), Coarse Kosher Salt (Salt), Water (Filtered Tap Water.).",8,z,430.0,29.0,9.0,,46.0,32.0,1.0,5.0,305.0,744.0,2.0,10.0,1.4,173.0,,,,,,,https://nd.api.nutrislice.com/menu/api/weeks/school/58415/menu-type/28583/2026/10/7
2026-10-05,1764505,Grilled Chicken Parmigiana,"Chix Tndrln Jumbo Raw CVP Fs (Chicken Tenderloins.), Marinara (Vine Ripened Diced Tomatoes, Tomato Puree, Carrot Puree, Extra Virgin Olive Oil, Sugar, Garlic Puree, Dehydrated Onion, Sea Salt, Citric Acid, Spices.), Fresh Shredded Mozzarella Cheese (Cultured Pasteurized Milk, Salt, Enzymes.).",6.5,z,183.0,7.0,3.8,,68.0,5.0,1.0,3.0,485.0,310.0,1.0,25.0,0.8,142.0,,,,,,,https://nd.api.nutrislice.com/menu/api/weeks/school/58415/menu-type/28583/2026/10/7
2026-10-05,2246520,Garlic Knots,"Frozen Garlic Knot Rolls (Knot: Enriched Wheat Flour (Flour, Ascorbic Acid Added As A Dough Conditioner, Niacin, Reduced Iron, Thiamine Mononitrate, Riboflavin, Folic Acid), Water, Sugar, Contains 2% Or Less Of: Yeast, Salt, Soybean Oil, Whey, Roasted Garlic, Cultured Dextrose, Sunflower Oil, Ascorbic Acid Added As A Dough Conditioner, Microbial Enzymes. Spread: Margarine (Palm Oil, Soybean Oil, Water, Salt, Sunflower Lecithin, Vegetable Monoglycerides, Natural Flavors, Vitamin A Palmitate, Beta-Carotene [Color], Vitamin D2), Soybean Oil, Dried Garlic, Parmesan Cheese (Milk, Salt, Bacterial Culture, Microbial Enzymes), Contains 2% Or Less Of: Water, Salt, Natural Flavor, Citric Acid (Preservative), Dried Parsley, Potassium Sorbate (Preservative). Contains: Milk, Wheat.).",1,garlic knot,49.0,1.7,0.6,,0.0,7.0,0.0,0.0,15.0,83.0,0.0,1.0,0.4,4.0,,,,,,,https://nd.api.nutrislice.com/menu/api/weeks/school/58415/menu-type/28583/2026/10/7
2026-10-05,1756378,Cheese Pizza,"20z Pizza Dough Ball (Enriched Flour Bleached (Wheat our, Malted Barley Flour, Niacin, Reduced Iron, Thiamine Mononitrate, Riboavin, Folic Acid), Water, Sugar, Salt, Soybean Oil with Mono & Di-glycerides, Wheat Gluten, Yeast, Enzymes, Ascorbic Acid, L-cysteine.), Fresh Shredded Mozzarella Cheese (Cultured Pasteurized Milk, Salt, Enzymes.), Whole Peeled Plum Tomato (San Marzano D.O.P. Plum Peeled Tomatoes, San Marzano D.O.P. Tomato Puree.), Water (Filtered Tap Water.), Tomato Paste (Tomatoes and Citric Acid.), Allergen Free Pan Coating Spray (Canola Oil, Canola Lecithin, Mono- and Diglycerides, Natural Flavor, and Propellant.), Grated Parmesan Cheese (Cultured Milk, Salt, Enzymes, Cellulose to prevent caking, Natamycin to protect flavor. Contains: Milk), Oil Blend Canola & EVOO 75/25 (Canola Oil & Extra Virgin Olive Oil.), Coarse Kosher Salt (Salt), Granulated Garlic (Dried Garlic.), Ground Black Pepper (Ground Black Pepper.), Ground Basil Leaf (Basil.), Oregano Ground (Oregano.), Parsley Flakes (Parsley.).",1,pizza,2473.0,112.0,48.0,,199.0,274.0,0.0,33.0,748.0,6690.0,25.0,116.0,18.2,1623.0,,,,,,,https://nd.api.nutrislice.com/menu/api/weeks/school/58415/menu-type/28583/2026/10/7
2026-10-05,1758037,Chicken Alfredo,"20z Pizza Dough Ball (Enriched Flour Bleached (Wheat our, Malted Barley Flour, Niacin, Reduced Iron, Thiamine Mononitrate, Riboavin, Folic Acid), Water, Sugar, Salt, Soybean Oil with Mono & Di-glycerides, Wheat Gluten, Yeast, Enzymes, Ascorbic Acid, L-cysteine.), Double Grilled Chicken Breast Chunks (Boneless Skinless Chicken Breast Chunks With Rib Meat, Water, Contains 2% Or Less Of The Following: Citric Acid, Dehydrated Parsley, Dehydrated Red Bell Pepper, Dextrose, Garlic Powder, Grill Flavor (From Sunflower Oil), Lemon Juice Solids, Maltodextrin, Modified Food Starch, Natural Flavors, Onion Powder, Salt, Sodium Phosphates, Spices, Sugar, Vinegar Solids, Xanthan Gum, Yeast Extract.), Alfredo (Water, Whipping Cream, Grated Parmesan And Romano Cheese Blend (Pasteurized Part-Skim Cow's Milk, Cheese Cultures, Salt, Enzymes), Butter (Cream, Salt), Enriched Flour (Bleached Wheat Flour, Niacin, Iron, Thiamin Mononitrate, Riboflavin, Folic Acid), Contains Less Than 2% Of Corn Starch, Salt, Spices. Common Allergens Present: Milk, Wheat.), Fresh Shredded Mozzarella Cheese (Cultured Pasteurized Milk, Salt, Enzymes.), Grated Parmesan Cheese (Cultured Milk, Salt, Enzymes, Cellulose to prevent caking, Natamycin to protect flavor. Contains: Milk), Italian Seasoning No MSG (Oregano, Marjoram, Thyme, Basil, Rosemary, Sage.), Allergen Free Pan Coating Spray (Canola Oil, Canola Lecithin, Mono- and Diglycerides, Natural Flavor, and Propellant.).",0.08,serving,228.0,10.0,6.0,,38.0,22.0,0.0,2.0,89.0,522.0,2.0,14.0,1.4,170.0,,,,,,,https://nd.api.nutrislice.com/menu/api/weeks/school/58415/menu-type/28583/2026/10/7
2026-10-05,1756857,Sausage Pizza,"20z Pizza Dough Ball (Enriched Flour Bleached (Wheat our, Malted Barley Flour, Niacin, Reduced Iron, Thiamine Mononitrate, Riboavin, Folic Acid), Water, Sugar, Salt, Soybean Oil with Mono & Di-glycerides, Wheat Gluten, Yeast, Enzymes, Ascorbic Acid, L-cysteine.), Italian Sausage (Pork, Spices, Water, Salt, Corn Syrup Solids, Garlic, Paprika, Natural Flavor (Autolyzed Yeast Extract, Lactic Acid, Spice Extractive), Sugar, Disodium Inosinate and Disodium Guanylate, Soy Lecithin used as Processing Aid.), Fresh Shredded Mozzarella Cheese (Cultured Pasteurized Milk, Salt, Enzymes.), Whole Peeled Plum Tomato (San Marzano D.O.P. Plum Peeled Tomatoes, San Marzano D.O.P. Tomato Puree.), Water (Filtered Tap Water.), Tomato Paste (Tomatoes and Citric Acid.), Allergen Free Pan Coating Spray (Canola Oil, Canola Lecithin, Mono- and Diglycerides, Natural Flavor, and Propellant.), Grated Parmesan Cheese (Cultured Milk, Salt, Enzymes, Cellulose to prevent caking, Natamycin to protect flavor. Contains: Milk), Oil Blend Canola & EVOO 75/25 (Canola Oil & Extra Virgin Olive Oil.), Coarse Kosher Salt (Salt), Granulated Garlic (Dried Garlic.), Ground Black Pepper (Ground Black Pepper.), Ground Basil Leaf (Basil.), Oregano Ground (Oregano.), Parsley Flakes (Parsley.).",0.12,cut slice,410.0,24.0,7.0,,45.0,35.0,0.0,4.0,90.0,1274.0,4.0,19.0,2.6,219.0,,,,,,,https://nd.api.nutrislice.com/menu/api/weeks/school/58415/menu-type/28583/2026/10/7
2026-10-05,2327001,Chocolate Chunk Cookie,"Hope's Chocolate Chunk Cookie Dough (Chocolate Chunks (Sugar, Unsweetened Chocolate, Cocoa Butter, Anhydrous Dextrose, Unsweetened Chocolate [Processed With Alkali], Soya Lecithin, Vanillin, Vanilla Extract.[May Contain Milk]), Enriched Wheat Flour (Bleached And Unbleached Wheat Flour, Niacin, Reduced Iron, Thiamine Mononitrate, Riboflavin, And Folic Acid), Butter, Brown Sugar, Sugar, Eggs (Pasteurized), Water, Invert Sugar, Modified Food Starch, Salt, Vanilla, Baking Soda, Soy Lecithin, Guar Gum. Contains A Bioengineered Food Ingredient. Contains Egg, Milk, Soy, Wheat. (May Contain Trace Amounts Of Tree Nuts And Peanuts).).",1,cookie,178.0,8.0,4.9,,20.0,28.0,11.0,18.0,64.0,134.0,0.0,2.0,1.0,10.0,,,,,,,https://nd.api.nutrislice.com/menu/api/weeks/school/58415/menu-type/28583/2026/10/7
2026-10-05,2327005,White Chocolate Cranberry Cookie,"Hope's White Choc Cranberry Cookie Dough (Enriched Wheat Flour (Bleached And Unbleached Wheat Flour, Niacin, Reduced Iron, Thiamine Mononitrate, Riboflavin, And Folic Acid), White Confectionery Chunks (Sugar, Palm Kernel Oil, Nonfat Milk Powder, Whey Powder, Palm Oil, Soy Lecithin, Vanilla), Butter, Brown Sugar, Sugar, Sweet Dried Cranberries (Cranberries, Sugar, Sunflower Oil), Eggs (Pasteurized), Water, Invert Sugar, Modified Food Starch, Whey Protein, Salt, Vanilla, Soy Lecithin, Baking Soda, Natural Flavor, Guar Gum. Contains A Bioengineered Food Ingredient. Contains Egg, Milk, Soy, Wheat. (May Contain Trace Amounts Of Peanuts And Tree Nuts.)).",1,cookie,178.0,7.0,4.5,,20.0,27.0,11.0,18.0,31.0,148.0,0.0,1.0,1.0,15.0,,,,,,,https://nd.api.nutrislice.com/menu/api/weeks/school/58415/menu-type/28583/2026/10/7
2026-10-05,1756583,Naan,"Enriched Wheat Flour (Wheat Flour, Ascorbic Acid as Dough Conditioner, Niacin, Reduced Iron, Thiamine Mononitrate, Riboflavin, Enzymes, Folic Acid), Buttermilk (Skim Milk, Dry Buttermilk, Bacterial Culture), Water, Canola and/or Soybean Oil, Eggs, Sugar, Baking Powder (Sodium Acid Pyrophosphate, Sodium Bicarbonate, Corn Starch, Monocalcium Phosphate), Sea Salt, Dextrose, Ghee (Clarified Butter), Dextrin, Vinegar, Carrot Fiber, Yeast..",1,naan,376.0,9.0,2.0,,20.0,59.0,2.0,6.0,137.0,931.0,2.0,12.0,4.0,131.0,,,,,,,https://nd.api.nutrislice.com/menu/api/weeks/school/58415/menu-type/28583/2026/10/7
2026-10-05,1796656,Steamed Brown Rice,"Long Grain Brown Rice (Long Grain Brown Rice), Water (Filtered Tap Water.).",4,z,424.0,3.7,0.0,,0.0,85.0,0.0,0.0,282.0,0.0,5.0,7.0,2.5,10.0,,,,,,,https://nd.api.nutrislice.com/menu/api/weeks/school/58415/menu-type/28583/2026/10/7
2026-10-05,1763069,Steamed Basmati Rice,"Basamati Rice (White Basmati Rice.), Water (Filtered Tap Water.).",4,z,180.0,0.0,0.0,,0.0,40.0,0.0,0.0,58.0,0.0,0.0,3.0,0.4,0.0,,,,,,,https://nd.api.nutrislice.com/menu/api/weeks/school/58415/menu-type/28583/2026/10/7
2026-10-05,2023377,Butter Chicken,"Chix Thg Jumbo B/S Raw CVP Fs Halal (Boneless Skinless Jumbo Chicken Thigh Fillets.), Onion (Fresh Yellow Onions.), Water (Filtered Tap Water.), Fresh Heavy Whipping Cream 0.5gal (Cream, Carrageenan. Contains: Milk.), Tomato Paste (Tomatoes and Citric Acid.), Plain Greek Yogurt (Cultured Grade A Non Fat Milk Contains Active Yogurt Cultures: S. Thermophilus & L. Bulgaricus. Common Allergens Present: Milk.), Unsalted Butter (Cream, SaltContains Milk), Peeled Garlic (Garlic.), Ginger Root (Fresh Ginger Root), Coarse Kosher Salt (Salt), Granulated Sugar (Granulated Beet Sugar), Cilantro (Fresh Cilantro.), Serrano Chili Peppers (Serrano Peppers.), Garam Masala Spice (Spices (including Cumin, Coriander, Cinnamon, Cardamom), Turmeric, Canola Oil.), Ground Coriander (Coriander.), Ground Cumin (Cumin Seed.), Ground Turmeric (Turmeric.), Ground Black Pepper (Ground Black Pepper.).",6,oz portion,175.0,9.0,5.0,,88.0,9.0,0.0,4.0,348.0,539.0,1.0,14.0,0.9,36.0,,,,,,,https://nd.api.nutrislice.com/menu/api/weeks/school/58415/menu-type/28583/2026/10/7
2026-10-05,2349932,Shaved Ribeye,Beef..,1,lbs,745.0,32.0,8.0,,194.0,0.0,0.0,0.0,1174.0,292.0,0.0,97.0,10.2,0.0,,,,,,,https://nd.api.nutrislice.com/menu/api/weeks/school/58415/menu-type/28583/2026/10/7
2026-10-05,2349933,Charred-Aromatic Pho Broth,"Water (Filtered Tap Water.), Ginger Root (Fresh Ginger Root), Beef Pho Liquid Concentrated Broth Base (Beef Stock, Maltodextrin, Sugar, Salt, Natural Flavor, Yeast Extract, and Xanthan Gum.), Peeled Garlic (Garlic.), Batavia Cinnamon Stick (Cinnamon.), Star Anise (Star Anise), Whole Clove (Clove.).",1,gallons,108.0,0.0,0.0,,0.0,22.0,0.0,2.0,220.0,805.0,5.0,2.0,1.8,159.0,,,,,,,https://nd.api.nutrislice.com/menu/api/weeks/school/58415/menu-type/28583/2026/10/7
2026-10-05,2016300,Cilantro,Cilantro (Fresh Cilantro.).,1,oz,0.0,0.0,0.0,,0.0,0.0,0.0,0.0,142.0,0.0,0.0,0.0,0.0,21.0,,,,,,,https://nd.api.nutrislice.com/menu/api/weeks/school/58415/menu-type/28583/2026/10/7
2026-10-05,2349935,Fresh Mint,Fresh Mint Leaf (Mint.).,1,oz,0.0,0.0,0.0,,0.0,0.0,0.0,0.0,94.0,0.0,0.0,0.0,0.0,38.0,,,,,,,https://nd.api.nutrislice.com/menu/api/weeks/school/58415/menu-type/28583/2026/10/7
2026-10-05,1889798,Shiitake Mushroom,Fresh Shiitake Mushrooms..,1,lbs,252.0,0.0,0.0,,0.0,63.0,0.0,19.0,536.0,0.0,6.0,6.0,2.1,14.0,,,,,,,https://nd.api.nutrislice.com/menu/api/weeks/school/58415/menu-type/28583/2026/10/7
2026-10-05,2349934,Banh Pho Rice Noodles,"Rice, Potato Starch, Water, Soybean Oil, Sodium Benzoate As Preservative..",1,lbs,1134.0,7.0,0.0,,0.0,240.0,0.0,0.0,27.0,159.0,9.0,27.0,0.0,0.0,,,,,,,https://nd.api.nutrislice.com/menu/api/weeks/school/58415/menu-type/28583/2026/10/7
2026-10-05,2349936,Serrano Chili Peppers,Serrano Peppers..,1,pepper,3.0,0.0,0.0,,0.0,1.0,0.0,0.0,30.0,1.0,0.0,0.0,0.1,1.0,,,,,,,https://nd.api.nutrislice.com/menu/api/weeks/school/58415/menu-type/28583/2026/10/7
2026-10-05,1909453,Sweet Chili Sauce,"Sugar, Water, Pickled Red Chili, Distilled Vinegar, Garlic, Salt, Xanthan Gum as a stabilizer..",1,oz,76.0,0.0,0.0,,0.0,19.0,0.0,18.0,0.0,501.0,0.0,0.0,0.0,0.0,,,,,,,https://nd.api.nutrislice.com/menu/api/weeks/school/58415/menu-type/28583/2026/10/7
2026-10-05,1889801,Hoisin Sauce,"Sugar, Water, Fermentred Soybean (Water, Soybean, Salt, Wheat Flour), Salt, Modified Tapioca Starch, Garlic, Sesame Paste, Lemon, Cane Vinegar, Spices (Star Anise, Cinnamon, Fennel, Szechuan Pepper, Clove), Caramel Color, Chili (Chili, Water, Salt), Xanthan Gum, Citric Acid. COMMON ALLERGENS PRESENT: Soy, Wheat..",1,fl oz,71.0,0.0,0.0,,0.0,19.0,13.0,13.0,0.0,598.0,0.0,0.0,0.0,0.0,,,,,,,https://nd.api.nutrislice.com/menu/api/weeks/school/58415/menu-type/28583/2026/10/7
2026-10-05,2084256,Green Onion,Green Onion (Fresh Green Onions.).,1,lbs,252.0,0.0,0.0,,0.0,50.0,0.0,25.0,0.0,252.0,25.0,0.0,0.0,0.0,,,,,,,https://nd.api.nutrislice.com/menu/api/weeks/school/58415/menu-type/28583/2026/10/7
2026-10-05,1889803,Shrimp,"Shrimp, Salt, Sodium Tripolyphosphate (to retain moisture). COMMON ALLERGENS PRESENT: Shrimp.",1,oz,18.0,0.1,0.0,,34.0,0.0,0.0,0.0,36.0,213.0,0.0,4.0,0.0,17.0,,,,,,,https://nd.api.nutrislice.com/menu/api/weeks/school/58415/menu-type/28583/2026/10/7
2026-10-05,2015588,Lime Wedges,Lime (Limes.).,1,wedge,2.0,0.0,0.0,,0.0,1.0,0.0,0.0,6.0,0.0,0.0,0.0,0.0,2.0,,,,,,,https://nd.api.nutrislice.com/menu/api/weeks/school/58415/menu-type/28583/2026/10/7
2026-10-05,2266050,Basil,Basil (Basil.).,1,lbs,0.0,0.0,0.0,,0.0,0.0,0.0,0.0,907.0,0.0,0.0,0.0,0.0,0.0,,,,,,,https://nd.api.nutrislice.com/menu/api/weeks/school/58415/menu-type/28583/2026/10/7
2026-10-05,1756394,Bean Sprouts,Fresh Bean Sprouts..,1,oz,9.0,0.1,0.0,,0.0,2.0,0.0,1.0,42.0,2.0,1.0,1.0,0.3,4.0,,,,,,,https://nd.api.nutrislice.com/menu/api/weeks/school/58415/menu-type/28583/2026/10/7
2026-10-05,1756408,Sriracha,"Chili, Sugar, Garlic, Salt, Water, Acetic Acid, Lactic Acid, Xanthan Gum, Citric Acid, Potassium Sorbate, Ascorbic Acid..",1,oz,0.0,0.0,0.0,,21.0,0.0,0.0,0.0,0.0,0.0,0.0,0.0,0.0,0.0,,,,,,,https://nd.api.nutrislice.com/menu/api/weeks/school/58415/menu-type/28583/2026/10/7
2026-10-05,2114662,Cucumber Slices,Cucumber (Cucumber.).,1,slice,2.0,0.0,0.0,,0.0,0.0,0.0,0.0,0.0,0.0,0.0,0.0,0.0,2.0,,,,,,,https://nd.api.nutrislice.com/menu/api/weeks/school/58415/menu-type/28583/2026/10/7
2026-10-05,1756303,Tomato,Tomato..,1,tomatoe,19.0,0.0,0.0,,0.0,4.0,0.0,3.0,269.0,6.0,1.0,1.0,0.3,11.0,,,,,,,https://nd.api.nutrislice.com/menu/api/weeks/school/58415/menu-type/28583/2026/10/7
2026-10-05,1755985,Wheat Bread,"Unbleached Enriched Flour (Wheat Flour, Malted Barley Flour, Niacin, Iron, Thiamin Mononitrate, Riboflavin, Folic Acid), Water, Wheat Bran, High Fructose Corn Syrup, Yeast, Whole Wheat Flour, Contains 2% or less of the following: Wheat Gluten, Soybean Oil, Salt, Calcium Propionate (Preservative), Potassium Sorbate (Preservative), Caramel Color, Wheat Starch, Enzymes, Ascorbic Acid. Contains Wheat. Manufactured in a plantthat handles Sesame..",1,slice,77.0,0.9,0.1,,0.0,15.0,1.0,1.0,51.0,154.0,1.0,3.0,0.9,26.0,,,,,,,https://nd.api.nutrislice.com/menu/api/weeks/school/58415/menu-type/28583/2026/10/7
2026-10-05,1756291,White Bread,"Unbleached Enriched Flour (Wheat Flour, Malted Barley Flour, Niacin, Iron, Thiamin Mononitrate, Riboflavin, Folic Acid), Water, Yeast, Sugar, Contains 2% or less of the following: Salt, Soybean Oil, Wheat Gluten, Calcium Propionate (Preservative), Potassium Sorbate (Preservative), Wheat Starch, Enzymes Ascorbic Acid..",1,slice,59.0,0.5,0.1,,0.0,12.0,1.0,1.0,27.0,135.0,1.0,2.0,0.8,22.0,,,,,,,https://nd.api.nutrislice.com/menu/api/weeks/school/58415/menu-type/28583/2026/10/7
2026-10-05,1756441,Dill Pickle,"Fresh Cucumbers, water, vinegar, salt, calcium chloride, sodium benzoate (preservative), spices, turmeric, polysorbate 80. COMMON ALLERGENS PRESENT: None..",1,slice,0.0,0.0,0.0,,0.0,0.0,0.0,0.0,0.0,49.0,0.0,0.0,0.0,0.0,,,,,,,https://nd.api.nutrislice.com/menu/api/weeks/school/58415/menu-type/28583/2026/10/7
2026-10-05,2135076,Tomatoes Sliced,Tomato (Tomato.).,1,lbs,76.0,0.0,0.0,,0.0,18.0,0.0,13.0,1077.0,25.0,5.0,5.0,1.2,45.0,,,,,,,https://nd.api.nutrislice.com/menu/api/weeks/school/58415/menu-type/28583/2026/10/7
2026-10-05,1756276,Pita Chips,"Enriched Wheat Flour [Wheat Flour, Malted Barley Niacin, Reduced Iron, Thiamine Mononitrate (B1), Riboflavin (B2), Folic Acid], Water, Soybean Oil and/or Canola Oil, Contains 2% or less of: Salt, Sugar, Dough Conditioner (Calcium Sulfate, Acacia Gum, Vegetable Mono- and Diglycerides, and Enzymes), Calcium Propionate and Potassium Sorbate (Preservatives). COMMON ALLERGENS PRESENT: Wheat..",1,oz,71.0,0.5,0.0,,0.0,13.0,0.0,0.0,1.0,56.0,0.0,2.0,3.3,46.0,,,,,,,https://nd.api.nutrislice.com/menu/api/weeks/school/58415/menu-type/28583/2026/10/7
2026-10-05,2135289,Garlic Roasted Hummus,"Garbanzo Beans (Prepared Chick Peas, Water, Salt, Calcium Chloride (Firming Agent), Disodium EDTA (Promotes Color Retention).), Tahini (Sesame Seed) Paste (Sesame Seed. Contains: Sesame Seed.), 100% Lemon Juice (Lemon Juice from Concentrate (Water, Concentrated Lemon Juice), Sodium Benzoate (Preservative) and Lemon Oil.), Oil Blend Canola & EVOO 75/25 (Canola Oil & Extra Virgin Olive Oil.), Roasted Garlic Base Concentrate (Roasted Garlic, Water, Sauteed Vegetable Puree Mix (Carrots, Onions, Celery), Dextrose, Salt, Dried Garlic, 2% Or Less Of Canola Oil, Dried Onions, Potassium Chloride, Celery Juice Concentrate.), Coarse Kosher Salt (Salt), Peeled Garlic (Garlic.), Fresh Italian Parsley (Italian Parsley.), Spanish Paprika (Paprika, Silicon Dioxide (To Prevent Caking).), Ground Cayenne Pepper (Cayenne Peppers.).",1,z,83.0,6.0,0.8,,0.0,4.0,0.0,1.0,26.0,187.0,1.0,2.0,1.0,6.0,,,,,,,https://nd.api.nutrislice.com/menu/api/weeks/school/58415/menu-type/28583/2026/10/7
2026-10-05,1892281,Sliced Red Onion,Red Onions..,1,oz,10.0,0.0,0.0,,0.0,3.0,0.0,1.0,39.0,0.0,0.0,0.0,0.0,7.0,,,,,,,https://nd.api.nutrislice.com/menu/api/weeks/school/58415/menu-type/28583/2026/10/7
2026-10-05,1892281,Sliced Red Onion,Red Onions..,1,z slice,10.0,0.0,0.0,,0.0,3.0,0.0,1.0,39.0,0.0,0.0,0.0,0.0,7.0,,,,,,,https://nd.api.nutrislice.com/menu/api/weeks/school/58415/menu-type/28583/2026/10/7
2026-10-05,1949357,Green Leaf Lettuce,Leaf Lettuce (Green Leaf Lettuce.).,1,leaf,3.0,0.0,0.0,,0.0,1.0,0.0,0.0,41.0,6.0,1.0,1.0,0.2,8.0,,,,,,,https://nd.api.nutrislice.com/menu/api/weeks/school/58415/menu-type/28583/2026/10/7
2026-10-05,1756500,Tuna,"Light tuna, water, vegetable broth, salt.",0.25,cups,34.0,0.2,0.0,,17.0,0.0,0.0,0.0,103.0,146.0,0.0,8.0,0.3,0.0,,,,,,,https://nd.api.nutrislice.com/menu/api/weeks/school/58415/menu-type/28583/2026/10/7
2026-10-05,1756341,Quinoa & Lentil Salad,"Cooked Quinoa (Water, Quinoa), Lentils (Water, Lentils), Water, Cooked Split Peas, Expeller Pressed Canola Oil, Lemon Juice, Spices, Sugar, Contains Less Than 2% Of Extra Virgin Olive Oil With Lemon Oil, Salt..",3,z,196.0,9.0,0.9,,0.0,21.0,3.0,3.0,247.0,680.0,4.0,6.0,2.1,17.0,,,,,,,https://nd.api.nutrislice.com/menu/api/weeks/school/58415/menu-type/28583/2026/10/7
2026-10-05,2191948,Sweetened Applesauce,"Apples, High Fructose Corn Syrup, Corn Syrup and Water. Ascorbic Acid to maintain color..",1,#10 can,2187.0,0.0,0.0,,0.0,535.0,0.0,437.0,0.0,243.0,49.0,0.0,0.0,0.0,,,,,,,https://nd.api.nutrislice.com/menu/api/weeks/school/58415/menu-type/28583/2026/10/7
2026-10-05,1756284,Avocado,Avocado..,2,z,94.0,9.0,1.0,,0.0,5.0,0.0,0.0,286.0,5.0,4.0,1.0,0.5,7.0,,,,,,,https://nd.api.nutrislice.com/menu/api/weeks/school/58415/menu-type/28583/2026/10/7
2026-10-05,1758049,Garbanzo Beans,"Prepared Chick Peas, Water, Salt, Calcium Chloride (Firming Agent), Disodium EDTA (Promotes Color Retention)..",1,oz,28.0,0.4,0.0,,0.0,5.0,0.0,1.0,52.0,31.0,1.0,2.0,0.3,7.0,,,,,,,https://nd.api.nutrislice.com/menu/api/weeks/school/58415/menu-type/28583/2026/10/7
2026-10-05,1756120,Black Beans,"Low Sodium Black Bean (Prepared Black Beans, Water, Salt, Calcium Chloride (Firming Agent).).",1,oz,24.0,0.0,0.0,,0.0,4.0,0.0,0.0,105.0,28.0,1.0,2.0,0.4,17.0,,,,,,,https://nd.api.nutrislice.com/menu/api/weeks/school/58415/menu-type/28583/2026/10/7
2026-10-05,1920550,Broccoli Florets,Fresh Broccoli..,4,z,36.0,0.4,0.0,,0.0,8.0,0.0,1.0,332.0,47.0,4.0,3.0,0.8,45.0,,,,,,,https://nd.api.nutrislice.com/menu/api/weeks/school/58415/menu-type/28583/2026/10/7
2026-10-05,1756464,Shredded Carrot,Carrots..,1,Tbsp,2.0,0.0,0.0,,0.0,1.0,0.0,0.0,17.0,4.0,0.0,0.0,0.0,2.0,,,,,,,https://nd.api.nutrislice.com/menu/api/weeks/school/58415/menu-type/28583/2026/10/7
2026-10-05,1756255,Baby Carrots,Carrots..,3,carrot,9.0,0.0,0.0,,0.0,2.0,0.0,1.0,67.0,16.0,1.0,0.0,0.1,9.0,,,,,,,https://nd.api.nutrislice.com/menu/api/weeks/school/58415/menu-type/28583/2026/10/7
2026-10-05,1756268,Celery Sticks,celery.,1,oz,4.0,0.1,0.0,,0.0,1.0,0.0,0.0,74.0,23.0,1.0,0.0,0.1,11.0,,,,,,,https://nd.api.nutrislice.com/menu/api/weeks/school/58415/menu-type/28583/2026/10/7
2026-10-05,1756363,Mild Cheddar,"Cheddar Cheese (Cultured Pasteurized Milk, Salt, Enzymes, Color Added, Anti-cake (Potato Starch, Powdered Cellulose). Common Allergens Present: Milk..",1,oz,111.0,9.0,5.0,,30.0,1.0,0.0,0.0,20.0,192.0,0.0,6.0,0.0,204.0,,,,,,,https://nd.api.nutrislice.com/menu/api/weeks/school/58415/menu-type/28583/2026/10/7
2026-10-05,1758025,Feta Cheese,"Feta Cheese (Pasteurized Part-Skim Milk, Salt, Cheese Culture, Enzymes), Powdered Cellulose (To Prevent Caking), Natamycin (Natural Mold Inhibitor). COMMON ALLERGENS PRESENT: Milk..",1,oz,71.0,6.0,3.5,,25.0,1.0,0.0,0.0,17.0,324.0,0.0,4.0,0.0,140.0,,,,,,,https://nd.api.nutrislice.com/menu/api/weeks/school/58415/menu-type/28583/2026/10/7
2026-10-05,1755996,Plant Based Mozzarella,"Filtered Water, Coconut Oil, Food Starch-Modified (Potato & Corn), Corn Starch, Salt (Sea Salt), Mozzarella Flavor (Vegan Sources), Olive Extract, Beta Carotene (Color), Vitamin B12, Powdered Cellulose Added to Prevent Caking..",1,oz,90.0,7.0,7.0,,0.0,6.0,0.0,0.0,0.0,510.0,0.0,0.0,0.0,0.0,,,,,,,https://nd.api.nutrislice.com/menu/api/weeks/school/58415/menu-type/28583/2026/10/7
2026-10-05,1756114,Croutons,"Enriched Flour (Wheat Flour, Malted Barley Flour, Niacin, Reduced Iron, Thiamin Mononitrate, Riboflavin, Folic Acid), Canola And/Or Sunflower Oil (With Rosemary Extract And Ascorbic Acid [To Preserve Freshness]), Whey, Yeast, Sugar, 2% Or Less Of Salt, Corn Syrup Solids, Onion Powder, Dehydrated Parsley, Garlic Powder, Autolyzed Yeast Extract, Enzymes. Common Allergens Present: Wheat, Milk. May Contain: Tree Nuts..",1,oz,121.0,4.1,0.0,,0.0,20.0,0.0,0.0,53.0,304.0,0.0,4.0,0.0,16.0,,,,,,,https://nd.api.nutrislice.com/menu/api/weeks/school/58415/menu-type/28583/2026/10/7
2026-10-05,1756322,Mushroom,Fresh White Mushrooms..,1,Tbsp,2.0,0.0,0.0,,0.0,0.0,0.0,0.0,37.0,1.0,0.0,0.0,0.0,0.5,,,,,,,https://nd.api.nutrislice.com/menu/api/weeks/school/58415/menu-type/28583/2026/10/7
2026-10-05,1795968,Tri Color Peppers,"Large Green Bell Peppers (Green Bell Peppers.), Red Bell Peppers (Red Bell Pepper.), Fresh Yellow Peppers (Yellow Bell Pepper.).",1,serving,11.0,0.0,0.0,,0.0,2.0,0.0,1.0,87.0,0.0,1.0,0.0,0.2,4.0,,,,,,,https://nd.api.nutrislice.com/menu/api/weeks/school/58415/menu-type/28583/2026/10/7
2026-10-05,1756486,Iceberg Lettuce,Fresh Iceberg Salad Mix..,1,cups,6.0,0.0,0.0,,0.0,2.0,0.0,1.0,0.0,0.0,0.0,0.0,0.1,8.0,,,,,,,https://nd.api.nutrislice.com/menu/api/weeks/school/58415/menu-type/28583/2026/10/7
2026-10-05,1756135,Spring Mix,"50% Baby Green Leaf, 30% Baby Red Leaf & 20% Baby Arugula..",1,oz,5.0,0.1,0.0,,0.0,1.0,0.0,0.0,82.0,8.0,1.0,0.0,0.3,14.0,,,,,,,https://nd.api.nutrislice.com/menu/api/weeks/school/58415/menu-type/28583/2026/10/7
2026-10-05,1756299,Spinach,Spinach..,1,oz,5.0,0.0,0.0,,0.0,1.0,0.0,0.0,150.0,23.0,1.0,1.0,0.9,26.3,,,,,,,https://nd.api.nutrislice.com/menu/api/weeks/school/58415/menu-type/28583/2026/10/7
2026-10-05,2076893,Chopped Hard Cooked Eggs,Large Fresh Egg (Shelled Eggs. COMMON ALLERGENS PRESENT: Eggs.).,0.5,z,20.0,1.6,0.4,,53.0,0.0,0.0,0.0,20.0,20.0,0.0,2.0,0.3,9.0,,,,,,,https://nd.api.nutrislice.com/menu/api/weeks/school/58415/menu-type/28583/2026/10/7
2026-10-05,2135288,Light Red Kidney Bean,"Light Red Kidney Beans, Water, Sugar, Salt, Calcium Chloride..",1,oz,26.0,0.0,0.0,,0.0,5.0,0.0,0.0,110.0,31.0,2.0,2.0,0.7,12.0,,,,,,,https://nd.api.nutrislice.com/menu/api/weeks/school/58415/menu-type/28583/2026/10/7
2026-10-05,1756496,Red Grape Tomato,Red Grape Tomatoes..,1,oz,8.0,0.2,0.0,,0.0,2.0,0.0,0.0,74.0,2.0,1.0,0.0,0.1,3.0,,,,,,,https://nd.api.nutrislice.com/menu/api/weeks/school/58415/menu-type/28583/2026/10/7
2026-10-05,1778846,Dried Sweetened Cranberry,"Cranberries, Sugar. Refined Sunflower Oil is used as a processing aid..",1,oz,92.0,0.0,0.0,,0.0,23.0,18.0,21.0,0.0,0.0,2.0,0.0,0.0,0.0,,,,,,,https://nd.api.nutrislice.com/menu/api/weeks/school/58415/menu-type/28583/2026/10/7
2026-10-05,2109927,Balsamic Fig Roasted Brussels Sprouts,"Brussels Sprout (Fresh Brussels Sprouts.), Balsamic Fig Dressing (Balsamic Vinegar (Wine Vinegar, Concentrated Grape Must, Caramel Color), Sugar, Fructose, Corn Syrup, Fig Base (Fig, Water, Citric Acid), Water, Raisin Paste, Modified Corn Starch, Contains Less Than 2% Of Salt, Xanthan Gum, Sulfiting Agents.), Extra Virgin Olive Oil (Extra Virgin Olive Oil.), Coarse Kosher Salt (Salt), Pepper Blk Ground Spiceology (Black Ground Pepper).",4,z,90.0,2.7,0.4,,0.0,15.0,3.0,7.0,401.0,370.0,3.0,3.0,1.4,44.0,,,,,,,https://nd.api.nutrislice.com/menu/api/weeks/school/58415/menu-type/28583/2026/10/7
2026-10-05,1755964,Captain Crunch Wildberries,"CORN FLOUR, SUGAR, OAT FLOUR, BROWN SUGAR, PALM AND/OR COCONUT OIL, SALT, SODIUM CITRATE, NATURAL AND ARTIFICIAL FLAVOR, STRAWBERRY JUICE CONCENTRATE, RED 40, REDUCED IRON, YELLOW 5, NIACINAMIDE*, MALIC ACID,ZINC OXIDE, BLUE 1, YELLOW 6, THIAMINE MONONITRATE*, RIBOFLAVIN*, BHT (A PRESERVATIVE), PYRIDOXINE HYDROCHLORIDE*, FOLIC ACID*. *ONE OF THE B VITAMINS. COMMON ALLERGENS PRESENT: None..",1,cups,177.0,2.7,0.9,,0.0,39.0,0.0,19.0,88.0,336.0,2.0,2.0,8.0,0.0,,,,,,,https://nd.api.nutrislice.com/menu/api/weeks/school/58415/menu-type/28583/2026/10/7
2026-10-05,1755968,Cheerios,"Whole Grain Oats, Corn Starch, Sugar, Salt, Tripotassium Phosphate. Vitamin E (Mixed Tocopherols) Added To Preserve Freshness. Vitamins And Minerals: Calcium Carbonate, Iron And Zinc (Mineral Nutrients), Vitamin C (Sodium Ascorbate), A B Vitamin (Niacinamide), Vitamin B6 (Pyridoxine Hydrochloride), Vitamin A (Palmitate), Vitamin B1 (Thiamin Mononitrate), A B Vitamin (Folic Acid), Vitamin B12, Vitamin D3..",1,cups,110.0,2.1,0.3,,0.0,22.0,1.0,2.0,196.0,149.0,3.0,4.0,9.6,100.0,,,,,,,https://nd.api.nutrislice.com/menu/api/weeks/school/58415/menu-type/28583/2026/10/7
2026-10-05,1755969,Honey Cheerios,"Whole Grain Oats, Sugar, Corn Starch, Honey, Brown Sugar Syrup, Salt, Tripotassium Phosphate, Canola And/Or Sunflower Oil, Natural Flavor. Vitamin E (Mixed Tocopherols) Added To Preserve Freshness. Vitamins And Minerals: Calcium Carbonate, Vitamin C (Sodium Ascorbate), Iron And Zinc (Mineral Nutrients), A B Vitamin (Niacinamide), Vitamin B6 (Pyridoxine Hydrochloride), Vitamin B1 (Thiamin Mononitrate), Vitamin A (Palmitate), Vitamin B2 (Riboflavin), A B Vitamin (Folic Acid), Vitamin B12, Vitamin D3..",0.25,cups,160.0,2.5,0.4,,0.0,33.0,9.0,9.0,196.0,253.0,4.0,4.0,4.2,150.0,,,,,,,https://nd.api.nutrislice.com/menu/api/weeks/school/58415/menu-type/28583/2026/10/7
2026-10-05,1755970,Rice Chex,"Whole Grain Rice, Rice, Sugar, Salt, Molasses. Vitamin E (Mixed Tocopherols) Added To Preserve Freshness. Vitamins And Minerals: Tricalcium Phosphate, Iron And Zinc (Mineral Nutrients), Vitamin C (Sodium Ascorbate), A B Vitamin (Niacinamide), Vitamin B2 (Riboflavin), Vitamin B6 (Pyridoxine Hydrochloride), Vitamin B1 (Thiamin Mononitrate), Vitamin A (Palmitate), A B Vitamin (Folic Acid), Vitamin B12, Vitamin D3..",1,cups,172.0,0.9,0.5,,0.0,40.0,3.0,4.0,92.0,356.0,2.0,3.0,16.6,149.0,,,,,,,https://nd.api.nutrislice.com/menu/api/weeks/school/58415/menu-type/28583/2026/10/7
2026-10-05,1755971,Cinnamon Toast Crunch,"Whole Grain Wheat, Sugar, Rice Flour, Canola And/Or Sunflower Oil, Fructose, Maltodextrin, Dextrose, Salt, Cinnamon, Trisodium Phosphate, Soy Lecithin, Caramel Color, Rosemary Extract. Bht Added To Preserve Freshness. Vitamins And Minerals: Calcium Carbonate, Vitamin C (Sodium Ascorbate), Iron And Zinc (Mineral Nutrients), A B Vitamin (Niacinamide), Vitamin B6 (Pyridoxine Hydrochloride), Vitamin B1 (Thiamin Mononitrate), Vitamin A (Palmitate), Vitamin B2 (Riboflavin), A B Vitamin (Folic Acid), Vitamin B12, Vitamin D3..",1,cups,207.0,4.9,0.0,,0.0,40.0,15.0,15.0,0.0,280.0,4.0,2.0,4.9,159.0,,,,,,,https://nd.api.nutrislice.com/menu/api/weeks/school/58415/menu-type/28583/2026/10/7
2026-10-05,1755972,Cocoa Puffs,"Whole Grain Corn, Sugar, Rice Flour, Corn Meal, Corn Syrup, Cocoa Processed With Alkali, Canola And/Or Sunflower Oil, Color (Caramel Color And Annatto Extract), Salt, Baking Soda, Natural Flavor, Rosemary Extract. Vitamins And Minerals: Tricalcium Phosphate, Calcium Carbonate, Vitamin C (Sodium Ascorbate), Iron And Zinc (Mineral Nutrients), A B Vitamin (Niacinamide), Vitamin B6 (Pyridoxine Hydrochloride), Vitamin B1 (Thiamin Mononitrate), Vitamin A (Palmitate), Vitamin B2 (Riboflavin), A B Vitamin (Folic Acid), Vitamin B12, Vitamin D3. May Contain: Wheat.",1,cups,177.0,2.3,0.5,,0.0,40.0,15.0,15.0,128.0,166.0,3.0,2.0,4.6,166.0,,,,,,,https://nd.api.nutrislice.com/menu/api/weeks/school/58415/menu-type/28583/2026/10/7
2026-10-05,1755974,Froot Loops,"Corn Flour Blend (Whole Grain Yellow Corn Flour, Degerminated Yellow Corn Flour), Sugar, Wheat Flour, Whole Grain Oat Flour, Modified Food Starch, Contains 2% Or Less Of Vegetable Oil (Hydrogenated Coconut, Soybean And/Or Cottonseed), Oat Fiber, Maltodextrin, Salt,Soluble Corn Fiber, Natural Flavor, Red 40, Yellow 5, Blue 1, Yellow 6, Bht For Freshness.Vitamins And Minerals: Vitamin C (Ascorbic Acid), Reduced Iron, Niacinamide, Vitamin B6 (Pyridoxine Hydrochloride), Vitamin B2 (Riboflavin), Vitamin B1 (Thiamin Hydrochloride), Folic Acid, Vitamin D3, Vitamin B12. Common Allergens Present: Wheat..",1,cups,205.0,1.5,1.0,,5.0,42.0,12.0,21.0,331.0,273.0,2.0,8.0,4.4,214.0,,,,,,,https://nd.api.nutrislice.com/menu/api/weeks/school/58415/menu-type/28583/2026/10/7
2026-10-05,1755973,Frosted Flakes,"Milled corn, sugar, malt flavor, contains 2% or less of salt.Vitamins and Minerals: Iron (ferric phosphate), niacinamide, vitamin B6 (pyridoxine hydrochloride), vitamin B2 (riboflavin), vitamin B1 (thiamin hydrochloride), folic acid, vitamin D3, vitamin B12. COMMON ALLERGENS PRESENT: None..",1,cups,318.0,0.0,0.0,,8.0,67.0,19.0,35.0,509.0,429.0,2.0,13.0,11.5,350.0,,,,,,,https://nd.api.nutrislice.com/menu/api/weeks/school/58415/menu-type/28583/2026/10/7
2026-10-05,1755975,Lucky Charms,"Whole Grain Oats, Sugar, Corn Starch, Modified Corn Starch, Corn Syrup, Dextrose. Contains 2% or less of: Salt, Gelatin, Trisodium Phosphate, Red 40, Yellow 5 & 6, Blue 1, Natural and Artificial Flavor. Vitamin E (mixed tocopherols) Added to Preserve Freshness. Vitamins and Minerals: Calcium Carbonate, Vitamin C (sodium ascorbate), Iron and Zinc (mineral nutrients), A B Vitamin (niacinamide), Vitamin B6 (pyridoxine hydrochloride), Vitamin B1 (thiamin mononitrate), Vitamin A (palmitate), Vitamin B2 (riboflavin), A B Vitamin (folic acid), Vitamin B12, Vitamin D3. COMMON ALLERGENS PRESENT: None..",1,cups,148.0,1.6,0.0,,0.0,32.0,13.0,13.0,0.0,243.0,2.0,3.0,3.8,137.0,,,,,,,https://nd.api.nutrislice.com/menu/api/weeks/school/58415/menu-type/28583/2026/10/7
2026-10-05,1755980,Raisin Bran,"WHOLE GRAIN WHEAT, RAISINS, WHEAT BRAN, SUGAR, BROWN SUGAR SYRUP. CONTAINS 2% OR LESS Of malt flavor, salt. COMMON ALLERGENS PRESENT: Wheat..",1,cups,245.0,1.3,0.0,,0.0,61.0,12.0,22.0,361.0,258.0,9.0,6.0,2.3,26.0,,,,,,,https://nd.api.nutrislice.com/menu/api/weeks/school/58415/menu-type/28583/2026/10/7
2026-10-05,1755981,Special K with Red Berries,"Whole grain wheat, rice, sugar, freeze-dried strawberries, wheat bran, contains 2% or less of brown sugar syrup, salt, malt flavor.Vitaminsand Minerals: Vitamin C (ascorbic acid), reduced iron, vitamin E acetate, niacinamide, beta-carotene, vitamin B6 (pyridoxine hydrochloride),vitamin B1 (thiamin hydrochloride), vitamin B2 (riboflavin), folic acid, vitamin D3, vitamin B12. COMMON ALLERGENS PRESENT: Wheat..",1,cups,361.0,0.9,0.0,,9.0,78.0,18.0,38.0,650.0,578.0,5.0,16.0,19.5,415.0,,,,,,,https://nd.api.nutrislice.com/menu/api/weeks/school/58415/menu-type/28583/2026/10/7
2026-10-05,1755976,Trix,"Whole Grain Corn, Sugar, Rice Flour, Corn Syrup, Canola and/or Sunflower Oil, Salt, Trisodium Phosphate, Natural and Artificial Flavor, Red 40, Yellow 6, Blue 1 and Other Color Added, Citric Acid, Malic Acid. Vitamins and Minerals: Calcium Carbonate, Tricalcium Phosphate, Vitamin C (sodium ascorbate), Iron and Zinc (mineral nutrients), A B Vitamin (niacinamide), Vitamin B6 (pyridoxine hydrochloride), Vitamin B2 (riboflavin), Vitamin B1 (thiamin mononitrate), Vitamin A (palmitate), A B Vitamin (folic acid), Vitamin B12, Vitamin D3. COMMON ALLERGENS PRESENT: None..",1,cups,156.0,2.0,0.0,,0.0,32.0,12.0,12.0,0.0,175.0,1.0,2.0,3.5,127.0,,,,,,,https://nd.api.nutrislice.com/menu/api/weeks/school/58415/menu-type/28583/2026/10/7
2026-10-05,2265924,Brewed Coffee,"Water (Filtered Tap Water.), Coffee Chokoleti (100% Arabica).",6,z,0.0,0.0,0.0,,0.0,0.0,0.0,0.0,0.0,7.0,0.0,0.0,0.0,5.0,,,,,,,https://nd.api.nutrislice.com/menu/api/weeks/school/58415/menu-type/28583/2026/10/7
2026-10-05,1756033,Coffeemate Hazelnut Creamer,"WATER, SUGAR, COCONUT OIL, SODIUM CASEINATE (A MILK DERIVATIVE), DIPOTASSIUM PHOSPHATE, DATEM, ARTIFICIAL FLAVOR, MONO- AND DIGLYCERIDES, BETACAROTENE COLOR, RIBOFLAVIN COLOR. COMMON ALLERGENS PRESENT: Milk..",1,fl oz,11.0,0.5,0.0,,0.0,2.0,2.0,2.0,0.0,2.0,0.0,0.0,0.0,0.0,,,,,,,https://nd.api.nutrislice.com/menu/api/weeks/school/58415/menu-type/28583/2026/10/7
2026-10-05,1756038,Coffeemate Original Creamer,"WATER, COCONUT OIL, SUGAR, SODIUM CASEINATE (A MILK DERIVATIVE), DIPOTASSIUM PHOSPHATE, DATEM, MONO- AND DIGLYCERIDES, ARTIFICIAL FLAVOR, BETA-CAROTENE COLOR. COMMON ALLERGENS PRESENT: Milk..",1,fl oz,30.0,3.0,3.0,,0.0,0.0,0.0,0.0,0.0,0.0,0.0,0.0,0.0,0.0,,,,,,,https://nd.api.nutrislice.com/menu/api/weeks/school/58415/menu-type/28583/2026/10/7
2026-10-05,1778110,French Vanilla Coffee Creamer,Removed: FRENCH VANILLA NON-DAIRY CREAMER POWDER COFFEE-MATE.,1,fl oz,162.0,2.5,0.0,,0.0,9.0,0.0,7.0,0.0,15.0,0.0,0.0,0.0,0.0,,,,,,,https://nd.api.nutrislice.com/menu/api/weeks/school/58415/menu-type/28583/2026/10/7
2026-10-05,1756336,Honey,Honey. COMMON ALLERGENS PRESENT: None.,1,pkt,25.0,0.0,0.0,,0.0,7.0,0.0,7.0,5.0,0.0,0.0,0.0,0.0,0.0,,,,,,,https://nd.api.nutrislice.com/menu/api/weeks/school/58415/menu-type/28583/2026/10/7
2026-10-05,1756210,ecoStick Blue Sugar Substitute,"DEXTROSE, ASPARTAME.PHENYLKETONURICS: CONTAINS PHENYLALANINE.COMMON ALLERGENS PRESENT: None.",1,stick,0.0,0.0,0.0,,0.0,0.0,0.0,0.0,0.0,0.0,0.0,0.0,0.0,0.0,,,,,,,https://nd.api.nutrislice.com/menu/api/weeks/school/58415/menu-type/28583/2026/10/7
2026-10-05,1756219,ecoStick Pink Sugar Substitute,"DEXTROSE, SACCHARIN, CREAM OF TARTAR, CALCIUM SILICATE (AN ANTI-CAKING AGENT). COMMON ALLERGENS PRESENT: None..",1,stick,0.0,0.0,0.0,,0.0,1.0,1.0,1.0,1.0,0.0,0.0,0.0,0.0,0.0,,,,,,,https://nd.api.nutrislice.com/menu/api/weeks/school/58415/menu-type/28583/2026/10/7
2026-10-05,1756225,ecoStick Yellow Sugar Substitute,"Dextrose, Sucralose. COMMON ALLERGENS PRESENT: None..",1,stick,0.0,0.0,0.0,,0.0,1.0,0.0,1.0,0.0,0.0,0.0,0.0,0.0,0.0,,,,,,,https://nd.api.nutrislice.com/menu/api/weeks/school/58415/menu-type/28583/2026/10/7
2026-10-05,1756231,Cafe Delight Cane Sugar Pc,ORGANIC CANE SUGAR. COMMON ALLERGENS PRESENT: None..,1,stick,10.0,0.0,0.0,,0.0,3.0,3.0,3.0,0.0,0.0,0.0,0.0,0.0,0.0,,,,,,,https://nd.api.nutrislice.com/menu/api/weeks/school/58415/menu-type/28583/2026/10/7
2026-10-05,1755966,Black Tea Bag,Decaffeinated Orange Pekoe And Pekoe Cut Black Tea..,1,tea bag,0.0,0.0,0.0,,0.0,0.0,0.0,0.0,2.0,0.0,0.0,0.0,0.0,0.0,,,,,,,https://nd.api.nutrislice.com/menu/api/weeks/school/58415/menu-type/28583/2026/10/7
2026-10-05,1756253,Lipton Decaf Tea Bag,Decaffeinated Orange Pekoe And Pekoe Cut Black Tea..,1,tea bag,0.0,0.0,0.0,,0.0,0.0,0.0,0.0,2.0,0.0,0.0,0.0,0.0,0.0,,,,,,,https://nd.api.nutrislice.com/menu/api/weeks/school/58415/menu-type/28583/2026/10/7
2026-10-05,1756007,Cherry Coke,"Water (Filtered Tap Water.), Cherry Coke (High Fructose Corn Syrup, Caramel Color, Phosphoric Acid, Natural Flavors, Caffeine.).",12,z cup,144.0,0.0,0.0,,0.0,40.0,40.0,40.0,0.0,45.0,0.0,0.0,0.0,9.0,,,,,,,https://nd.api.nutrislice.com/menu/api/weeks/school/58415/menu-type/28583/2026/10/7
2026-10-05,1755990,Coke Classic,"Water (Filtered Tap Water.), Classic Coke Syrup (High Fructose Corn Syrup, Caramel Color, Phosphoric Acid, Natural Flavors, Caffeine.).",12,z cup,140.0,0.0,0.0,,0.0,18.0,39.0,39.0,0.0,57.0,0.0,0.0,0.0,9.0,,,,,,,https://nd.api.nutrislice.com/menu/api/weeks/school/58415/menu-type/28583/2026/10/7
2026-10-05,1756000,Diet Coke,"Water (Filtered Tap Water.), Syrup Coke Diet BIB (Caramel Color, Aspartame, Phosphoric Acid, Potassium Benzoate (To Protect Taste), Natural Flavors, Citric Acid, Caffeine.Phenylketonurics: Contains Phenylalanine).",12,z cup,0.0,0.0,0.0,,0.0,0.0,0.0,0.0,0.0,50.0,0.0,0.0,0.0,9.0,,,,,,,https://nd.api.nutrislice.com/menu/api/weeks/school/58415/menu-type/28583/2026/10/7
2026-10-05,1756012,Coke Zero,"Water (Filtered Tap Water.), Syrup Coke Zero BIB (Caramel Color, Phosphoric Acid, Aspartame, Potassium Benzoate (To Protect Taste), Natural Flavors, Potassium Citrate, Acesulfame Potassium, Caffeine, Stevia Extract. Phenylketonurics: Contains Phenylalanine. Zero Sugar.).",12,z cup,0.0,0.0,0.0,,0.0,0.0,0.0,0.0,58.0,50.0,0.0,0.0,0.0,9.0,,,,,,,https://nd.api.nutrislice.com/menu/api/weeks/school/58415/menu-type/28583/2026/10/7
2026-10-05,2265925,Lemonade 12z Cup,"Water (Filtered Tap Water.), Lemonade (High Fructose Corn Syrup, Lemon Juice from Concentrate, Less than 0.5% of: Natural Flavors, Citric Acid (Provides Tartness), Modified Cornstarch, Glycerol, Ester of Rosin, Sodium Benzoate and Potassium Sorbate and Calcium Disodium EDTA (to Protect Taste), Yellow 5.).",12,z cup,144.0,0.0,0.0,,0.0,40.0,38.0,38.0,0.0,60.0,0.0,0.0,0.0,9.0,,,,,,,https://nd.api.nutrislice.com/menu/api/weeks/school/58415/menu-type/28583/2026/10/7
2026-10-05,1756187,Barq's Root Beer,"Water (Filtered Tap Water.), Syrup Root Beer BIB Barqs (Carbonated Water, High Fructose Corn Syrup, Caramel Color, Sodium Benzoate (To Protect Taste), Citric Acid, Caffeine, Artificial And Natural Flavors, Acacia.).",12,z cup,173.0,0.0,0.0,,0.0,42.0,42.0,42.0,0.0,74.0,0.0,0.0,0.0,9.0,,,,,,,https://nd.api.nutrislice.com/menu/api/weeks/school/58415/menu-type/28583/2026/10/7
2026-10-05,1756194,Diet Sprite,"Water (Filtered Tap Water.), Syrup Sprite Diet BIB (Carbonated Water, Citric Acid, Potassium Citrate, Natural Flavors, Potassium Benzoate (To Protect Taste), Aspartame, Acesulfame Potassium. Phenylketonurics: Contains Phenylalanine).",12,z cup,0.0,0.0,0.0,,0.0,0.0,0.0,0.0,106.0,45.0,0.0,0.0,0.0,9.0,,,,,,,https://nd.api.nutrislice.com/menu/api/weeks/school/58415/menu-type/28583/2026/10/7
2026-10-05,1756163,Pibb Extra,"Water (Filtered Tap Water.), Pibb Xtra.",12,flz cup,0.0,0.0,0.0,,0.0,0.0,0.0,0.0,0.0,12.0,0.0,0.0,0.0,9.0,,,,,,,https://nd.api.nutrislice.com/menu/api/weeks/school/58415/menu-type/28583/2026/10/7
2026-10-05,1756169,Powerade Mountain Blast,"Water (Filtered Tap Water.), Syrup Powerade Mountain Blast BIB (High Fructose Corn Syrup, Less Than 0.5% Of: Citric Acid, Electrolytes (Salt, Sodium Citrate, Magnesium And Calcium Chlorides, Mono-Potassium Phosphate), Vitamins B12 And C (Cyanocobalamin And Ascorbic Acid), Natural Flavors, Modified Food Starch, Calcium Disodium Edta (To Protect Color), Medium Chain Triglycerides, Sucrose Acetate Isobutyrate, Blue 1.).",12,flz cup,80.0,0.0,0.0,,0.0,21.0,21.0,21.0,80.0,252.0,21.0,0.0,0.0,9.0,,,,,,,https://nd.api.nutrislice.com/menu/api/weeks/school/58415/menu-type/28583/2026/10/7
2026-10-05,1756202,Sprite,"Water (Filtered Tap Water.), Syrup Sprite BIB (High Fructose Corn Syrup, Citric Acid, Natural Flavors, Sodium Citrate, Sodium Benzoate (To Protect Taste). 100% Natural Flavors No Caffeine).",12,flz cup,129.0,0.0,0.0,,0.0,35.0,35.0,35.0,0.0,71.0,35.0,0.0,0.0,9.0,,,,,,,https://nd.api.nutrislice.com/menu/api/weeks/school/58415/menu-type/28583/2026/10/7
2026-10-05,2265922,Gala Apples,Fresh Gala Apples..,1,apple,119.0,0.3,0.0,,0.0,29.0,0.0,22.0,225.0,0.0,5.0,1.0,0.3,15.0,,,,,,,https://nd.api.nutrislice.com/menu/api/weeks/school/58415/menu-type/28583/2026/10/7
2026-10-05,1756316,Bananas,Fresh Banana..,1,banana,141.0,0.0,0.0,,0.0,35.0,0.0,18.0,541.0,0.0,4.0,1.0,0.4,8.0,,,,,,,https://nd.api.nutrislice.com/menu/api/weeks/school/58415/menu-type/28583/2026/10/7
2026-10-05,1756327,Orange,Orange..,1,orange,96.0,0.2,0.0,,0.0,24.0,0.0,19.0,369.0,0.0,5.0,2.0,0.2,82.0,,,,,,,https://nd.api.nutrislice.com/menu/api/weeks/school/58415/menu-type/28583/2026/10/7
2026-10-05,1756065,Apple Juice,"Water (Filtered Tap Water.), Apple Juice (Frozen Concentrated Apple Juice. COMMON ALLERGENS PRESENT: None.).",6,flz cup,14.0,0.0,0.0,,0.0,4.0,0.0,3.0,0.0,6.0,0.0,0.0,0.0,4.0,,,,,,,https://nd.api.nutrislice.com/menu/api/weeks/school/58415/menu-type/28583/2026/10/7
2026-10-05,1756074,Cranberry,"Water (Filtered Tap Water.), Cranberry Juice (High Fructose Corn Syrup, Sugar, Water, Concentrated Cranberry Juice, Citric Acid (provides tartness), Vitamin C (Ascorbic Acid).).",6,flz cup,67.0,0.0,0.0,,0.0,18.0,0.0,16.0,0.0,6.0,0.0,0.0,0.0,4.0,,,,,,,https://nd.api.nutrislice.com/menu/api/weeks/school/58415/menu-type/28583/2026/10/7
2026-10-05,1756082,Orange,"Water (Filtered Tap Water.), Orange Juice (100% Orange Juice From Concentrate Contains Pure Filtered Water, Premium Concentrated Orange Juice. .).",6,flz cup,17.0,0.0,0.0,,0.0,4.0,0.0,4.0,68.0,8.0,0.0,0.0,0.0,7.0,,,,,,,https://nd.api.nutrislice.com/menu/api/weeks/school/58415/menu-type/28583/2026/10/7
2026-10-05,1756090,2% Milk,"Grade A Reduced Fat Milk, Vitamin A Palmitate & Vitamin D3.",8,flz,118.0,4.9,3.5,,20.0,11.0,0.0,11.0,345.0,118.0,0.0,8.0,0.0,296.0,,,,,,,https://nd.api.nutrislice.com/menu/api/weeks/school/58415/menu-type/28583/2026/10/7
2026-10-05,2265923,1% Chocolate Milk,"Low Fat Milk, Sugar, Cornstarch, Cocoa, Alkalized Cocoa, Salt, Carrageenan, Natural Flavor, Vitamin A Palmitate, Vitamin D3. Contains: Milk..",1,cups,148.0,2.5,1.5,,10.0,24.0,11.0,22.0,345.0,227.0,0.0,8.0,0.2,276.0,,,,,,,https://nd.api.nutrislice.com/menu/api/weeks/school/58415/menu-type/28583/2026/10/7
2026-10-05,1756105,Oat Milk,"Oatmilk (Water, Oat), Sunflower Oil, Dipotassium Phosphate, Calcium Carbonate, Tricalcium Phosphate, Sea Salt, Gellan Gum, Vitamin A Palmitate, Vitamin D2..",1,cups,111.0,6.0,1.0,,0.0,13.0,2.0,2.0,384.0,106.0,1.0,1.0,0.0,263.0,,,,,,,https://nd.api.nutrislice.com/menu/api/weeks/school/58415/menu-type/28583/2026/10/7
2026-10-05,1756113,Chocolate Pea,"Water, Cane Sugar, Pea Protein, Sunflower Oil, Alkalized Cocoa Powder, Calcium Carbonate, Natural Flavor, Sea Salt, Potassium Citrate, Sunflower Lecithin, Natural Vanilla Flavor With Other Natural Flavor, Guar Gum, Gellan Gum, Vitamin A Palmitate, Vitamin D2..",1,cups,140.0,5.0,0.5,,0.0,15.0,13.0,13.0,180.0,140.0,2.0,8.0,2.2,400.0,,,,,,,https://nd.api.nutrislice.com/menu/api/weeks/school/58415/menu-type/28583/2026/10/7
2026-10-05,1756121,Skim,"Grade A Fat Free (Skim) Milk, Vitamin A Palmitate & Vitamin D3..",8,flz,79.0,0.0,0.0,,5.0,11.0,0.0,11.0,355.0,118.0,0.0,8.0,0.1,296.0,,,,,,,https://nd.api.nutrislice.com/menu/api/weeks/school/58415/menu-type/28583/2026/10/7
2026-10-05,1756129,Soy,"Soymilk (Water, Organic Soybeans), Cane Sugar, Calcium Carbonate, Sea Salt, Dipotassium Phosphate, Natural Flavor, Gellan Gum, Vitamin A Palmitate, Vitamin D2..",1,cups,101.0,3.0,1.0,,0.0,10.0,5.0,7.0,385.0,81.0,3.0,8.0,1.0,264.0,,,,,,,https://nd.api.nutrislice.com/menu/api/weeks/school/58415/menu-type/28583/2026/10/7
2026-10-05,2293503,Chocolate Soft Serve Ice Cream,"Chocolate Soft Serve (Milk, Sugar, Cream, Corn Syrup, High Fructose Corn Syrup, Whey, Cocoa, Nonfat Milk, Mono & Diglycerides, Guar Gum, Tetrasodium Pyrophosphate, Dextrose, Carrageenan, And Vitamin A Palmitate. COMMON ALLERGENS PRESENT: Milk.).",4,z,169.0,6.0,3.9,,19.0,26.0,0.0,25.0,0.0,130.0,1.0,4.0,0.5,130.0,,,,,,,https://nd.api.nutrislice.com/menu/api/weeks/school/58415/menu-type/28583/2026/10/7
2026-10-05,2293504,Vanilla Soft Serve Ice Cream,"Vanilla Soft Serve Ice Cream Mix (Milk, Sugar, Cream, Corn Syrup, High Fructose Corn Syrup, Whey, Nonfat Milk, Mono & Diglycerides, Guar Gum, Tetra Sodium Pyrophosphate, Dextrose, Carrageenan, Vanillin (Artificial Flavor), Vanilla, Annatto Color, And Vitamin A Palmitate. Common Allergens Present: Milk.).",4,z,182.0,6.0,4.5,,26.0,25.0,0.0,25.0,0.0,136.0,0.0,4.0,0.0,130.0,,,,,,,https://nd.api.nutrislice.com/menu/api/weeks/school/58415/menu-type/28583/2026/10/7
2026-10-05,2293505,Pineapple DH Dole Whip,"Water (Filtered Tap Water.), Dole Pineapple Whip (Sugar, Dextrose, Stabilizers (Hydroxypropyl Methylcellulose, Locust Bean Gum, Guar Gum, Karaya Gum, Pectin, Cellulose Gum, Xanthan Gum), Coconut Oil, Contains 2% Or Less Of Each Of The Following: Maltodextrin, Citric Acid, Natural & Artificial Flavor, Modified Food Starch, Malic Acid, Beta Carotene (Color), Mono & Diglycerides, Silicon Dioxide (Anticaking).).",4,flz,123.0,0.6,0.6,,0.0,29.0,28.0,28.0,1.0,15.0,0.0,0.0,0.0,13.0,,,,,,,https://nd.api.nutrislice.com/menu/api/weeks/school/58415/menu-type/28583/2026/10/7
2026-10-05,2293501,Strawberry Dole Whip,"Water (Filtered Tap Water.), Dole Strawberry Whip (Sugar, Dextrose, Maltodextrin, Stabilizers (Hydroxypropyl Methylcellulose, Locust Bean Gum, Guar Gum, Karaya Gum, Pectin, Cellulose Gum, Xanthan Gum), Coconut Oil, Contains 2% Or Less Of Each Of The Following: Citric Acid, Color (Dehydrated Blackcurrant, Caramel Color, Carrot Extract), Natural Flavor, Modified Food Starch, Mono & Diglycerides, Silicon Dioxide (Anticaking).).",4,flz,125.0,0.0,0.6,,0.0,30.0,29.0,28.0,6.0,15.0,0.0,0.0,0.0,14.0,,,,,,,https://nd.api.nutrislice.com/menu/api/weeks/school/58415/menu-type/28583/2026/10/7
2026-10-05,1755988,Unsalted Butter,"Cream, SaltContains Milk.",1,oz,28.0,3.1,2.0,,9.0,0.0,0.0,0.0,1.0,27.0,0.0,0.0,0.0,1.0,,,,,,,https://nd.api.nutrislice.com/menu/api/weeks/school/58415/menu-type/28583/2026/10/7
2026-10-05,1756157,Peanut Butter,"PEANUTS, SUGAR, PEANUT OIL, CONTAINS 2% OR LESS OF: PALM OIL, SALT. COMMON ALLERGENS PRESENT: Peanuts.",0.75,z,122.0,10.0,2.3,,0.0,6.0,2.0,3.0,110.0,103.0,1.0,4.0,0.3,13.0,,,,,,,https://nd.api.nutrislice.com/menu/api/weeks/school/58415/menu-type/28583/2026/10/7
2026-10-05,1755977,Plain Bagels,"Wheat Flour Enriched (Wheat Flour, Malted Barley Flour, Niacin, Reduced Iron, Thiamine Mononitrate, Riboflavin, Folic Acid), Water, Sugar, Salt, Cultured Wheat Flour, Yeast, Vinegar, Palm Oil, Non-GMO Soybean Oil, Sunflower Oil, Ascorbic Acid, Enzymes, Cornmeal..",4.5,z,316.0,1.0,0.0,,0.0,65.0,3.0,5.0,90.0,575.0,2.0,11.0,4.0,103.0,,,,,,,https://nd.api.nutrislice.com/menu/api/weeks/school/58415/menu-type/28583/2026/10/7
2026-10-05,1755979,Whole Wheat Bagels,"Wheat Flour Enriched (Wheat Flour, Malted Barley Flour, Niacin, Reduced Iron, Thiamine Mononitrate, Riboflavin, Folic Acid), Water, Whole Wheat Flour, Sugar, Salt, Cultured Wheat Flour, Yeast, Vinegar, Palm Oil, Caramel Color, Non-GMO Soybean Oil, Sunflower Oil, Ascorbic Acid, Enzymes, Cornmeal..",1,bagel,316.0,1.7,0.0,,0.0,65.0,2.0,2.0,135.0,587.0,3.0,11.0,3.7,102.0,,,,,,,https://nd.api.nutrislice.com/menu/api/weeks/school/58415/menu-type/28583/2026/10/7
2026-10-05,1755995,Cream Cheese,"Pasteurized Milk And Cream, Cheese Culture, Salt, Guar Gum, Xanthan Gum, Carob Bean Gum. Common Allergens Present: Milk..",1,oz,90.0,9.0,6.0,,30.0,2.0,0.0,1.0,40.0,95.0,0.0,2.0,0.0,30.0,,,,,,,https://nd.api.nutrislice.com/menu/api/weeks/school/58415/menu-type/28583/2026/10/7
2026-10-05,1756050,Grape Jelly,"Concord Grape Juice (Water, Concord Grape Juice Concentrate), Corn Syrup, High Fructose Corn Syrup, Contains Less Than 2% Of Fruit Pectin, Citric Acid, Sodium Citrate..",1,Tbsp,50.0,0.0,0.0,,0.0,13.0,7.0,9.0,0.0,5.0,0.0,0.0,0.0,0.0,,,,,,,https://nd.api.nutrislice.com/menu/api/weeks/school/58415/menu-type/28583/2026/10/7
2026-10-05,1756057,Strawberry Jelly,"Strawberries, High Fructose Corn Syrup, Corn Syrup, Sugar, Contains 2% Or Less Of: Fruit Pectin, Citric Acid..",1,Tbsp,50.0,0.0,0.0,,0.0,13.0,9.0,10.0,0.0,0.0,0.0,0.0,0.0,0.0,,,,,,,https://nd.api.nutrislice.com/menu/api/weeks/school/58415/menu-type/28583/2026/10/7
2026-10-05,1756149,Chocolate Chips,"Sugar, Unsweetened Chocolate, Cocoa Butter, Soy Lecithin (an emulsifier), Natural Vanilla Extract, Milk. COMMON ALLERGENS PRESENT: Milk, Soy..",1,oz,132.0,8.0,3.8,,0.0,19.0,15.0,15.0,0.0,0.0,2.0,2.0,1.9,9.0,,,,,,,https://nd.api.nutrislice.com/menu/api/weeks/school/58415/menu-type/28583/2026/10/7
2026-10-05,1756389,Rainbow Sprinkles,"Sugar, Corn Starch, Palm Oil & Palm Kernel Oil, Soy Lecithin, Dextrin,Carnauba Wax, Confectioners Glaze, FD&C Yellow #5 Lake, Yellow #6 Lake,Blue #1 Lake, Red #40 Lake, Red #3. COMMON ALLERGENS PRESENT: Soy..",1,oz,142.0,7.0,3.5,,0.0,21.0,14.0,14.0,0.0,0.0,0.0,0.0,0.0,0.0,,,,,,,https://nd.api.nutrislice.com/menu/api/weeks/school/58415/menu-type/28583/2026/10/7
2026-10-05,1756237,Chocolate Syrup,"High Fructose Corn Syrup, Water, Cocoa And Cocoa Processed With Alkali, Modified Food Starch, Caramel Color, Salt, Potassium Sorbate- A Preservative, Xanthan Gum, Titanium Dioxide (Color), Artificial Colors (Yellow 5, Red 3 And Blue 1), And Natural And Artificial Flavors..",1,oz,67.0,0.0,0.0,,0.0,16.0,0.0,15.0,0.0,15.0,1.0,1.0,0.4,0.0,,,,,,,https://nd.api.nutrislice.com/menu/api/weeks/school/58415/menu-type/28583/2026/10/7
2026-10-05,1756259,Caramel Syrup,"CORN SYRUP, HIGH FRUCTOSE CORN SYRUP, SUGAR, CONDENSED NONFAT MILK, WATER, HEAVY WHIPPING CREAM, CONTAINS 2% OR LESS OF SALT, PECTIN, ARTIFICIAL FLAVORS, POTASSIUM SORBATE - A PRESERVATIVE, CARAMEL COLOR AND DISODIUM PHOSPHATE. COMMON ALLERGENS PRESENT: Milk..",1,oz,81.0,0.3,0.0,,0.0,18.0,12.0,12.0,15.0,40.0,0.0,0.0,0.0,8.0,,,,,,,https://nd.api.nutrislice.com/menu/api/weeks/school/58415/menu-type/28583/2026/10/7
2026-10-05,1756393,Oreo Cookie Crumble,"Unbleached Enriched Flour (Wheat Flour, Niacin, Reduced Iron, Thiamine Mononitrate {Vitamin B1}, Riboflavin {Vitamin B2}, Folic Acid), Sugar, Palm And/Or Canola Oil, Cocoa (Processed With Alkali), Invert Sugar, Leavening (Baking Soda And/Or Calcium Phosphate), Soy Lecithin, Salt, Chocolate, Natural Flavor. Common Allergens Present: Soy, Wheat..",1,oz,136.0,5.0,1.6,,0.0,21.0,12.0,12.0,42.0,94.0,1.0,1.0,1.2,10.0,,,,,,,https://nd.api.nutrislice.com/menu/api/weeks/school/58415/menu-type/28583/2026/10/7
2026-10-05,1756258,Mayonnaise,"Soybean Oil, Distilled Vinegar, Egg Yolk, High Fructose Corn Syrup, Contains Less Than 2% Of Salt, Water, Mustard Seed, Calcium Disodium Edta (To Protect Flavor). Contains: Egg.",1,Tbsp,100.0,11.0,2.0,,10.0,1.0,1.0,1.0,0.0,75.0,0.0,0.0,0.0,0.0,,,,,,,https://nd.api.nutrislice.com/menu/api/weeks/school/58415/menu-type/28583/2026/10/7
2026-10-05,1756437,Yellow Mustard,"Distilled White Vinegar, Water, Mustard Seed, Mustard Bram, Salt, Turmeric, Spices..",1,tsp,0.0,0.0,0.0,,0.0,0.0,0.0,0.0,0.0,60.0,0.0,0.0,0.0,0.0,,,,,,,https://nd.api.nutrislice.com/menu/api/weeks/school/58415/menu-type/28583/2026/10/7
2026-10-05,1756427,Ketchup,"Tomato Concentrate, Sugar, Distilled Vinegar, Less than 2% of: Salt, Natural Flavors, *Potassium Chloride, Onion Powder, Citric Acid, Garlic Powder, Spices..",1,oz,6.0,0.0,0.0,,0.0,1.0,0.0,1.0,18.0,14.0,0.0,0.0,0.0,0.0,,,,,,,https://nd.api.nutrislice.com/menu/api/weeks/school/58415/menu-type/28583/2026/10/7
2026-10-05,1756436,Spicy Brown Mustard,"Vinegar, Water, Mustard Seed, Salt, Less than 2% of: Spices, Turmeric..",1,oz,28.0,0.0,0.0,,0.0,0.0,0.0,0.0,0.0,283.0,0.0,0.0,0.0,0.0,,,,,,,https://nd.api.nutrislice.com/menu/api/weeks/school/58415/menu-type/28583/2026/10/7
2026-10-06,2322212,Shamrock Sub Sandwich,"French Baguette (Enriched Flour (Wheat Flour, Malted Barley Flour, Niacin, Reduced Iron, Thiamin Mononitrate, Riboflavin, Folic Acid), Water, Contains Less Than 2% Of Yeast, Salt, Soybean Oil, Dextrose, Calcium Sulfate, Ascorbic Acid, Calcium Peroxide, Azodicarbonamide, Mono- And Diglycerides, Wheat Gluten, Enzymes, Calcium Propionate (Preservative), Soy Lecithin, Yellow Cornmeal. Contains Soy, Wheat.), Sliced City Ham (Pork Leg, Water, Salt, Cane Sugar, Celery Powder, Cherry Powder, Spices (Black Pepper, Allspice, Clove, Juniper Berries), Garlic, Bay Leaf.), Prosciutto Ham (Cured with Salt, Sugar, Spices, Sodium Nitrate, Sodium Nitrite, Flavoring.), Pepperoni (Pork, Beef, Salt, Dextrose, Spices, Lactic Acid Starter Culture, Oleoresin of Paprika, Dehydrated Garlic, Sodium Nitrite, BHA, BHT, Citric Acid.), Genoa Salami Slices (Pork, Beef, Salt, Dextrose, Lactic Acid Starter Culture, Spices, Sodium Ascorbate,Sodium Nitrite, Garlic Powder, BHA, BHT, Citric Acid.), Oil-Browned Pan-Roasted Turkey Breasts (Turkey Breast, Turkey Broth And 2% Or Less Of: Sea Salt, Dextrose, Yeast Extract, Natural Flavors. Browned in Vegetable Oil.), 10"" Wheat Baguettes (Enriched Wheat Flour (Malted Barley Flour, Niacin, Reduced Iron, Thiamine Mononitrate, Riboflavin, Folic Acid), Whole Wheat Flour, Yeast, Poolish (Flour, Water, Yeast), Barley, Malt Syrup, Rye Flour, Starter Culture (Lactobacillus), Water, Salt, Ascorbic Acid, Sorbitan Monostearate (Processing Aid), Enzymes. Contains: Wheat, Rye Product.), Mayonnaise Premium Kens (Soybean Oil, Water, Egg, Distilled Vinegar, Egg Yolk, Contains Less Than 2% Of Salt, Sugar, Lemon Juice Concentrate, Calcium Disodium EDTA (To Protect Flavor), Paprika Extract (Color), Natural Flavor. Contains: Egg), Sliced Tomato (Tomato.), Honey Mustard Dressing (Soybean Oil, High Fructose Corn Syrup, Spicy Brown Mustard (Distilled Vinegar, Water, Mustard Seed, Salt, Turmeric, Spices), Honey, Distilled Vinegar, Egg Yolk, Contains Less Than 2% Of Salt, Water, Propylene Glycol Alginate, Mustard Flour, Calcium Disodium Edta (To Protect Flavor). Contains Egg.), Fat Free Italian Dressing (Water, Distilled Vinegar, Sugar, Salt, Maltodextrin, Contains Less Than 2% Of Cellulose Gel And Gum, Onion*, Xanthan Gum, Potassium Sorbate And Sodium Benzoate (Preservatives), Garlic*, Carrageenan, Citric Acid, Red Bell Pepper*, Spice, Autolyzed Yeast Extract, Natural Flavor, Yeast Extract, Beta Carotene (Color). *Dried), Chicago-Style Hot Giardiniera (Soybean Oil, Hot Peppers, Carrots, Cauliflower, Celery, Gherkins, Spices, Vinegar, Sodium Benzoate, Sodium Bisulfite.), Shredded Iceberg Lettuce (Iceberg Lettuce.), Mild Cheddar (Pasteurized milk, cheese culture, salt, enzyme, color added. COMMON ALLERGENS PRESENT: Milk.), Provolone Cheese Slice (Pasteurized Milk, Cheese Culture, Salt, Enzymes. Common Allergens Present: Milk.), Swiss Cheese Slice (Swiss Cheese (Cultured Pasteurized Milk, Salt, Enzymes). Common Allergens Present: Milk.), Jalapeno Monterey Jack (Pasteurized milk, Jalapeno Peppers, cheese culture, salt and enzymes. COMMON ALLERGENS PRESENT: Milk.), Dill Pickle Chips, Sliced Red Onion (Red Onions.), 1% Low Fat Buttermilk 0.5gal (Cultured Lowfat Milk, Stabilizer (Mono And Diglycerides, Carob Bean Gum, Carrageenan, Calcium Sulfate, Modified Corn and Tapioca Starches), Salt, Vitamin A Palmitate, Vitamin D3. Contains: Milk.), Sour Cream (Milk, Cream, Whey, Modified Cornstarch, Sodium Phosphate, Guar Gum, Carrageenan, Calcium Sulfate, Carob Bean Gum, Nonfat Dry Milk. Contains: Milk), Roasted Garlic Base Concentrate (Roasted Garlic, Water, Sauteed Vegetable Puree Mix (Carrots, Onions, Celery), Dextrose, Salt, Dried Garlic, 2% Or Less Of Canola Oil, Dried Onions, Potassium Chloride, Celery Juice Concentrate.), Onion Granulated Spice (Dried Onion.), Dill (Fresh Dill.), Granulated Garlic (Dried Garlic.), Coarse Kosher Salt (Salt).",1,sub,3444.0,210.0,59.0,,2443.0,245.0,21.0,33.0,1702.0,10023.0,10.0,156.0,23.9,1116.0,,,,,,,https://nd.api.nutrislice.com/menu/api/weeks/school/58415/menu-type/28583/2026/10/7
2026-10-06,1758036,Clubhouse Potato Chips,"Skin On Potato Chip Cut (Potatoes, Vegetable Oil (Contains One Or More Of The Following Oils: Canola, Soybean, Cottonseed, Sunflower, Corn). Contains 2% or less of Dextrose, Salt, Sodium Acid Pyrophosphate Added To Maintain Natural Color.), Canola Oil (Canola Oil, TBHQ and Citric Acid Added To Protect Flavor, Dimethylpolysiloxanes, An Anti-Foaming Agent Added.), Coarse Kosher Salt (Salt), Whole Black Peppercorns (Black Peppercorns.).",2,z,125.0,10.0,1.0,,0.0,10.0,0.0,1.0,147.0,549.0,1.0,1.0,0.1,6.0,,,,,,,https://nd.api.nutrislice.com/menu/api/weeks/school/58415/menu-type/28583/2026/10/7
2026-10-06,1762488,Coleslaw,"Cabbage, Sugar, Soybean Oil, Water, Contains Less Than 2% of Carrots, White Distilled Vinegar, Eggs, Salt, Egg Yolks (Egg Yolks, Salt), Erythorbic Acid (to Retain Color), Potassium Sorbate (to Retard Spoilage), Citric Acid, Sodium Benzoate (Preservative), Xanthan Gum, Lemon Juice Concentrate, Spices, Mayonnaise Spice Blend Flavor (Medium Chain Triglycerides, Natural and Artificial Flavors)..",1,oz,45.0,2.8,0.4,,3.0,5.0,4.0,4.0,50.0,95.0,1.0,0.0,0.1,8.0,,,,,,,https://nd.api.nutrislice.com/menu/api/weeks/school/58415/menu-type/28583/2026/10/7
2026-10-06,1769209,Vegetarian Macaroni Pasta Salad,"Cooked Enriched Macaroni Product (Semolina [Wheat], Enriched With Niacin, Iron [Ferrous Sulfate], Thiamin Mononitrate, Riboflavin, Folic Acid), Eggs, Fructose, Soybean Oil, Water, High Fructose Corn Syrup, Onions, Celery, Contains Less Than 2% Of White Distilled Vinegar, Apple Cider Vinegar, Mustard (Distilled Vinegar, Mustard Seed, Salt, Turmeric, Spices), Red Bell Peppers (Red Bell Peppers, Water, Citric Acid), Carrots, Egg Yolks (Egg Yolks, Salt), Salt, Modified Corn Starch, Sugar, Potassium Sorbate (To Retard Spoilage), Dextrose, Spices, Xanthan Gum, Guar Gum, Color (Water, Coloring [Yellow 5, Yellow 6, Red 40], Sodium Benzoate [Preservative], Citric Acid), Propylene Glycol Alginate, Onion Powder, Paprika (Color). Contains: Egg, Wheat..",0.75,cups,240.0,11.0,2.0,,75.0,30.0,13.0,14.0,150.0,550.0,1.0,5.0,1.1,20.0,,,,,,,https://nd.api.nutrislice.com/menu/api/weeks/school/58415/menu-type/28583/2026/10/7
2026-10-06,1756499,Potato Salad,"Potatoes, Soybean Oil, Water, Sour Cream (Cultured Milk And Cream), Green Onions, Egg Yolks (Egg Yolks, Salt), Contains Less Than 2% Of High Fructose Corn Syrup, Fully Cooked Bacon Bits With Smoke Flavor Added (Bacon Bits [Cured With Water, Salt, Sugar, Sodium Phosphates, Sodium Erythorbate, Sodium Nitrite], Smoke Flavor. May Contain Dextrose, Potassium Chloride), White Distilled Vinegar, Salt, Mustard (Water, Distilled Vinegar, Mustard Seed, Salt, Spices), Glucono Delta Lactone, Potassium Sorbate (To Retard Spoilage), Sugar, Spices. Common Allergens Present: Egg, Milk..",4,oz,269.0,22.0,4.2,,25.0,15.0,2.0,3.0,328.0,554.0,1.0,3.0,0.5,17.0,,,,,,,https://nd.api.nutrislice.com/menu/api/weeks/school/58415/menu-type/28583/2026/10/7
2026-10-06,1937927,Tortilla Chips,"Unfried White Corn Tortilla Chips (Whole Grain Corn, Water, Gums, Preservatives (Propionic acid, Sorbic acid, Fumaric acid, Methyl and Propyl parabens), Lime.), Canola Oil (Canola Oil, TBHQ and Citric Acid Added To Protect Flavor, Dimethylpolysiloxanes, An Anti-Foaming Agent Added.), Coarse Kosher Salt (Salt).",1,oz,84.0,3.0,0.2,,0.0,11.0,0.0,0.0,0.0,464.0,2.0,2.0,0.3,16.0,,,,,,,https://nd.api.nutrislice.com/menu/api/weeks/school/58415/menu-type/28583/2026/10/7
2026-10-06,1756092,Caramelized Onions,"Onion (Fresh Yellow Onions.), Salad Oil (Soybean Oil.).",1,z,45.0,4.0,0.6,,0.0,3.0,0.0,1.0,34.0,0.0,0.0,0.0,0.0,6.0,,,,,,,https://nd.api.nutrislice.com/menu/api/weeks/school/58415/menu-type/28583/2026/10/7
2026-10-06,2246510,Salsa Verde,"Tomatillo, Salad Oil (Soybean Oil.), Spanish Onion (Fresh Yellow Onions.), Serrano Chili Peppers (Serrano Peppers.), Cilantro (Fresh Cilantro.), Lime (Limes.), Coarse Kosher Salt (Salt), Peeled Garlic (Garlic.).",1,fl oz,68.0,6.0,0.9,,0.0,2.0,0.0,1.0,65.0,118.0,0.0,0.0,0.1,3.0,,,,,,,https://nd.api.nutrislice.com/menu/api/weeks/school/58415/menu-type/28583/2026/10/7
2026-10-06,2262375,Al Pastor Torta,"Sliced Telera Rolls (Enriched Wheat Flour (Wheat Flour, Malted Barley Flour, Niacin, Iron, Thiamine Mononitrate, Riboflavin, Folic Acid), Water, Sugar, Soybean Oil, Contains 2% or Less of Each of the Following: Salt, Yeast, Cultured Wheat Flour, Deactivated Yeast, Enzymes, Vinegar. CONTAINS: WHEAT. MAY CONTAIN: SESAME), Al Pastor Pork Strips (Marinated Pork [Pork, Water, Seasoning (Paprika, Chili Pepper, Red Pepper, Garlic, Salt, Spices), Apple Cider Vinegar (Vinegar Reduced with Water), Salt], Onion, Lard.), Refried Beans (Cooked Beans, Water, Lard, Vinegar, Seasoning (Chili Pepper, Onion Powder, Spices, Garlic Powder, Spice Extractives), Salt.), Oaxaca Cheese (Cultured Pasteurized Park-Skim Milk, Salt, Enzymes, Anti Caking Agent [Potato Starch, Corn Starch, Cellulose, Natamycin (an all natural mold inhibitor)]. Contains: Milk), Sour Cream (Milk, Cream, Food Starch-Modified (Corn), Grade A Whey, Sodium Tripolyphosphate, Mono And Diglycerides, Guar Gum, Carrageenan, And Locust Bean Gum, Citric Acid Blend (Water, Citric Acid, Lactic Acid, Phosphoric Acid, And Natural Flavors), Salt, Potassium Sorbate. Common Allergens Present: Milk. May Contain: Egg, Soy.), Tomato (Tomato.), Iceberg Lettuce (Iceberg Lettuce.), Tomatillo, Butter Clarified Grade AA Packer Label (Cream, Salt. Contains: Milk), White Vinegar (White Distilled Vinegar and Filtered Water.), Water (Filtered Tap Water.), Salad Oil (Soybean Oil.), Red Onion (Red Onions.), Dried Guajillo Peppers (guajillo pepper), Frozen Diced Pineapple (Pineapple.), Apple Cider Vinegar (Apple Cider Vinegar and Filtered Water.), Coarse Kosher Salt (Salt), Dried Ancho/Pasilla Peppers (Dried Ancho/Pasilla Pepper), Spanish Onion (Fresh Yellow Onions.), Serrano Chili Peppers (Serrano Peppers.), Granulated Sugar (Granulated Beet Sugar), Peeled Garlic (Garlic.), Oregano Mexican Whole Spiceology (Oregano), Cilantro (Fresh Cilantro.), Lime (Limes.), Ground Black Pepper (Ground Black Pepper.), Whole Cumin (Cumin.).",1,torta,753.0,38.0,16.0,,83.0,73.0,5.0,10.0,745.0,2262.0,7.0,30.0,5.0,193.0,,,,,,,https://nd.api.nutrislice.com/menu/api/weeks/school/58415/menu-type/28583/2026/10/7
2026-10-06,1756396,White Corn Tortilla,"Whole Grain Corn, Water, Contains 2% Or Less Of Each Of The Following: Preservatives (Propionic Acid, Sodium Hydroxide, Benzoic Acid), Xantham Gum And Traces Of Food Grade Lime..",6,in tortilla,57.0,0.5,0.0,,0.0,12.0,0.0,0.0,34.0,8.0,2.0,1.0,0.5,10.0,,,,,,,https://nd.api.nutrislice.com/menu/api/weeks/school/58415/menu-type/28583/2026/10/7
2026-10-06,1756400,Flour Tortilla,"Enriched Unbleached Flour (Wheat Flour, Niacin, Reduced Iron, Thiamine Mononitrate, Riboflavin And Folic Acid), Water, Vegetable Shortening (Contains One Or More Of The Following: Palm Oil And/Or Corn Oil), Contains 2% Or Less Of The Following: Salt, Aluminum-Free Leavening (Sodium Acid Pyrophosphate, Sodium Bicarbonate, Cornstarch, Monocalcium Phosphate), Wheat Protein, Preservatives (Calcium Propionate, Sorbic Acid), Dough Conditioner (Fumaric Acid, Xanthan Gum, Mono- And Diglycerides, Sodium Metabisulphite). Common Allergens Present: Wheat..",6,in tortilla,99.0,2.8,1.1,,0.0,15.0,0.0,0.0,24.0,188.0,1.0,2.0,1.1,40.0,,,,,,,https://nd.api.nutrislice.com/menu/api/weeks/school/58415/menu-type/28583/2026/10/7
2026-10-06,1949308,Fresh Guacamole,"Avocado (Avocado.), Tomato (Tomato.), Onion (Fresh Yellow Onions.), 100% Lemon Juice (Lemon Juice from Concentrate (Water, Concentrated Lemon Juice), Sodium Benzoate (Preservative) and Lemon Oil.), Jalapeno Pepper (jalapeno pepper), Cilantro (Fresh Cilantro.), Coarse Kosher Salt (Salt).",3,z,99.0,9.0,1.0,,0.0,6.0,0.0,1.0,348.0,46.0,4.0,1.0,0.6,11.0,,,,,,,https://nd.api.nutrislice.com/menu/api/weeks/school/58415/menu-type/28583/2026/10/7
2026-10-06,1756415,Jalapeno Monterey Jack,"Pasteurized milk, Jalapeno Peppers, cheese culture, salt and enzymes. COMMON ALLERGENS PRESENT: Milk..",1,slice,63.0,5.0,3.2,,18.0,0.0,0.0,0.0,9.0,108.0,0.0,5.0,0.0,131.0,,,,,,,https://nd.api.nutrislice.com/menu/api/weeks/school/58415/menu-type/28583/2026/10/7
2026-10-06,1888384,Sliced Smoked Turkey,"Turkey Breast Meat, Water, Salt, Turbinado Sugar, Carrageenan (from seaweed), Baking Soda..",2.5,z,76.0,1.9,0.6,,32.0,1.0,0.0,1.0,0.0,456.0,0.0,13.0,0.5,0.0,,,,,,,https://nd.api.nutrislice.com/menu/api/weeks/school/58415/menu-type/28583/2026/10/7
2026-10-06,1917102,Hummus,"Dry Garbanzo Bean (Garbanzo Beans.), Tahini (Sesame Seed) Paste (Sesame Seed. Contains: Sesame Seed.), Salad Oil (Soybean Oil.), 100% Lemon Juice (Lemon Juice from Concentrate (Water, Concentrated Lemon Juice), Sodium Benzoate (Preservative) and Lemon Oil.), Coarse Kosher Salt (Salt), Water (Filtered Tap Water.), Peeled Garlic (Garlic.), Baking Soda (Sodium Bicarbonate.).",2,oz,249.0,14.0,1.7,,0.0,23.0,0.0,4.0,234.0,457.0,5.0,8.0,2.2,22.0,,,,,,,https://nd.api.nutrislice.com/menu/api/weeks/school/58415/menu-type/28583/2026/10/7
2026-10-06,1917104,Hummus Red Pepper,"Garbanzo Beans (Prepared Chick Peas, Water, Salt, Calcium Chloride (Firming Agent), Disodium EDTA (Promotes Color Retention).), Tahini (Sesame Seed) Paste (Sesame Seed. Contains: Sesame Seed.), Roasted Italian Red Pepper (Red Peppers, Water, Salt, Citric Acid, Calcium Chloride.), 100% Lemon Juice (Lemon Juice from Concentrate (Water, Concentrated Lemon Juice), Sodium Benzoate (Preservative) and Lemon Oil.), Oil Blend Canola & EVOO 75/25 (Canola Oil & Extra Virgin Olive Oil.), Coarse Kosher Salt (Salt), Peeled Garlic (Garlic.), Roasted Garlic Base Concentrate (Roasted Garlic, Water, Sauteed Vegetable Puree Mix (Carrots, Onions, Celery), Dextrose, Salt, Dried Garlic, 2% Or Less Of Canola Oil, Dried Onions, Potassium Chloride, Celery Juice Concentrate.), Tabasco Sauce (Distilled Vinegar, Red Pepper and Salt.), Ground Cayenne Pepper (Cayenne Peppers.), Mild Chili Powder (Chili Pepper, Salt, Spices, Dehydrated Garlic.).",1,z,66.0,4.8,0.6,,0.0,4.0,0.0,1.0,27.0,147.0,1.0,2.0,0.8,7.0,,,,,,,https://nd.api.nutrislice.com/menu/api/weeks/school/58415/menu-type/28583/2026/10/7
2026-10-06,1756339,Bacon,"Ingredients: Bacon (Cured With Water, Salt, Sugar, Sodium Erythorbate, Sodium Nitrite. May also containSmoke Flavoring, Dextrose, Sodium Phosphate, Potassium Chloride, Sodium Diacetate, Flavoring, Honey)..",1,Tbsp,61.0,4.6,2.0,,25.0,0.0,0.0,0.0,0.0,324.0,0.0,5.0,0.0,0.0,,,,,,,https://nd.api.nutrislice.com/menu/api/weeks/school/58415/menu-type/28583/2026/10/7
2026-10-06,1756413,Mild Cheddar,"Pasteurized milk, cheese culture, salt, enzyme, color added. COMMON ALLERGENS PRESENT: Milk..",1,slice,81.0,7.0,4.1,,20.0,0.0,0.0,0.0,20.0,137.0,0.0,5.0,0.0,152.0,,,,,,,https://nd.api.nutrislice.com/menu/api/weeks/school/58415/menu-type/28583/2026/10/7
2026-10-06,1756418,Provolone Cheese Slice,"Pasteurized Milk, Cheese Culture, Salt, Enzymes. Common Allergens Present: Milk..",1,slice,71.0,6.0,3.5,,15.0,0.0,0.0,0.0,30.0,192.0,0.0,5.0,0.1,162.0,,,,,,,https://nd.api.nutrislice.com/menu/api/weeks/school/58415/menu-type/28583/2026/10/7
2026-10-06,1756425,Smoked Sliced Ham,"Pork, Water, Natural Salt Blend (Potassium Chloride, Sea Salt), Turbinado Sugar, Salt, Cultured Celery Powder, Cherry Powder..",1,oz,30.0,0.8,0.3,,15.0,1.0,0.0,1.0,0.0,177.0,0.0,5.0,0.2,0.0,,,,,,,https://nd.api.nutrislice.com/menu/api/weeks/school/58415/menu-type/28583/2026/10/7
2026-10-06,2042095,Genoa Salami Slices,"Pork, Beef, Salt, Dextrose, Lactic Acid Starter Culture, Spices, Sodium Ascorbate,Sodium Nitrite, Garlic Powder, BHA, BHT, Citric Acid..",2,z,223.0,20.0,7.0,,46.0,2.0,2.0,2.0,172.0,850.0,0.0,10.0,0.8,20.0,,,,,,,https://nd.api.nutrislice.com/menu/api/weeks/school/58415/menu-type/28583/2026/10/7
2026-10-06,1756401,Tuna Salad,"Tuna (Light tuna, water, vegetable broth, salt), Lemon (Fresh Lemons.), Mayonnaise Premium Kens (Soybean Oil, Water, Egg, Distilled Vinegar, Egg Yolk, Contains Less Than 2% Of Salt, Sugar, Lemon Juice Concentrate, Calcium Disodium EDTA (To Protect Flavor), Paprika Extract (Color), Natural Flavor. Contains: Egg), Celery (Celery.), Coarse Kosher Salt (Salt), Ground Black Pepper (Ground Black Pepper.).",1,z,49.0,3.9,0.5,,10.0,0.0,0.0,0.0,60.0,116.0,0.0,4.0,0.2,2.0,,,,,,,https://nd.api.nutrislice.com/menu/api/weeks/school/58415/menu-type/28583/2026/10/7
2026-10-06,1756284,Avocado,Avocado..,1,oz,47.0,4.4,0.5,,0.0,2.0,0.0,0.0,143.0,3.0,2.0,0.0,0.2,3.5,,,,,,,https://nd.api.nutrislice.com/menu/api/weeks/school/58415/menu-type/28583/2026/10/7
2026-10-06,2015582,Boom Boom Chicken Salad,"Boneless Chicken Wing (Boneless Skinless Chicken Breast Chunks, Water, Chicken Flavor [Modified Rice Starch, Maltodextrin, Hydrolyzed Soy Protein, Natural Flavor, Chicken Fat, Tapioca Dextrin, Onion Juice Concentrate, Autolyzed Yeast Extract, Salt, (Contains Less Than 2% Of The Following: Chicken Broth, Citric Acid, Dextrin, Disodium Guanylate, Disodium Inosinate, Disodium Phosphate, Dried Chicken, Lactic Acid, Modified Corn Starch, Pectin, Smoke Flavor, Succinic Acid, Sugar, Thiamine Hydrochloride)], Modified Food Starch, Vinegar, Sodium Phosphates, Salt. Breaded And Battered With: Wheat Flour, Water, Modified Corn Starch, Salt, Leavening (Sodium Acid Pyrophosphate, Sodium Bicarbonate), Soybean Oil (As A Processing Aid), Spices (Including Celery Seed), Soy Flour, Garlic Powder, Onion Powder, Extractives Of Paprika. Pre-dusted With: Wheat Flour, Wheat Gluten, Salt, Soybean Oil (As A Processing Aid), Spices (Including Celery Seed), Soy Flour, Garlic Powder, Onion Powder, Extractives Of Paprika. Breading Set In Vegetable Oil. Contains: Soy, Wheat.), Spring Mix (50% Baby Green Leaf, 30% Baby Red Leaf & 20% Baby Arugula.), Dressing Boom Boom (Soybean Oil, Water, Distilled Vinegar, Sugar, Egg Yolk, Aged Cayenne Red Pepper, Salt, Contains Less Than 2% Of Garlic, Red Bell Pepper, Chili Pepper, Chili De Arbol Pepper*, Plum, Rice Vinegar, Mustard Seed, Shallots*, Potassium Sorbate And Sodium Benzoate And Sodium Metabisulfite (Preservatives), Modified Corn Starch, Paprika, Spice, Oleoresin Paprika (Color), Annatto And Turmeric (Color), Xanthan Gum, Citric Acid, Turmeric (Color), Calcium Disodium Edta (To Protect Flavor), Tartaric Acid, Mustard Oil, Sulfiting Agents. *Dried. Contains: Eggs.), Double Grilled Chicken Breast Chunks (Boneless Skinless Chicken Breast Chunks With Rib Meat, Water, Contains 2% Or Less Of The Following: Citric Acid, Dehydrated Parsley, Dehydrated Red Bell Pepper, Dextrose, Garlic Powder, Grill Flavor (From Sunflower Oil), Lemon Juice Solids, Maltodextrin, Modified Food Starch, Natural Flavors, Onion Powder, Salt, Sodium Phosphates, Spices, Sugar, Vinegar Solids, Xanthan Gum, Yeast Extract.), Shredded Pepper Jack (Cultured Pasteurized Milk, Jalapeno Peppers, Salt, Enzymes, And Anti cake.), Dressing Ranch (Soybean Oil, Water, Cultured Buttermilk, Egg Yolk, Distilled Vinegar, Contains Less Than 2% Of Salt, Monosodium Glutamate, Modified Corn Starch, Buttermilk Solids, Sugar, Garlic,* Xanthan Gum, Spice, Citric Acid, Onion,* Sorbic Acid (Preservative), Calcium Disodium Edta (To Protect Flavor), Milk, Natural Flavor, Egg Whites. *Dried Contains Egg, Milk.), Tomato (Tomato.), Canola Oil (Canola Oil, TBHQ and Citric Acid Added To Protect Flavor, Dimethylpolysiloxanes, An Anti-Foaming Agent Added.), Shredded Carrot (Carrots.), Sliced Red Onion (Red Onions.), Banana Pepper (Fresh Banana Peppers, Water, Vinegar, Salt, Contains Less Than2% Of Malic And Lactic Acid, Calcium Chloride, Sodium Benzoate(Preservative), Sodium Metabisulfite (Preservative, Contains Sulfites), Yellow 5.), Tri-Color Tortilla Strips (Corn Masa Flour, Vegetable Oil (Sunflower, Safflower And/Or Canola Oil), Salt, Red 40, Blue 1, Blue 2.).",1,salad,741.0,55.0,13.0,,159.0,27.0,3.0,6.0,581.0,1726.0,2.0,30.0,1.7,227.0,,,,,,,https://nd.api.nutrislice.com/menu/api/weeks/school/58415/menu-type/28583/2026/10/7
2026-10-06,1756345,French Fries,"French Fries (Potatoes, Vegetable Oil (Contains One Or More Of The Following Oils: Canola, Soybean, Cottonseed, Sunflower, Corn). Contains 2% or less of Baking Soda, Dextrin, Dextrose, Potato Starch - Modified, Rice Flour, Salt, Sodium Acid Pyrophosphate (Maintains Natural Color & Leavening), Xanthan Gum. COMMON ALLERGENS PRESENT: None.), Canola Oil (Canola Oil, TBHQ and Citric Acid Added To Protect Flavor, Dimethylpolysiloxanes, An Anti-Foaming Agent Added.).",3,z,194.0,14.0,0.8,,0.0,17.0,0.0,1.0,218.0,322.0,1.0,1.0,0.3,9.0,,,,,,,https://nd.api.nutrislice.com/menu/api/weeks/school/58415/menu-type/28583/2026/10/7
2026-10-06,2326978,Smash Burger,"4z Beef Patties (Beef.), Hamburger Bun (Unbleached Enriched Flour (Wheat Flour, Malted BarleyFlour, Niacin, Iron, Thiamin Mononitrate, Riboflavin, Folic Acid), Water, HighFructose Corn Syrup, Yeast, Soybean Oil, Wheat Gluten, Contains 2% orless of the following: Salt, Calcium Propionate (Preservative), MonocalciumPhosphate, Wheat Starch, Sesame, Enzymes, Ascorbic Acid. Contains: Wheat, Sesame.), Ground Black Pepper (Ground Black Pepper.), Coarse Kosher Salt (Salt), Granulated Garlic (Dried Garlic.), Onion Granulated Spice (Dried Onion.).",1,burger,569.0,27.0,10.0,,81.0,51.0,7.0,7.0,402.0,1176.0,2.0,28.0,4.8,112.0,,,,,,,https://nd.api.nutrislice.com/menu/api/weeks/school/58415/menu-type/28583/2026/10/7
2026-10-06,1769875,Garden Herb Grilled Chicken,"Chix Tndrln Jumbo Raw CVP Fs (Chicken Tenderloins.), Water (Filtered Tap Water.), Salad Oil (Soybean Oil.), Marinade Garden Herb & Tomato (Blended of Salt, Dehydrated Garlic, Sugar, Dehydrated Tomatoes, Vinegar Powder (Maltodextrin, Food Starch Modified, And Vinegar Solids), Sodium Phosphate (10.34%) Spice, Lemon Juice Powder (Corn Syrup Solids And Lemon Juice Solids), Onion Powder, Modified Food Starch, Deydrated Bell Peppers, Citric Acid.).",1,tender,112.0,2.5,0.4,,57.0,0.0,0.0,0.0,333.0,39.0,0.0,21.0,0.3,8.0,,,,,,,https://nd.api.nutrislice.com/menu/api/weeks/school/58415/menu-type/28583/2026/10/7
2026-10-06,1796497,Italian Beef Sandwich,"Sliced Italian Roll 7"" (Enriched Wheat Flour (Wheat flour, malted barley flour,niacin, iron, thiamine mononitrate, riboflavin, folic acid), Water, DoughConditioner (Salt, Sugar, Enriched Wheat Flour (Wheat Flour, Dextrose,Soybean Oil, Calcium Stearoyl Lactylate (CSL) and 2% or Less of Each ofthe Following: Malt Powder (Dried Corn Syrup, Barley Malt Extract), DiacetylTartaric Acid Esters of Mono-Diglycerides (DATEM), Mono- AndDiglycerides, Ascorbic Acid (Vitamin C), Potassium Iodate, EthoxylatedMono- and Diglycerides, Calcium Sulfate, Enzymes), and Yeast, SoybeanOil, Blend of Enzymes (Calcium Sulfate, Wheat Starch), Yellow Cornmeal,Vital Wheat Gluten, Hydrated Distilled Monoglyceride (Water,Monoglycerides and 2% or Less of Each of the Following: PreservativesPropionic Acid and Phosphoric Acid), Calcium Propionate, Citric Acid,Carnuaba Wax, Sorbic Acid, Fully Hydrogenated Soybean Oil.), Beef Roast Shaved with Au Jus (Italian Style Seasoned Beef with Gravy: Ingredients: Cooked Seasoned Beef (Water, Soy Protein Concentrate, Salt, Sodium Phosphates, Hydrolyzed Corn Protein, Beef Broth, Monosodium Glutamate, Carrot Powder, Spices, Flavoring), Gravy (Water, Contains 2% or less of Tomato Puree (Tomatoes, Salt, Citric Acid), Salt, Garlic Juice, Dehydrated Carrot, Hydrolyzed Soy Protein, Maltodextrin, Spices, Monosodium Glutamate, Beef Flavor (Hydrolyzed Soy Protein, Corn Syrup Solids, Thiamine Hydrochloride, Soybean Oil, Disodium Inosinate and Disodium Guanylate), Potassium Sorbate (to preserve freshness), Dried Beef Stock, Yeast Extract, Natural Flavors, Soybean Oil, Caramel Color, Beef Extract, Garlic Powder, Onion Powder, Rosemary Extract, Disodium Inosinate and Disodium Guanylate, Thiamine Hydrochloride. Gravy: Ingredients: Water, Contains 2% or less of Tomato Puree (Tomatoes, Salt, Citric Acid), Salt, Garlic Juice, DehydratedCarrot, Hydrolyzed Soy Protein, Maltodextrin, Spices, Monosodium Glutamate, Beef Flavor (Hydrolyzed Soy Protein, Corn Syrup Solids, Thiamine Hydrochloride, Soybean Oil, Disodium Inosinate and Disodium Guanylate), Potassium Sorbate (to preserve freshness), Dried Beef Stock, Yeast Extract, Natural Flavors, Soybean Oil, Caramel Color, Beef Extract, Garlic Powder, Onion Powder, Rosemary Extract, DisodiumInosinate and Disodium Guanylate, Thiamine Hydrochloride. COMMON ALLERGENS PRESENT: Soy.), Provolone Cheese Slice (Pasteurized Milk, Cheese Culture, Salt, Enzymes. Common Allergens Present: Milk.), Chicago-Style Hot Giardiniera (Soybean Oil, Hot Peppers, Carrots, Cauliflower, Celery, Gherkins, Spices, Vinegar, Sodium Benzoate, Sodium Bisulfite.), Pepperoncini (Pepperoncini, Water, Salt, Acetic Acid, Citric Acid, Sodium Metabisulfite (To Retain Color), Sodium Benzoate (As Preservative), Fd & C Yellow#5.).",2.5,z beef+roll,366.0,11.0,4.0,,31.0,43.0,0.0,1.0,29.0,1057.0,3.0,21.0,3.3,260.0,,,,,,,https://nd.api.nutrislice.com/menu/api/weeks/school/58415/menu-type/28583/2026/10/7
2026-10-06,2460605,Organic Malibu Vegan Gardenburger,"COOKED BROWN RICE (WATER, ORGANIC BROWN RICE), WATER, ORGANIC CORN, ORGANIC CARROTS, ORGANIC ONIONS, ORGANIC GREEN PEPPERS, ORGANIC ROLLED OATS, ORGANIC CANOLA OIL, ORGANIC HIGH OLEIC SUNFLOWER OIL, ORGANIC RED BELL PEPPERS, ORGANIC SOY PROTEIN FLOUR, CONTAINS TWO PERCENT OR LESS OF GUM BLEND (CARRAGEENAN, KONJAC FLOUR), ORGANIC SOY SAUCE (WATER, ORGANIC SOYBEANS, SALT, ORGANIC WHEAT), ORGANIC ONION POWDER, BROCCOLI, SEA SALT, ORGANIC GARLIC POWDER, ORGANIC BLACK PEPPER. COMMON ALLERGENS PRESENT: Wheat, Soy..",3.2,z patty,160.0,8.0,1.0,,0.0,21.0,0.0,2.0,269.0,439.0,3.0,4.0,0.8,30.0,,,,,,,https://nd.api.nutrislice.com/menu/api/weeks/school/58415/menu-type/28583/2026/10/7
2026-10-06,2460606,Chix Patty Sandwich,"Hamburger Bun (Unbleached Enriched Flour (Wheat Flour, Malted BarleyFlour, Niacin, Iron, Thiamin Mononitrate, Riboflavin, Folic Acid), Water, HighFructose Corn Syrup, Yeast, Soybean Oil, Wheat Gluten, Contains 2% orless of the following: Salt, Calcium Propionate (Preservative), MonocalciumPhosphate, Wheat Starch, Sesame, Enzymes, Ascorbic Acid. Contains: Wheat, Sesame.), Breaded Chicken Breast Fritter (Boneless chicken breast with rib meat, water, seasoning [salt, flavors, maltodextrin, sugar, vegetable stock (carrot, onion, celery), garlic powder], salt, sodium phosphates. BREADED WITH: Wheat flour, water, salt, wheat gluten, leavening (sodium bicarbonate, sodiumaluminum phosphate, monocalcium phosphate, sodium acid pyrophosphate), spices, garlic powder, onion powder, disodium inosinate and disodium guanylate, natural flavor. Breading set in vegetable oil. COMMON ALLERGENS PRESENT: WHEAT.), Canola Oil (Canola Oil, TBHQ and Citric Acid Added To Protect Flavor, Dimethylpolysiloxanes, An Anti-Foaming Agent Added.).",1,patty,518.0,19.0,3.4,,30.0,63.0,7.0,7.0,241.0,1111.0,2.0,21.0,3.4,102.0,,,,,,,https://nd.api.nutrislice.com/menu/api/weeks/school/58415/menu-type/28583/2026/10/7
2026-10-06,1756047,Granola,"Whole Grain Oats, Sugar, Canola Oil, Rice Flour, Honey, Salt, Brown Sugar Syrup, Baking Soda, Soy Lecithin, Natural Flavor. Common Allergens Present: Soy..",1,oz,126.0,4.7,0.5,,0.0,20.0,7.0,7.0,0.0,100.0,1.0,2.0,0.6,0.0,,,,,,,https://nd.api.nutrislice.com/menu/api/weeks/school/58415/menu-type/28583/2026/10/7
2026-10-06,1920554,Deleted - Vinegar Balsamic Roland,"Wine Vinegar, Cooked Grape Must, Caramel Color. Contains: Sulfites. COMMON ALLERGENS PRESENT: NONE..",1,Tbsp,18.0,0.0,0.0,,0.0,4.0,1.0,4.0,21.0,0.0,0.0,0.0,0.2,4.0,,,,,,,https://nd.api.nutrislice.com/menu/api/weeks/school/58415/menu-type/28583/2026/10/7
2026-10-06,1756205,Creamy Caesar,"Soybean Oil, Distilled Vinegar, Water, Parmesan Cheese (Pasteurized Part-Skim Milk, Cheese Cultures, Salt, Enzymes), Romano Cheese (Pasteurized Part-Skim Milk, Cheese Cultures, Salt, Enzymes), Sugar, Egg Yolk, Salt, Contains Less Than 2% Of Garlic Juice, Modified Corn Starch, Spice, Natural Flavor, Garlic*, Xanthan Gum, Anchovies, Polysorbate 60, Onion*, Corn Syrup, Sodium Benzoate (Preservative), Lactic Acid, Maltodextrin, Calcium Disodium Edta (To Protect Flavor), Celery Seed, Tamarind, Autolyzed Yeast Extract. *Dried. Contains: Milk, Eggs, Fish (Anchovy)..",1,oz,113.0,11.0,1.9,,14.0,2.0,1.0,1.0,9.0,293.0,0.0,1.0,0.0,28.0,,,,,,,https://nd.api.nutrislice.com/menu/api/weeks/school/58415/menu-type/28583/2026/10/7
2026-10-06,1756472,Country French,"Soybean Oil, Sugar, Water, Distilled Vinegar, Apple Cider Vinegar, Tomato Paste, Honey, Contains Less Than 2% Of Salt, Paprika, Mustard Flour, Xanthan Gum, Onion,* Garlic,* Beetroot Juice Concentrate, Natural Flavor. *Dried..",1,oz,124.0,12.0,1.8,,0.0,6.0,5.0,6.0,0.0,204.0,0.0,0.0,0.0,0.0,,,,,,,https://nd.api.nutrislice.com/menu/api/weeks/school/58415/menu-type/28583/2026/10/7
2026-10-06,1928031,Honey Mustard Dressing,"Soybean Oil, High Fructose Corn Syrup, Spicy Brown Mustard (Distilled Vinegar, Water, Mustard Seed, Salt, Turmeric, Spices), Honey, Distilled Vinegar, Egg Yolk, Contains Less Than 2% Of Salt, Water, Propylene Glycol Alginate, Mustard Flour, Calcium Disodium Edta (To Protect Flavor). Contains Egg..",1,fl oz,146.0,14.0,2.7,,9.0,7.0,7.0,7.0,0.0,128.0,0.0,0.0,0.0,0.0,,,,,,,https://nd.api.nutrislice.com/menu/api/weeks/school/58415/menu-type/28583/2026/10/7
2026-10-06,1756213,Low Calorie Italian,"Water, Distilled Vinegar, Sugar, Vegetable Oil (Soybean And/Or Canola), Salt, Contains Less Than 2% Of Garlic*, Xanthan Gum, Onion*, Lemon Juice Concentrate, Spice, Red Bell Pepper*, Calcium Disodium Edta (To Protect Flavor), Paprika Extract (Color), Natural Flavor, Annatto Extract (Color). *Dried.",2,Tbsp,23.0,1.9,0.0,,0.0,3.0,2.0,2.0,9.0,413.0,0.0,0.0,0.0,0.0,,,,,,,https://nd.api.nutrislice.com/menu/api/weeks/school/58415/menu-type/28583/2026/10/7
2026-10-06,1756474,Buttermilk Ranch,"Soybean Oil, Water, Distilled Vinegar, Egg Yolk, Buttermilk Solids, Contains Less Than 2% Of Salt, Sugar, Lemon Juice Concentrate, Garlic*, Onion*, Xanthan Gum, Sorbic Acid (Preservative), Natural Flavor, Cream, Spice, Whey, Vinegar Powder, Buttermilk, Yeast Extract, Milk, Sour Cream Powder, Lactic Acid, Calcium Disodium Edta (To Protect Flavor), Citric Acid. *Dried. Contains: Milk, Eggs.",1,oz,132.0,13.0,2.0,,10.0,1.0,0.0,1.0,15.0,182.0,0.0,0.0,0.0,10.0,,,,,,,https://nd.api.nutrislice.com/menu/api/weeks/school/58415/menu-type/28583/2026/10/7
2026-10-06,1756477,Lite Ranch,"Cultured Buttermilk, Water, Vegetable Oil (Soybean And/Or Canola), Distilled Vinegar, Egg Yolk, Contains Less Than 2% Of Salt, Corn Starch, Sugar, Disodium Inosinate And Disodium Guanylate, Nonfat Milk Powder, Onion,* Xanthan Gum, Nonfat Milk Solids, Sorbic Acid (Preservative), Lactic Acid, Spice, Cream, Garlic,* Whey, Vinegar Powder, Mustard Flour, Guar Gum, Sour Cream Powder, Milk, Dipotassium Phosphate, Natural Flavor, Citric Acid. *Dried. Contains Egg, Milk.",1,oz,66.0,7.0,0.9,,5.0,1.0,0.0,1.0,0.0,236.0,0.0,1.0,0.0,0.0,,,,,,,https://nd.api.nutrislice.com/menu/api/weeks/school/58415/menu-type/28583/2026/10/7
2026-10-06,1756123,Balsamic Vinaigrette,"Water, High Fructose Corn Syrup, Balsamic Vinegar (Wine Vinegar, Concentrated Grape Must, Caramel Color), Red Wine Vinegar, Vegetable Oil (Soybean And/Or Canola), Olive Oil, Contains Less Than 2% Of Salt, Dried Garlic, Xanthan Gum, Spice, Sodium Alginate, Propylene Glycol Alginate, Calcium Disodium Edta (To Protect Flavor), Sulfiting Agents..",1,oz,55.0,4.6,0.9,,0.0,5.0,4.0,4.0,9.0,192.0,0.0,0.0,0.0,0.0,,,,,,,https://nd.api.nutrislice.com/menu/api/weeks/school/58415/menu-type/28583/2026/10/7
2026-10-06,1756479,Fat Free Raspberry Vinaigrette,"Water, Distilled Vinegar, Sugar, Corn Syrup Solids, Contains Less Than 2% Of Cucumber Juice, Salt, Vegetable Juice Color, Raspberry Juice Concentrate, Xanthan Gum, Onion*, Red Bell Pepper*, Citric Acid, Potassium Sorbate (Preservative), Artificial Flavor, Garlic*, Calcium Disodium Edta (To Protect Flavor), Beta Carotene (Color). *Dried..",1,fl oz,30.0,0.0,0.0,,0.0,8.0,7.0,7.0,13.0,79.0,0.0,0.0,0.0,0.0,,,,,,,https://nd.api.nutrislice.com/menu/api/weeks/school/58415/menu-type/28583/2026/10/7
2026-10-06,1920552,100% Extra Virgin Olive Oil,100% Extra Virgin Olive Oil..,1,Tbsp,118.0,14.0,2.0,,0.0,0.0,0.0,0.0,0.0,0.0,0.0,0.0,0.0,0.0,,,,,,,https://nd.api.nutrislice.com/menu/api/weeks/school/58415/menu-type/28583/2026/10/7
2026-10-06,1756510,Red Wine Vinegar,Red Wine Vinegar and Filtered Water..,1,fl oz,0.0,0.0,0.0,,0.0,0.0,0.0,0.0,0.0,0.0,0.0,0.0,0.0,0.0,,,,,,,https://nd.api.nutrislice.com/menu/api/weeks/school/58415/menu-type/28583/2026/10/7
2026-10-06,1756055,Blueberry Yogurt,"Cultured Milk and Skim Milk, Sugar, Blueberries, Natural Flavors, Fruit and Vegetable Juice (color), Lemon Juice, Carob Bean Gum, Modified Cornstarch, Carrageenan, Pectin, Vitamin A Palmitate and Vitamin D3..",6,z cup,130.0,1.5,1.0,,10.0,24.0,12.0,18.0,240.0,85.0,0.0,5.0,0.1,170.0,,,,,,,https://nd.api.nutrislice.com/menu/api/weeks/school/58415/menu-type/28583/2026/10/7
2026-10-06,1756058,Plain Greek Yogurt,Cultured Grade A Non Fat Milk Contains Active Yogurt Cultures: S. Thermophilus & L. Bulgaricus. Common Allergens Present: Milk..,1,oz,17.0,0.0,0.0,,1.0,1.0,0.0,1.0,32.0,11.0,0.0,3.0,0.0,32.0,,,,,,,https://nd.api.nutrislice.com/menu/api/weeks/school/58415/menu-type/28583/2026/10/7
2026-10-06,1756278,Plain Fat Free Yogurt,"Cultured Milk and Skim Milk, Sugar, Modified Cornstarch, Carrageenan, Pectin, Vitamin A Palmitate and Vitamin D3. Allergens Contains: Milk..",1,oz,13.0,0.0,0.0,,1.0,2.0,0.0,2.0,53.0,18.0,0.0,1.0,0.0,40.0,,,,,,,https://nd.api.nutrislice.com/menu/api/weeks/school/58415/menu-type/28583/2026/10/7
2026-10-06,1756068,Strawberry Yogurt,"Cultured Milk and Skim Milk, Sugar, Strawberries, Natural Flavors, Carob Bean Gum, Fruit and Vegetable Juice (color), Modified Cornstarch, Carrageenan, Pectin, Vitamin A Palmitate and Vitamin D3..",6,z cup,130.0,1.5,1.0,,10.0,24.0,12.0,18.0,240.0,85.0,0.0,5.0,0.1,170.0,,,,,,,https://nd.api.nutrislice.com/menu/api/weeks/school/58415/menu-type/28583/2026/10/7
2026-10-06,1756321,Cottage Cheese,"Skim Milk, Milk, Cream, Lactose, Salt, Stabilizer (Guar Gum, Mono and Diglycerides, Xanthan Gum, Carrageenan, Carob Bean Gum), Citric Acid, Carbon Dioxide and Potassium Sorbate (Maintain Freshness) and Cheese Cultures..",0.5,cups,105.0,4.9,3.2,,24.0,5.0,1.0,4.0,0.0,486.0,0.0,11.0,0.3,65.0,,,,,,,https://nd.api.nutrislice.com/menu/api/weeks/school/58415/menu-type/28583/2026/10/7
2026-10-06,2135290,Deluxe Fruit Salad,"Cantaloupe, Honeydew, Pineapple, Oranges, Grapes, Water, Sugar, Citric Acid (used to lower pH)..",1,oz,12.0,0.0,0.0,,0.0,3.0,0.0,3.0,54.0,2.0,0.0,0.0,0.0,5.0,,,,,,,https://nd.api.nutrislice.com/menu/api/weeks/school/58415/menu-type/28583/2026/10/7
2026-10-06,1784208,Steamed Broccoli,Broccoli (Broccoli.).,4,z,35.0,0.0,0.0,,0.0,7.0,0.0,1.0,298.0,21.0,4.0,4.0,1.4,49.0,,,,,,,https://nd.api.nutrislice.com/menu/api/weeks/school/58415/menu-type/28583/2026/10/7
2026-10-06,1800139,Quinoa,"Pre Washed White Quinoa (Quinoa.), Coarse Kosher Salt (Salt), Water (Filtered Tap Water.).",4,z,403.0,5.0,0.0,,0.0,76.0,0.0,3.0,829.0,159.0,8.0,15.0,7.6,66.0,,,,,,,https://nd.api.nutrislice.com/menu/api/weeks/school/58415/menu-type/28583/2026/10/7
2026-10-06,1756337,Baked Sweet Potato,"Sweet Potato (Sweet Potatoes), Allergen Free Pan Coating Spray (Canola Oil, Canola Lecithin, Mono- and Diglycerides, Natural Flavor, and Propellant.).",1,potatoe,124.0,0.9,0.1,,0.0,27.0,0.0,8.0,611.0,45.0,4.0,3.0,0.9,49.0,,,,,,,https://nd.api.nutrislice.com/menu/api/weeks/school/58415/menu-type/28583/2026/10/7
2026-10-06,1769887,Garlic Parmesan Breadsticks,"Breadsticks (Unbleached, Enriched Flour (Wheat Flour, Malted BarleyFlour, Niacin, Iron, Thiamin Mononitrate, Riboflavin, Folic Acid), Water,Soybean Oil, Contains 2% Or Less Of: Sugar, Salt, Yeast, CalciumPropionate (Preservative), Wheat Starch, Enzymes, Ascorbic Acid. Contains: Wheat.), Grated Parmesan Cheese (Cultured Milk, Salt, Enzymes, Cellulose to prevent caking, Natamycin to protect flavor. Contains: Milk), Pan & Grill Butter Flavored Liquid Oil (Soybean Oil, Hydrogenated Soybean Oil, Soy Lecithin, Natural and Artificial Flavors, Artificial Color. COMMON ALLERGENS PRESENT: Soy.), Granulated Garlic (Dried Garlic.), Italian Seasoning No MSG (Oregano, Marjoram, Thyme, Basil, Rosemary, Sage.).",1,breadstick,141.0,4.6,1.4,,3.0,21.0,1.0,1.0,31.0,218.0,1.0,5.0,1.2,51.0,,,,,,,https://nd.api.nutrislice.com/menu/api/weeks/school/58415/menu-type/28583/2026/10/7
2026-10-06,2262374,Bucatini all'Amatriciana,"Whole Peeled Plum Tomato (San Marzano D.O.P. Plum Peeled Tomatoes, San Marzano D.O.P. Tomato Puree.), Frozen Bucatini (Enriched Bleached Unbromated Flour (Bleached Wheat Flour,Malted Barley Flour, Iron, Niacin, Thiamine Mononitrate, Riboflavin, Folic Acid), Semolina Flour (Durum Enriched Milled Wheat, Niacin, Iron, Thiamine Moninitrate, Riboflavin, Folic Acid), Organic Gluten, Salt, Pasteurized Liquid Egg Yolk, Purified Water, Rice Flour.CONTAINS: Wheat, Eggs. This facility processes: Wheat, Dairy, Eggs, Soy, Seafood and Tree Nuts.), Water (Filtered Tap Water.), Pork Bacon Jowl (Pork, Water, Salt, Sugar, Sodium Nitrite, Sodium Erythorbate, Coriander, Black Pepper. Contains: Pork), Romano Pecorino Grated Cheese (Pasteurized Sheep's Milk, Cheese Cultures, Salt, Enzymes, Powdered Cellulose Added To Prevent Caking. Contains: Milk. May Contains: Eggs, Peanuts, Tree Nuts, Wheat, Soy, Sesame.), Spanish Onion (Fresh Yellow Onions.), Extra Virgin Olive Oil (Extra Virgin Olive Oil.), Wine Pinot Noir Bota Box (Red Grapes. Alcohol: 13.5%.), Coarse Kosher Salt (Salt), Crushed Red Pepper (Red Pepper.).",1,serving,631.0,30.0,10.0,,183.0,64.0,0.0,10.0,562.0,1098.0,6.0,21.0,5.8,169.0,,,,,,,https://nd.api.nutrislice.com/menu/api/weeks/school/58415/menu-type/28583/2026/10/7
2026-10-06,2246522,Pasta with Alfredo Sauce,"Cavatappi Pasta (Durum wheat semolina, niacin, iron (ferrous sulfate), thiamin mononitrate, riboflavin, folic acid. COMMON ALLERGENS PRESENT: Wheat. MAY CONTAIN: Egg.), Half & Half UHT 32z Bottle (Milk, Cream, Dipotassium Phosphate. Contains: Milk.), Fresh Heavy Whipping Cream 0.5gal (Cream, Carrageenan. Contains: Milk.), Water (Filtered Tap Water.), Grated Romano (Domestic Romano Cheese: (Pasteurized Cow's Milk, Cheese Cultures, Salt, Enzymes), Powdered Cellulose added to prevent caking, Natamycin (A Natural Mold Inhibitor). Contains: MilkMay Contain: Eggs), Large Fresh Egg (Shelled Eggs. COMMON ALLERGENS PRESENT: Eggs.), All Purpose Bleached Gold Medal Flour (Bleached Wheat Flour, Malted Barley Flour, Niacin, Iron, Thiamin Mononitrate, Riboflavin, Folic Acid.), Plant Based Unsalted Butter (Palm And Palm Kernel Oil, Water, Sunflower Oil, Pea Protein, Sunflower Lecithin, Lactic Acid, Natural Flavor, Annatto (Color), Vitamin A Palmitate.), Coarse Kosher Salt (Salt), Salad Oil (Soybean Oil.), Ground White Pepper (White Pepper.).",8,z,600.0,25.0,15.0,,97.0,77.0,0.0,5.0,328.0,815.0,4.0,17.0,3.3,212.0,,,,,,,https://nd.api.nutrislice.com/menu/api/weeks/school/58415/menu-type/28583/2026/10/7
2026-10-06,2265810,Tableside Caesar Salad,"Romaine Lettuce (Romaine lettuce.), Bread Sourdough 5/8"" Slcd Fs HBC (Enriched Wheat Flour (Wheat Flour, Malted Barley Flour, Niacin, Iron, Thiamin Mononitrate, Riboflavin, Folic Acid), Water, Yeast, Soybean Oil, Contains 2% or less of the following: High Fructose Corn Syrup, Sugar, Salt, Partially Hydrogenated Cottonseed and/or Soybean Oil, Lactic Acid, Calcium Lactate, Fumaric Acid, Hydrogenated Vegetable Oil, Calcium Propionate and Potassium Sorbate (Preservatives), Dough Conditioners (DATEM, Ascorbic Acid, Enzymes), Soy Lecithin, Calcium Sulfate.), Oil Blend Canola & EVOO 75/25 (Canola Oil & Extra Virgin Olive Oil.), Lemon (Fresh Lemons.), Shaved Caesar Blend Cheese (Parmesan, Romano and Asiago Cheese: (Pasteurized Cows Milk, Cheese Cultures, Salt, Enzymes), Potato Starch and Powdered Cellulose added to prevent caking, Natamycin (A Natural Mold Inhibitor). COMMON ALLERGENS PRESENT: Milk.), Shaved Parmesan Cheese (Cultured Milk, Salt, Enzymes, Cellulose to Prevent Caking, Natamycin to Protect Flavor. Contains: Milk.), Salad Oil (Soybean Oil.), Plain Egg Yolk Liquid (Egg Yolks. COMMON ALLERGENS PRESENT: Egg.), Flat Anchovy Fillet in Olive Oil (Anchovies, Olive Oil, Salt. COMMON ALLERGENS PRESENT: FISH.), Grey Poupon Dijon Mustard (Distilled White Vinegar, Mustard Seed, Water, Salt, White Wine, Citric Acid, Tartaric Acid, Fruit Pectin, Sugar, Spices.), Unsalted Butter (Cream, SaltContains Milk), Worcestershire Sauce (Distilled Vinegar, Molasses, Water, Corn Syrup, Salt, Caramel Color, Sugar, Spices, Anchovy (Fish), Natural Flavor (Soy), Tamarind Extract & Soy Lecithin. Common Allergens Present: Soy, Fish.), Cracked Black Pepper (Black Pepper.), Peeled Garlic (Garlic.), Coarse Kosher Salt (Salt), Ground Black Pepper (Ground Black Pepper.).",1,salad,701.0,49.0,12.0,,68.0,44.0,0.0,8.0,661.0,1023.0,6.0,20.0,2.8,322.0,,,,,,,https://nd.api.nutrislice.com/menu/api/weeks/school/58415/menu-type/28583/2026/10/7
2026-10-06,1756378,Cheese Pizza,"20z Pizza Dough Ball (Enriched Flour Bleached (Wheat our, Malted Barley Flour, Niacin, Reduced Iron, Thiamine Mononitrate, Riboavin, Folic Acid), Water, Sugar, Salt, Soybean Oil with Mono & Di-glycerides, Wheat Gluten, Yeast, Enzymes, Ascorbic Acid, L-cysteine.), Fresh Shredded Mozzarella Cheese (Cultured Pasteurized Milk, Salt, Enzymes.), Whole Peeled Plum Tomato (San Marzano D.O.P. Plum Peeled Tomatoes, San Marzano D.O.P. Tomato Puree.), Water (Filtered Tap Water.), Tomato Paste (Tomatoes and Citric Acid.), Allergen Free Pan Coating Spray (Canola Oil, Canola Lecithin, Mono- and Diglycerides, Natural Flavor, and Propellant.), Grated Parmesan Cheese (Cultured Milk, Salt, Enzymes, Cellulose to prevent caking, Natamycin to protect flavor. Contains: Milk), Oil Blend Canola & EVOO 75/25 (Canola Oil & Extra Virgin Olive Oil.), Coarse Kosher Salt (Salt), Granulated Garlic (Dried Garlic.), Ground Black Pepper (Ground Black Pepper.), Ground Basil Leaf (Basil.), Oregano Ground (Oregano.), Parsley Flakes (Parsley.).",1,pizza,2473.0,112.0,48.0,,199.0,274.0,0.0,33.0,748.0,6690.0,25.0,116.0,18.2,1623.0,,,,,,,https://nd.api.nutrislice.com/menu/api/weeks/school/58415/menu-type/28583/2026/10/7
2026-10-06,1756381,Pepperoni Pizza,"20z Pizza Dough Ball (Enriched Flour Bleached (Wheat our, Malted Barley Flour, Niacin, Reduced Iron, Thiamine Mononitrate, Riboavin, Folic Acid), Water, Sugar, Salt, Soybean Oil with Mono & Di-glycerides, Wheat Gluten, Yeast, Enzymes, Ascorbic Acid, L-cysteine.), Fresh Shredded Mozzarella Cheese (Cultured Pasteurized Milk, Salt, Enzymes.), Halal Chicken & Beef Pepperoni (Green Mabha, Bht With Citric Acid Added To Help Protect Flavor.Smoke Flavoring Added Ingredients: Chicken, Beef, Turkey, Salt, Contains 2% OrLess Of Water, Dextrose, Spices, Smoke Flavoring, Flavoring, Garlic Powder,Oleoresin Of Paprika, Rosemary Extract, Sodium Ascorbate, Spice Extractive, CitricAcid, Lactic Acid Starter Culture, Bha, Bht, Sodium Nitrite.), Whole Peeled Plum Tomato (San Marzano D.O.P. Plum Peeled Tomatoes, San Marzano D.O.P. Tomato Puree.), Water (Filtered Tap Water.), Tomato Paste (Tomatoes and Citric Acid.), Allergen Free Pan Coating Spray (Canola Oil, Canola Lecithin, Mono- and Diglycerides, Natural Flavor, and Propellant.), Grated Parmesan Cheese (Cultured Milk, Salt, Enzymes, Cellulose to prevent caking, Natamycin to protect flavor. Contains: Milk), Oil Blend Canola & EVOO 75/25 (Canola Oil & Extra Virgin Olive Oil.), Coarse Kosher Salt (Salt), Granulated Garlic (Dried Garlic.), Ground Black Pepper (Ground Black Pepper.), Ground Basil Leaf (Basil.), Oregano Ground (Oregano.), Parsley Flakes (Parsley.).",1,pizza,3682.0,225.0,94.0,,501.0,274.0,0.0,33.0,748.0,11226.0,25.0,161.0,21.2,1623.0,,,,,,,https://nd.api.nutrislice.com/menu/api/weeks/school/58415/menu-type/28583/2026/10/7
2026-10-06,2024382,Philly Cheesesteak Pizza,"20z Pizza Dough Ball (Enriched Flour Bleached (Wheat our, Malted Barley Flour, Niacin, Reduced Iron, Thiamine Mononitrate, Riboavin, Folic Acid), Water, Sugar, Salt, Soybean Oil with Mono & Di-glycerides, Wheat Gluten, Yeast, Enzymes, Ascorbic Acid, L-cysteine.), Shaved Ribeye (Beef.), Provolone Cheese Slice (Pasteurized Milk, Cheese Culture, Salt, Enzymes. Common Allergens Present: Milk.), Shredded Mozz & Smoked Provolone Cheese (Pasteurized Milk; Skim Milk; Cheese Cultures; Salt; Enzymes; Powdered Cellulose (Added To Prevent Caking);Smoke Flavor; And Natamycin (Added As A Mold Inhibitor). Common Allergens Present: Milk.), Large Green Bell Peppers (Green Bell Peppers.), Spanish Onion (Fresh Yellow Onions.), Nacho Cheese Sauce (Skim Milk, Water, Canola Oil, Modified Corn Starch, Tomato Paste, Cheddar Cheese (Milk, Cheese Cultures, Salt, Enzymes), Natural Flavors, and less than 2% of the Following: Maltodextrin (Made from Corn), Jalapeño Peppers, Salt, Vinegar, Disodium Phosphate, Yeast Extract, Sodium Citrate, Annatto, Monosodium Glutamate, Cellulose Gum, Acetic Acid, Onion Powder, DATEM, Garlic Powder, Chili Powder, Spices and Citric Acid), Pan & Grill Butter Flavored Liquid Oil (Soybean Oil, Hydrogenated Soybean Oil, Soy Lecithin, Natural and Artificial Flavors, Artificial Color. COMMON ALLERGENS PRESENT: Soy.), Allergen Free Pan Coating Spray (Canola Oil, Canola Lecithin, Mono- and Diglycerides, Natural Flavor, and Propellant.), Granulated Garlic (Dried Garlic.), Ground Black Pepper (Ground Black Pepper.), Coarse Kosher Salt (Salt), Salad Oil (Soybean Oil.).",1,pizza,2729.0,136.0,50.0,,252.0,275.0,1.0,24.0,865.0,6213.0,21.0,130.0,18.9,1864.0,,,,,,,https://nd.api.nutrislice.com/menu/api/weeks/school/58415/menu-type/28583/2026/10/7
2026-10-06,2327001,Chocolate Chunk Cookie,"Hope's Chocolate Chunk Cookie Dough (Chocolate Chunks (Sugar, Unsweetened Chocolate, Cocoa Butter, Anhydrous Dextrose, Unsweetened Chocolate [Processed With Alkali], Soya Lecithin, Vanillin, Vanilla Extract.[May Contain Milk]), Enriched Wheat Flour (Bleached And Unbleached Wheat Flour, Niacin, Reduced Iron, Thiamine Mononitrate, Riboflavin, And Folic Acid), Butter, Brown Sugar, Sugar, Eggs (Pasteurized), Water, Invert Sugar, Modified Food Starch, Salt, Vanilla, Baking Soda, Soy Lecithin, Guar Gum. Contains A Bioengineered Food Ingredient. Contains Egg, Milk, Soy, Wheat. (May Contain Trace Amounts Of Tree Nuts And Peanuts).).",1,cookie,178.0,8.0,4.9,,20.0,28.0,11.0,18.0,64.0,134.0,0.0,2.0,1.0,10.0,,,,,,,https://nd.api.nutrislice.com/menu/api/weeks/school/58415/menu-type/28583/2026/10/7
2026-10-06,2327004,Sugar Cookie,"Hope's Old Fashion Sugar Cookie Dough (Enriched Wheat Flour (Bleached And Unbleached Wheat Flour, Niacin, Reduced Iron, ThiamineMononitrate, Riboflavin And Folic Acid), Sugar, 0 Trans Fat Palm Soy Blend Margarine (Soy Bean Oil And/Or Palm Oil, Water, Salt, Mono And Diglycerides, Soy Lecithin, Natural Flavor, Annatto Color, Vitamin A Palmitate), Eggs (Pasteurized), Nonfat Dry Milk, Modified Food Starch, Whey Protein, Invert Sugar, Salt, Baking Soda, Soy Lecithin, N & A Flavoring, Natural Flavor, Guar Gum. Contains A Bioengineered Food Ingredient. Contains Egg, Milk, Soy, Wheat. (May Contain Trace Amounts Of Tree Nuts And Peanuts).).",1,cookie,178.0,7.0,2.5,,5.0,26.0,12.0,13.0,36.0,208.0,0.0,2.0,1.0,17.0,,,,,,,https://nd.api.nutrislice.com/menu/api/weeks/school/58415/menu-type/28583/2026/10/7
2026-10-06,2106694,Kashmiri Chicken Curry,"Diced Chicken Thigh Meat (Boneless, Skinless Diced Chicken Thigh Meat Containing: Up To 15% Of A Solution Of Water And Sea Salt.), Sauce Jalfrezi Curry, Diced Tomato in Juice (Diced Tomatoes, Tomato Juice, Salt, Calcium Chloride, Citric Acid.), Spanish Onion (Fresh Yellow Onions.), Red Bliss Potatoes (Red Potatoes.), Plain Greek Yogurt (Cultured Grade A Non Fat Milk Contains Active Yogurt Cultures: S. Thermophilus & L. Bulgaricus. Common Allergens Present: Milk.), Peeled Garlic (Garlic.), Mild Chili Powder (Chili Pepper, Salt, Spices, Dehydrated Garlic.), Ginger Root (Fresh Ginger Root), Cilantro (Fresh Cilantro.), Coarse Kosher Salt (Salt), Salad Oil (Soybean Oil.).",6,z,112.0,4.6,1.8,,40.0,8.0,1.0,3.0,221.0,583.0,0.0,10.0,0.5,16.0,,,,,,,https://nd.api.nutrislice.com/menu/api/weeks/school/58415/menu-type/28583/2026/10/7
2026-10-06,1756583,Naan,"Enriched Wheat Flour (Wheat Flour, Ascorbic Acid as Dough Conditioner, Niacin, Reduced Iron, Thiamine Mononitrate, Riboflavin, Enzymes, Folic Acid), Buttermilk (Skim Milk, Dry Buttermilk, Bacterial Culture), Water, Canola and/or Soybean Oil, Eggs, Sugar, Baking Powder (Sodium Acid Pyrophosphate, Sodium Bicarbonate, Corn Starch, Monocalcium Phosphate), Sea Salt, Dextrose, Ghee (Clarified Butter), Dextrin, Vinegar, Carrot Fiber, Yeast..",1,naan,376.0,9.0,2.0,,20.0,59.0,2.0,6.0,137.0,931.0,2.0,12.0,4.0,131.0,,,,,,,https://nd.api.nutrislice.com/menu/api/weeks/school/58415/menu-type/28583/2026/10/7
2026-10-06,1796656,Steamed Brown Rice,"Long Grain Brown Rice (Long Grain Brown Rice), Water (Filtered Tap Water.).",4,z,424.0,3.7,0.0,,0.0,85.0,0.0,0.0,282.0,0.0,5.0,7.0,2.5,10.0,,,,,,,https://nd.api.nutrislice.com/menu/api/weeks/school/58415/menu-type/28583/2026/10/7
2026-10-06,1763069,Steamed Basmati Rice,"Basamati Rice (White Basmati Rice.), Water (Filtered Tap Water.).",4,z,180.0,0.0,0.0,,0.0,40.0,0.0,0.0,58.0,0.0,0.0,3.0,0.4,0.0,,,,,,,https://nd.api.nutrislice.com/menu/api/weeks/school/58415/menu-type/28583/2026/10/7
2026-10-06,2349932,Shaved Ribeye,Beef..,1,lbs,745.0,32.0,8.0,,194.0,0.0,0.0,0.0,1174.0,292.0,0.0,97.0,10.2,0.0,,,,,,,https://nd.api.nutrislice.com/menu/api/weeks/school/58415/menu-type/28583/2026/10/7
2026-10-06,2349933,Charred-Aromatic Pho Broth,"Water (Filtered Tap Water.), Ginger Root (Fresh Ginger Root), Beef Pho Liquid Concentrated Broth Base (Beef Stock, Maltodextrin, Sugar, Salt, Natural Flavor, Yeast Extract, and Xanthan Gum.), Peeled Garlic (Garlic.), Batavia Cinnamon Stick (Cinnamon.), Star Anise (Star Anise), Whole Clove (Clove.).",1,gallons,108.0,0.0,0.0,,0.0,22.0,0.0,2.0,220.0,805.0,5.0,2.0,1.8,159.0,,,,,,,https://nd.api.nutrislice.com/menu/api/weeks/school/58415/menu-type/28583/2026/10/7
2026-10-06,2016300,Cilantro,Cilantro (Fresh Cilantro.).,1,oz,0.0,0.0,0.0,,0.0,0.0,0.0,0.0,142.0,0.0,0.0,0.0,0.0,21.0,,,,,,,https://nd.api.nutrislice.com/menu/api/weeks/school/58415/menu-type/28583/2026/10/7
2026-10-06,2349935,Fresh Mint,Fresh Mint Leaf (Mint.).,1,oz,0.0,0.0,0.0,,0.0,0.0,0.0,0.0,94.0,0.0,0.0,0.0,0.0,38.0,,,,,,,https://nd.api.nutrislice.com/menu/api/weeks/school/58415/menu-type/28583/2026/10/7
2026-10-06,1889798,Shiitake Mushroom,Fresh Shiitake Mushrooms..,1,lbs,252.0,0.0,0.0,,0.0,63.0,0.0,19.0,536.0,0.0,6.0,6.0,2.1,14.0,,,,,,,https://nd.api.nutrislice.com/menu/api/weeks/school/58415/menu-type/28583/2026/10/7
2026-10-06,2349934,Banh Pho Rice Noodles,"Rice, Potato Starch, Water, Soybean Oil, Sodium Benzoate As Preservative..",1,lbs,1134.0,7.0,0.0,,0.0,240.0,0.0,0.0,27.0,159.0,9.0,27.0,0.0,0.0,,,,,,,https://nd.api.nutrislice.com/menu/api/weeks/school/58415/menu-type/28583/2026/10/7
2026-10-06,2349936,Serrano Chili Peppers,Serrano Peppers..,1,pepper,3.0,0.0,0.0,,0.0,1.0,0.0,0.0,30.0,1.0,0.0,0.0,0.1,1.0,,,,,,,https://nd.api.nutrislice.com/menu/api/weeks/school/58415/menu-type/28583/2026/10/7
2026-10-06,1909453,Sweet Chili Sauce,"Sugar, Water, Pickled Red Chili, Distilled Vinegar, Garlic, Salt, Xanthan Gum as a stabilizer..",1,oz,76.0,0.0,0.0,,0.0,19.0,0.0,18.0,0.0,501.0,0.0,0.0,0.0,0.0,,,,,,,https://nd.api.nutrislice.com/menu/api/weeks/school/58415/menu-type/28583/2026/10/7
2026-10-06,1889801,Hoisin Sauce,"Sugar, Water, Fermentred Soybean (Water, Soybean, Salt, Wheat Flour), Salt, Modified Tapioca Starch, Garlic, Sesame Paste, Lemon, Cane Vinegar, Spices (Star Anise, Cinnamon, Fennel, Szechuan Pepper, Clove), Caramel Color, Chili (Chili, Water, Salt), Xanthan Gum, Citric Acid. COMMON ALLERGENS PRESENT: Soy, Wheat..",1,fl oz,71.0,0.0,0.0,,0.0,19.0,13.0,13.0,0.0,598.0,0.0,0.0,0.0,0.0,,,,,,,https://nd.api.nutrislice.com/menu/api/weeks/school/58415/menu-type/28583/2026/10/7
2026-10-06,2084256,Green Onion,Green Onion (Fresh Green Onions.).,1,lbs,252.0,0.0,0.0,,0.0,50.0,0.0,25.0,0.0,252.0,25.0,0.0,0.0,0.0,,,,,,,https://nd.api.nutrislice.com/menu/api/weeks/school/58415/menu-type/28583/2026/10/7
2026-10-06,1889803,Shrimp,"Shrimp, Salt, Sodium Tripolyphosphate (to retain moisture). COMMON ALLERGENS PRESENT: Shrimp.",1,oz,18.0,0.1,0.0,,34.0,0.0,0.0,0.0,36.0,213.0,0.0,4.0,0.0,17.0,,,,,,,https://nd.api.nutrislice.com/menu/api/weeks/school/58415/menu-type/28583/2026/10/7
2026-10-06,2015588,Lime Wedges,Lime (Limes.).,1,wedge,2.0,0.0,0.0,,0.0,1.0,0.0,0.0,6.0,0.0,0.0,0.0,0.0,2.0,,,,,,,https://nd.api.nutrislice.com/menu/api/weeks/school/58415/menu-type/28583/2026/10/7
2026-10-06,2266050,Basil,Basil (Basil.).,1,lbs,0.0,0.0,0.0,,0.0,0.0,0.0,0.0,907.0,0.0,0.0,0.0,0.0,0.0,,,,,,,https://nd.api.nutrislice.com/menu/api/weeks/school/58415/menu-type/28583/2026/10/7
2026-10-06,1756394,Bean Sprouts,Fresh Bean Sprouts..,1,oz,9.0,0.1,0.0,,0.0,2.0,0.0,1.0,42.0,2.0,1.0,1.0,0.3,4.0,,,,,,,https://nd.api.nutrislice.com/menu/api/weeks/school/58415/menu-type/28583/2026/10/7
2026-10-06,1756408,Sriracha,"Chili, Sugar, Garlic, Salt, Water, Acetic Acid, Lactic Acid, Xanthan Gum, Citric Acid, Potassium Sorbate, Ascorbic Acid..",1,oz,0.0,0.0,0.0,,21.0,0.0,0.0,0.0,0.0,0.0,0.0,0.0,0.0,0.0,,,,,,,https://nd.api.nutrislice.com/menu/api/weeks/school/58415/menu-type/28583/2026/10/7
2026-10-06,2114662,Cucumber Slices,Cucumber (Cucumber.).,1,slice,2.0,0.0,0.0,,0.0,0.0,0.0,0.0,0.0,0.0,0.0,0.0,0.0,2.0,,,,,,,https://nd.api.nutrislice.com/menu/api/weeks/school/58415/menu-type/28583/2026/10/7
2026-10-06,1756303,Tomato,Tomato..,1,tomatoe,19.0,0.0,0.0,,0.0,4.0,0.0,3.0,269.0,6.0,1.0,1.0,0.3,11.0,,,,,,,https://nd.api.nutrislice.com/menu/api/weeks/school/58415/menu-type/28583/2026/10/7
2026-10-06,1755985,Wheat Bread,"Unbleached Enriched Flour (Wheat Flour, Malted Barley Flour, Niacin, Iron, Thiamin Mononitrate, Riboflavin, Folic Acid), Water, Wheat Bran, High Fructose Corn Syrup, Yeast, Whole Wheat Flour, Contains 2% or less of the following: Wheat Gluten, Soybean Oil, Salt, Calcium Propionate (Preservative), Potassium Sorbate (Preservative), Caramel Color, Wheat Starch, Enzymes, Ascorbic Acid. Contains Wheat. Manufactured in a plantthat handles Sesame..",1,slice,77.0,0.9,0.1,,0.0,15.0,1.0,1.0,51.0,154.0,1.0,3.0,0.9,26.0,,,,,,,https://nd.api.nutrislice.com/menu/api/weeks/school/58415/menu-type/28583/2026/10/7
2026-10-06,1756291,White Bread,"Unbleached Enriched Flour (Wheat Flour, Malted Barley Flour, Niacin, Iron, Thiamin Mononitrate, Riboflavin, Folic Acid), Water, Yeast, Sugar, Contains 2% or less of the following: Salt, Soybean Oil, Wheat Gluten, Calcium Propionate (Preservative), Potassium Sorbate (Preservative), Wheat Starch, Enzymes Ascorbic Acid..",1,slice,59.0,0.5,0.1,,0.0,12.0,1.0,1.0,27.0,135.0,1.0,2.0,0.8,22.0,,,,,,,https://nd.api.nutrislice.com/menu/api/weeks/school/58415/menu-type/28583/2026/10/7
2026-10-06,1756441,Dill Pickle,"Fresh Cucumbers, water, vinegar, salt, calcium chloride, sodium benzoate (preservative), spices, turmeric, polysorbate 80. COMMON ALLERGENS PRESENT: None..",1,slice,0.0,0.0,0.0,,0.0,0.0,0.0,0.0,0.0,49.0,0.0,0.0,0.0,0.0,,,,,,,https://nd.api.nutrislice.com/menu/api/weeks/school/58415/menu-type/28583/2026/10/7
2026-10-06,2135076,Tomatoes Sliced,Tomato (Tomato.).,1,lbs,76.0,0.0,0.0,,0.0,18.0,0.0,13.0,1077.0,25.0,5.0,5.0,1.2,45.0,,,,,,,https://nd.api.nutrislice.com/menu/api/weeks/school/58415/menu-type/28583/2026/10/7
2026-10-06,1756276,Pita Chips,"Enriched Wheat Flour [Wheat Flour, Malted Barley Niacin, Reduced Iron, Thiamine Mononitrate (B1), Riboflavin (B2), Folic Acid], Water, Soybean Oil and/or Canola Oil, Contains 2% or less of: Salt, Sugar, Dough Conditioner (Calcium Sulfate, Acacia Gum, Vegetable Mono- and Diglycerides, and Enzymes), Calcium Propionate and Potassium Sorbate (Preservatives). COMMON ALLERGENS PRESENT: Wheat..",1,oz,71.0,0.5,0.0,,0.0,13.0,0.0,0.0,1.0,56.0,0.0,2.0,3.3,46.0,,,,,,,https://nd.api.nutrislice.com/menu/api/weeks/school/58415/menu-type/28583/2026/10/7
2026-10-06,2135289,Garlic Roasted Hummus,"Garbanzo Beans (Prepared Chick Peas, Water, Salt, Calcium Chloride (Firming Agent), Disodium EDTA (Promotes Color Retention).), Tahini (Sesame Seed) Paste (Sesame Seed. Contains: Sesame Seed.), 100% Lemon Juice (Lemon Juice from Concentrate (Water, Concentrated Lemon Juice), Sodium Benzoate (Preservative) and Lemon Oil.), Oil Blend Canola & EVOO 75/25 (Canola Oil & Extra Virgin Olive Oil.), Roasted Garlic Base Concentrate (Roasted Garlic, Water, Sauteed Vegetable Puree Mix (Carrots, Onions, Celery), Dextrose, Salt, Dried Garlic, 2% Or Less Of Canola Oil, Dried Onions, Potassium Chloride, Celery Juice Concentrate.), Coarse Kosher Salt (Salt), Peeled Garlic (Garlic.), Fresh Italian Parsley (Italian Parsley.), Spanish Paprika (Paprika, Silicon Dioxide (To Prevent Caking).), Ground Cayenne Pepper (Cayenne Peppers.).",1,z,83.0,6.0,0.8,,0.0,4.0,0.0,1.0,26.0,187.0,1.0,2.0,1.0,6.0,,,,,,,https://nd.api.nutrislice.com/menu/api/weeks/school/58415/menu-type/28583/2026/10/7
2026-10-06,1892281,Sliced Red Onion,Red Onions..,1,oz,10.0,0.0,0.0,,0.0,3.0,0.0,1.0,39.0,0.0,0.0,0.0,0.0,7.0,,,,,,,https://nd.api.nutrislice.com/menu/api/weeks/school/58415/menu-type/28583/2026/10/7
2026-10-06,1892281,Sliced Red Onion,Red Onions..,1,z slice,10.0,0.0,0.0,,0.0,3.0,0.0,1.0,39.0,0.0,0.0,0.0,0.0,7.0,,,,,,,https://nd.api.nutrislice.com/menu/api/weeks/school/58415/menu-type/28583/2026/10/7
2026-10-06,1949357,Green Leaf Lettuce,Leaf Lettuce (Green Leaf Lettuce.).,1,leaf,3.0,0.0,0.0,,0.0,1.0,0.0,0.0,41.0,6.0,1.0,1.0,0.2,8.0,,,,,,,https://nd.api.nutrislice.com/menu/api/weeks/school/58415/menu-type/28583/2026/10/7
2026-10-06,1756500,Tuna,"Light tuna, water, vegetable broth, salt.",0.25,cups,34.0,0.2,0.0,,17.0,0.0,0.0,0.0,103.0,146.0,0.0,8.0,0.3,0.0,,,,,,,https://nd.api.nutrislice.com/menu/api/weeks/school/58415/menu-type/28583/2026/10/7
2026-10-06,1756341,Quinoa & Lentil Salad,"Cooked Quinoa (Water, Quinoa), Lentils (Water, Lentils), Water, Cooked Split Peas, Expeller Pressed Canola Oil, Lemon Juice, Spices, Sugar, Contains Less Than 2% Of Extra Virgin Olive Oil With Lemon Oil, Salt..",3,z,196.0,9.0,0.9,,0.0,21.0,3.0,3.0,247.0,680.0,4.0,6.0,2.1,17.0,,,,,,,https://nd.api.nutrislice.com/menu/api/weeks/school/58415/menu-type/28583/2026/10/7
2026-10-06,2191948,Sweetened Applesauce,"Apples, High Fructose Corn Syrup, Corn Syrup and Water. Ascorbic Acid to maintain color..",1,#10 can,2187.0,0.0,0.0,,0.0,535.0,0.0,437.0,0.0,243.0,49.0,0.0,0.0,0.0,,,,,,,https://nd.api.nutrislice.com/menu/api/weeks/school/58415/menu-type/28583/2026/10/7
2026-10-06,1756284,Avocado,Avocado..,2,z,94.0,9.0,1.0,,0.0,5.0,0.0,0.0,286.0,5.0,4.0,1.0,0.5,7.0,,,,,,,https://nd.api.nutrislice.com/menu/api/weeks/school/58415/menu-type/28583/2026/10/7
2026-10-06,1758049,Garbanzo Beans,"Prepared Chick Peas, Water, Salt, Calcium Chloride (Firming Agent), Disodium EDTA (Promotes Color Retention)..",1,oz,28.0,0.4,0.0,,0.0,5.0,0.0,1.0,52.0,31.0,1.0,2.0,0.3,7.0,,,,,,,https://nd.api.nutrislice.com/menu/api/weeks/school/58415/menu-type/28583/2026/10/7
2026-10-06,1756120,Black Beans,"Low Sodium Black Bean (Prepared Black Beans, Water, Salt, Calcium Chloride (Firming Agent).).",1,oz,24.0,0.0,0.0,,0.0,4.0,0.0,0.0,105.0,28.0,1.0,2.0,0.4,17.0,,,,,,,https://nd.api.nutrislice.com/menu/api/weeks/school/58415/menu-type/28583/2026/10/7
2026-10-06,1920550,Broccoli Florets,Fresh Broccoli..,4,z,36.0,0.4,0.0,,0.0,8.0,0.0,1.0,332.0,47.0,4.0,3.0,0.8,45.0,,,,,,,https://nd.api.nutrislice.com/menu/api/weeks/school/58415/menu-type/28583/2026/10/7
2026-10-06,1756464,Shredded Carrot,Carrots..,1,Tbsp,2.0,0.0,0.0,,0.0,1.0,0.0,0.0,17.0,4.0,0.0,0.0,0.0,2.0,,,,,,,https://nd.api.nutrislice.com/menu/api/weeks/school/58415/menu-type/28583/2026/10/7
2026-10-06,1756255,Baby Carrots,Carrots..,3,carrot,9.0,0.0,0.0,,0.0,2.0,0.0,1.0,67.0,16.0,1.0,0.0,0.1,9.0,,,,,,,https://nd.api.nutrislice.com/menu/api/weeks/school/58415/menu-type/28583/2026/10/7
2026-10-06,1756268,Celery Sticks,celery.,1,oz,4.0,0.1,0.0,,0.0,1.0,0.0,0.0,74.0,23.0,1.0,0.0,0.1,11.0,,,,,,,https://nd.api.nutrislice.com/menu/api/weeks/school/58415/menu-type/28583/2026/10/7
2026-10-06,1756363,Mild Cheddar,"Cheddar Cheese (Cultured Pasteurized Milk, Salt, Enzymes, Color Added, Anti-cake (Potato Starch, Powdered Cellulose). Common Allergens Present: Milk..",1,oz,111.0,9.0,5.0,,30.0,1.0,0.0,0.0,20.0,192.0,0.0,6.0,0.0,204.0,,,,,,,https://nd.api.nutrislice.com/menu/api/weeks/school/58415/menu-type/28583/2026/10/7
2026-10-06,1758025,Feta Cheese,"Feta Cheese (Pasteurized Part-Skim Milk, Salt, Cheese Culture, Enzymes), Powdered Cellulose (To Prevent Caking), Natamycin (Natural Mold Inhibitor). COMMON ALLERGENS PRESENT: Milk..",1,oz,71.0,6.0,3.5,,25.0,1.0,0.0,0.0,17.0,324.0,0.0,4.0,0.0,140.0,,,,,,,https://nd.api.nutrislice.com/menu/api/weeks/school/58415/menu-type/28583/2026/10/7
2026-10-06,1755996,Plant Based Mozzarella,"Filtered Water, Coconut Oil, Food Starch-Modified (Potato & Corn), Corn Starch, Salt (Sea Salt), Mozzarella Flavor (Vegan Sources), Olive Extract, Beta Carotene (Color), Vitamin B12, Powdered Cellulose Added to Prevent Caking..",1,oz,90.0,7.0,7.0,,0.0,6.0,0.0,0.0,0.0,510.0,0.0,0.0,0.0,0.0,,,,,,,https://nd.api.nutrislice.com/menu/api/weeks/school/58415/menu-type/28583/2026/10/7
2026-10-06,1756114,Croutons,"Enriched Flour (Wheat Flour, Malted Barley Flour, Niacin, Reduced Iron, Thiamin Mononitrate, Riboflavin, Folic Acid), Canola And/Or Sunflower Oil (With Rosemary Extract And Ascorbic Acid [To Preserve Freshness]), Whey, Yeast, Sugar, 2% Or Less Of Salt, Corn Syrup Solids, Onion Powder, Dehydrated Parsley, Garlic Powder, Autolyzed Yeast Extract, Enzymes. Common Allergens Present: Wheat, Milk. May Contain: Tree Nuts..",1,oz,121.0,4.1,0.0,,0.0,20.0,0.0,0.0,53.0,304.0,0.0,4.0,0.0,16.0,,,,,,,https://nd.api.nutrislice.com/menu/api/weeks/school/58415/menu-type/28583/2026/10/7
2026-10-06,1756322,Mushroom,Fresh White Mushrooms..,1,Tbsp,2.0,0.0,0.0,,0.0,0.0,0.0,0.0,37.0,1.0,0.0,0.0,0.0,0.5,,,,,,,https://nd.api.nutrislice.com/menu/api/weeks/school/58415/menu-type/28583/2026/10/7
2026-10-06,1795968,Tri Color Peppers,"Large Green Bell Peppers (Green Bell Peppers.), Red Bell Peppers (Red Bell Pepper.), Fresh Yellow Peppers (Yellow Bell Pepper.).",1,serving,11.0,0.0,0.0,,0.0,2.0,0.0,1.0,87.0,0.0,1.0,0.0,0.2,4.0,,,,,,,https://nd.api.nutrislice.com/menu/api/weeks/school/58415/menu-type/28583/2026/10/7
2026-10-06,1756486,Iceberg Lettuce,Fresh Iceberg Salad Mix..,1,cups,6.0,0.0,0.0,,0.0,2.0,0.0,1.0,0.0,0.0,0.0,0.0,0.1,8.0,,,,,,,https://nd.api.nutrislice.com/menu/api/weeks/school/58415/menu-type/28583/2026/10/7
2026-10-06,1756135,Spring Mix,"50% Baby Green Leaf, 30% Baby Red Leaf & 20% Baby Arugula..",1,oz,5.0,0.1,0.0,,0.0,1.0,0.0,0.0,82.0,8.0,1.0,0.0,0.3,14.0,,,,,,,https://nd.api.nutrislice.com/menu/api/weeks/school/58415/menu-type/28583/2026/10/7
2026-10-06,1756299,Spinach,Spinach..,1,oz,5.0,0.0,0.0,,0.0,1.0,0.0,0.0,150.0,23.0,1.0,1.0,0.9,26.3,,,,,,,https://nd.api.nutrislice.com/menu/api/weeks/school/58415/menu-type/28583/2026/10/7
2026-10-06,2076893,Chopped Hard Cooked Eggs,Large Fresh Egg (Shelled Eggs. COMMON ALLERGENS PRESENT: Eggs.).,0.5,z,20.0,1.6,0.4,,53.0,0.0,0.0,0.0,20.0,20.0,0.0,2.0,0.3,9.0,,,,,,,https://nd.api.nutrislice.com/menu/api/weeks/school/58415/menu-type/28583/2026/10/7
2026-10-06,2135288,Light Red Kidney Bean,"Light Red Kidney Beans, Water, Sugar, Salt, Calcium Chloride..",1,oz,26.0,0.0,0.0,,0.0,5.0,0.0,0.0,110.0,31.0,2.0,2.0,0.7,12.0,,,,,,,https://nd.api.nutrislice.com/menu/api/weeks/school/58415/menu-type/28583/2026/10/7
2026-10-06,1756496,Red Grape Tomato,Red Grape Tomatoes..,1,oz,8.0,0.2,0.0,,0.0,2.0,0.0,0.0,74.0,2.0,1.0,0.0,0.1,3.0,,,,,,,https://nd.api.nutrislice.com/menu/api/weeks/school/58415/menu-type/28583/2026/10/7
2026-10-06,1778846,Dried Sweetened Cranberry,"Cranberries, Sugar. Refined Sunflower Oil is used as a processing aid..",1,oz,92.0,0.0,0.0,,0.0,23.0,18.0,21.0,0.0,0.0,2.0,0.0,0.0,0.0,,,,,,,https://nd.api.nutrislice.com/menu/api/weeks/school/58415/menu-type/28583/2026/10/7
2026-10-06,1756478,Peppadew Pepper,"Sweet Piquanté Fruit, Water, Sugar, 10% Spirit Vinegar, Salt (Non-Iodized), Citric Acid (E330 - Antioxidant), Ascorbic Acid (E300 - Antioxidant), Calcium Chloride (E509 - Firming Agent)..",1,Tbsp,33.0,0.0,0.0,,0.0,8.0,0.0,6.0,0.0,61.0,0.0,0.0,0.0,0.0,,,,,,,https://nd.api.nutrislice.com/menu/api/weeks/school/58415/menu-type/28583/2026/10/7
2026-10-06,1756374,Shredded Pepper Jack,"Cultured Pasteurized Milk, Jalapeno Peppers, Salt, Enzymes, And Anti cake..",1,oz,110.0,9.0,5.0,,30.0,1.0,0.0,0.0,0.0,170.0,0.0,7.0,0.3,181.0,,,,,,,https://nd.api.nutrislice.com/menu/api/weeks/school/58415/menu-type/28583/2026/10/7
2026-10-06,1756376,Tri-Color Tortilla Strips,"Corn Masa Flour, Vegetable Oil (Sunflower, Safflower And/Or Canola Oil), Salt, Red 40, Blue 1, Blue 2..",1,oz,142.0,8.0,0.0,,0.0,16.0,0.0,0.0,24.0,61.0,0.0,0.0,0.0,20.0,,,,,,,https://nd.api.nutrislice.com/menu/api/weeks/school/58415/menu-type/28583/2026/10/7
2026-10-06,1800757,Double Grilled Chicken Breast Chunks,"Boneless Skinless Chicken Breast Chunks With Rib Meat, Water, Contains 2% Or Less Of The Following: Citric Acid, Dehydrated Parsley, Dehydrated Red Bell Pepper, Dextrose, Garlic Powder, Grill Flavor (From Sunflower Oil), Lemon Juice Solids, Maltodextrin, Modified Food Starch, Natural Flavors, Onion Powder, Salt, Sodium Phosphates, Spices, Sugar, Vinegar Solids, Xanthan Gum, Yeast Extract..",3,z,120.0,3.5,1.0,,55.0,3.0,0.0,1.0,330.0,590.0,0.0,18.0,0.6,10.0,,,,,,,https://nd.api.nutrislice.com/menu/api/weeks/school/58415/menu-type/28583/2026/10/7
2026-10-06,1756515,Dressing Boom Boom,"Soybean Oil, Water, Distilled Vinegar, Sugar, Egg Yolk, Aged Cayenne Red Pepper, Salt, Contains Less Than 2% Of Garlic, Red Bell Pepper, Chili Pepper, Chili De Arbol Pepper*, Plum, Rice Vinegar, Mustard Seed, Shallots*, Potassium Sorbate And Sodium Benzoate And Sodium Metabisulfite (Preservatives), Modified Corn Starch, Paprika, Spice, Oleoresin Paprika (Color), Annatto And Turmeric (Color), Xanthan Gum, Citric Acid, Turmeric (Color), Calcium Disodium Edta (To Protect Flavor), Tartaric Acid, Mustard Oil, Sulfiting Agents. *Dried. Contains: Eggs..",1,fl oz,171.0,18.0,3.4,,17.0,2.0,2.0,2.0,23.0,273.0,0.0,0.0,0.0,0.0,,,,,,,https://nd.api.nutrislice.com/menu/api/weeks/school/58415/menu-type/28583/2026/10/7
2026-10-06,1756476,Red Onion,Red Onions..,1,Tbsp,3.0,0.0,0.0,,0.0,1.0,0.0,0.0,14.0,0.0,0.0,0.0,0.0,2.0,,,,,,,https://nd.api.nutrislice.com/menu/api/weeks/school/58415/menu-type/28583/2026/10/7
2026-10-06,1756347,Tomato,Tomato..,1,oz,5.0,0.0,0.0,,0.0,1.0,0.0,1.0,67.0,2.0,0.0,0.0,0.1,3.0,,,,,,,https://nd.api.nutrislice.com/menu/api/weeks/school/58415/menu-type/28583/2026/10/7
2026-10-06,1755964,Captain Crunch Wildberries,"CORN FLOUR, SUGAR, OAT FLOUR, BROWN SUGAR, PALM AND/OR COCONUT OIL, SALT, SODIUM CITRATE, NATURAL AND ARTIFICIAL FLAVOR, STRAWBERRY JUICE CONCENTRATE, RED 40, REDUCED IRON, YELLOW 5, NIACINAMIDE*, MALIC ACID,ZINC OXIDE, BLUE 1, YELLOW 6, THIAMINE MONONITRATE*, RIBOFLAVIN*, BHT (A PRESERVATIVE), PYRIDOXINE HYDROCHLORIDE*, FOLIC ACID*. *ONE OF THE B VITAMINS. COMMON ALLERGENS PRESENT: None..",1,cups,177.0,2.7,0.9,,0.0,39.0,0.0,19.0,88.0,336.0,2.0,2.0,8.0,0.0,,,,,,,https://nd.api.nutrislice.com/menu/api/weeks/school/58415/menu-type/28583/2026/10/7
2026-10-06,1755968,Cheerios,"Whole Grain Oats, Corn Starch, Sugar, Salt, Tripotassium Phosphate. Vitamin E (Mixed Tocopherols) Added To Preserve Freshness. Vitamins And Minerals: Calcium Carbonate, Iron And Zinc (Mineral Nutrients), Vitamin C (Sodium Ascorbate), A B Vitamin (Niacinamide), Vitamin B6 (Pyridoxine Hydrochloride), Vitamin A (Palmitate), Vitamin B1 (Thiamin Mononitrate), A B Vitamin (Folic Acid), Vitamin B12, Vitamin D3..",1,cups,110.0,2.1,0.3,,0.0,22.0,1.0,2.0,196.0,149.0,3.0,4.0,9.6,100.0,,,,,,,https://nd.api.nutrislice.com/menu/api/weeks/school/58415/menu-type/28583/2026/10/7
2026-10-06,1755969,Honey Cheerios,"Whole Grain Oats, Sugar, Corn Starch, Honey, Brown Sugar Syrup, Salt, Tripotassium Phosphate, Canola And/Or Sunflower Oil, Natural Flavor. Vitamin E (Mixed Tocopherols) Added To Preserve Freshness. Vitamins And Minerals: Calcium Carbonate, Vitamin C (Sodium Ascorbate), Iron And Zinc (Mineral Nutrients), A B Vitamin (Niacinamide), Vitamin B6 (Pyridoxine Hydrochloride), Vitamin B1 (Thiamin Mononitrate), Vitamin A (Palmitate), Vitamin B2 (Riboflavin), A B Vitamin (Folic Acid), Vitamin B12, Vitamin D3..",0.25,cups,160.0,2.5,0.4,,0.0,33.0,9.0,9.0,196.0,253.0,4.0,4.0,4.2,150.0,,,,,,,https://nd.api.nutrislice.com/menu/api/weeks/school/58415/menu-type/28583/2026/10/7
2026-10-06,1755970,Rice Chex,"Whole Grain Rice, Rice, Sugar, Salt, Molasses. Vitamin E (Mixed Tocopherols) Added To Preserve Freshness. Vitamins And Minerals: Tricalcium Phosphate, Iron And Zinc (Mineral Nutrients), Vitamin C (Sodium Ascorbate), A B Vitamin (Niacinamide), Vitamin B2 (Riboflavin), Vitamin B6 (Pyridoxine Hydrochloride), Vitamin B1 (Thiamin Mononitrate), Vitamin A (Palmitate), A B Vitamin (Folic Acid), Vitamin B12, Vitamin D3..",1,cups,172.0,0.9,0.5,,0.0,40.0,3.0,4.0,92.0,356.0,2.0,3.0,16.6,149.0,,,,,,,https://nd.api.nutrislice.com/menu/api/weeks/school/58415/menu-type/28583/2026/10/7
2026-10-06,1755971,Cinnamon Toast Crunch,"Whole Grain Wheat, Sugar, Rice Flour, Canola And/Or Sunflower Oil, Fructose, Maltodextrin, Dextrose, Salt, Cinnamon, Trisodium Phosphate, Soy Lecithin, Caramel Color, Rosemary Extract. Bht Added To Preserve Freshness. Vitamins And Minerals: Calcium Carbonate, Vitamin C (Sodium Ascorbate), Iron And Zinc (Mineral Nutrients), A B Vitamin (Niacinamide), Vitamin B6 (Pyridoxine Hydrochloride), Vitamin B1 (Thiamin Mononitrate), Vitamin A (Palmitate), Vitamin B2 (Riboflavin), A B Vitamin (Folic Acid), Vitamin B12, Vitamin D3..",1,cups,207.0,4.9,0.0,,0.0,40.0,15.0,15.0,0.0,280.0,4.0,2.0,4.9,159.0,,,,,,,https://nd.api.nutrislice.com/menu/api/weeks/school/58415/menu-type/28583/2026/10/7
2026-10-06,1755972,Cocoa Puffs,"Whole Grain Corn, Sugar, Rice Flour, Corn Meal, Corn Syrup, Cocoa Processed With Alkali, Canola And/Or Sunflower Oil, Color (Caramel Color And Annatto Extract), Salt, Baking Soda, Natural Flavor, Rosemary Extract. Vitamins And Minerals: Tricalcium Phosphate, Calcium Carbonate, Vitamin C (Sodium Ascorbate), Iron And Zinc (Mineral Nutrients), A B Vitamin (Niacinamide), Vitamin B6 (Pyridoxine Hydrochloride), Vitamin B1 (Thiamin Mononitrate), Vitamin A (Palmitate), Vitamin B2 (Riboflavin), A B Vitamin (Folic Acid), Vitamin B12, Vitamin D3. May Contain: Wheat.",1,cups,177.0,2.3,0.5,,0.0,40.0,15.0,15.0,128.0,166.0,3.0,2.0,4.6,166.0,,,,,,,https://nd.api.nutrislice.com/menu/api/weeks/school/58415/menu-type/28583/2026/10/7
2026-10-06,1755974,Froot Loops,"Corn Flour Blend (Whole Grain Yellow Corn Flour, Degerminated Yellow Corn Flour), Sugar, Wheat Flour, Whole Grain Oat Flour, Modified Food Starch, Contains 2% Or Less Of Vegetable Oil (Hydrogenated Coconut, Soybean And/Or Cottonseed), Oat Fiber, Maltodextrin, Salt,Soluble Corn Fiber, Natural Flavor, Red 40, Yellow 5, Blue 1, Yellow 6, Bht For Freshness.Vitamins And Minerals: Vitamin C (Ascorbic Acid), Reduced Iron, Niacinamide, Vitamin B6 (Pyridoxine Hydrochloride), Vitamin B2 (Riboflavin), Vitamin B1 (Thiamin Hydrochloride), Folic Acid, Vitamin D3, Vitamin B12. Common Allergens Present: Wheat..",1,cups,205.0,1.5,1.0,,5.0,42.0,12.0,21.0,331.0,273.0,2.0,8.0,4.4,214.0,,,,,,,https://nd.api.nutrislice.com/menu/api/weeks/school/58415/menu-type/28583/2026/10/7
2026-10-06,1755973,Frosted Flakes,"Milled corn, sugar, malt flavor, contains 2% or less of salt.Vitamins and Minerals: Iron (ferric phosphate), niacinamide, vitamin B6 (pyridoxine hydrochloride), vitamin B2 (riboflavin), vitamin B1 (thiamin hydrochloride), folic acid, vitamin D3, vitamin B12. COMMON ALLERGENS PRESENT: None..",1,cups,318.0,0.0,0.0,,8.0,67.0,19.0,35.0,509.0,429.0,2.0,13.0,11.5,350.0,,,,,,,https://nd.api.nutrislice.com/menu/api/weeks/school/58415/menu-type/28583/2026/10/7
2026-10-06,1755975,Lucky Charms,"Whole Grain Oats, Sugar, Corn Starch, Modified Corn Starch, Corn Syrup, Dextrose. Contains 2% or less of: Salt, Gelatin, Trisodium Phosphate, Red 40, Yellow 5 & 6, Blue 1, Natural and Artificial Flavor. Vitamin E (mixed tocopherols) Added to Preserve Freshness. Vitamins and Minerals: Calcium Carbonate, Vitamin C (sodium ascorbate), Iron and Zinc (mineral nutrients), A B Vitamin (niacinamide), Vitamin B6 (pyridoxine hydrochloride), Vitamin B1 (thiamin mononitrate), Vitamin A (palmitate), Vitamin B2 (riboflavin), A B Vitamin (folic acid), Vitamin B12, Vitamin D3. COMMON ALLERGENS PRESENT: None..",1,cups,148.0,1.6,0.0,,0.0,32.0,13.0,13.0,0.0,243.0,2.0,3.0,3.8,137.0,,,,,,,https://nd.api.nutrislice.com/menu/api/weeks/school/58415/menu-type/28583/2026/10/7
2026-10-06,1755980,Raisin Bran,"WHOLE GRAIN WHEAT, RAISINS, WHEAT BRAN, SUGAR, BROWN SUGAR SYRUP. CONTAINS 2% OR LESS Of malt flavor, salt. COMMON ALLERGENS PRESENT: Wheat..",1,cups,245.0,1.3,0.0,,0.0,61.0,12.0,22.0,361.0,258.0,9.0,6.0,2.3,26.0,,,,,,,https://nd.api.nutrislice.com/menu/api/weeks/school/58415/menu-type/28583/2026/10/7
2026-10-06,1755981,Special K with Red Berries,"Whole grain wheat, rice, sugar, freeze-dried strawberries, wheat bran, contains 2% or less of brown sugar syrup, salt, malt flavor.Vitaminsand Minerals: Vitamin C (ascorbic acid), reduced iron, vitamin E acetate, niacinamide, beta-carotene, vitamin B6 (pyridoxine hydrochloride),vitamin B1 (thiamin hydrochloride), vitamin B2 (riboflavin), folic acid, vitamin D3, vitamin B12. COMMON ALLERGENS PRESENT: Wheat..",1,cups,361.0,0.9,0.0,,9.0,78.0,18.0,38.0,650.0,578.0,5.0,16.0,19.5,415.0,,,,,,,https://nd.api.nutrislice.com/menu/api/weeks/school/58415/menu-type/28583/2026/10/7
2026-10-06,1755976,Trix,"Whole Grain Corn, Sugar, Rice Flour, Corn Syrup, Canola and/or Sunflower Oil, Salt, Trisodium Phosphate, Natural and Artificial Flavor, Red 40, Yellow 6, Blue 1 and Other Color Added, Citric Acid, Malic Acid. Vitamins and Minerals: Calcium Carbonate, Tricalcium Phosphate, Vitamin C (sodium ascorbate), Iron and Zinc (mineral nutrients), A B Vitamin (niacinamide), Vitamin B6 (pyridoxine hydrochloride), Vitamin B2 (riboflavin), Vitamin B1 (thiamin mononitrate), Vitamin A (palmitate), A B Vitamin (folic acid), Vitamin B12, Vitamin D3. COMMON ALLERGENS PRESENT: None..",1,cups,156.0,2.0,0.0,,0.0,32.0,12.0,12.0,0.0,175.0,1.0,2.0,3.5,127.0,,,,,,,https://nd.api.nutrislice.com/menu/api/weeks/school/58415/menu-type/28583/2026/10/7
2026-10-06,2265924,Brewed Coffee,"Water (Filtered Tap Water.), Coffee Chokoleti (100% Arabica).",6,z,0.0,0.0,0.0,,0.0,0.0,0.0,0.0,0.0,7.0,0.0,0.0,0.0,5.0,,,,,,,https://nd.api.nutrislice.com/menu/api/weeks/school/58415/menu-type/28583/2026/10/7
2026-10-06,1756033,Coffeemate Hazelnut Creamer,"WATER, SUGAR, COCONUT OIL, SODIUM CASEINATE (A MILK DERIVATIVE), DIPOTASSIUM PHOSPHATE, DATEM, ARTIFICIAL FLAVOR, MONO- AND DIGLYCERIDES, BETACAROTENE COLOR, RIBOFLAVIN COLOR. COMMON ALLERGENS PRESENT: Milk..",1,fl oz,11.0,0.5,0.0,,0.0,2.0,2.0,2.0,0.0,2.0,0.0,0.0,0.0,0.0,,,,,,,https://nd.api.nutrislice.com/menu/api/weeks/school/58415/menu-type/28583/2026/10/7
2026-10-06,1756038,Coffeemate Original Creamer,"WATER, COCONUT OIL, SUGAR, SODIUM CASEINATE (A MILK DERIVATIVE), DIPOTASSIUM PHOSPHATE, DATEM, MONO- AND DIGLYCERIDES, ARTIFICIAL FLAVOR, BETA-CAROTENE COLOR. COMMON ALLERGENS PRESENT: Milk..",1,fl oz,30.0,3.0,3.0,,0.0,0.0,0.0,0.0,0.0,0.0,0.0,0.0,0.0,0.0,,,,,,,https://nd.api.nutrislice.com/menu/api/weeks/school/58415/menu-type/28583/2026/10/7
2026-10-06,1778110,French Vanilla Coffee Creamer,Removed: FRENCH VANILLA NON-DAIRY CREAMER POWDER COFFEE-MATE.,1,fl oz,162.0,2.5,0.0,,0.0,9.0,0.0,7.0,0.0,15.0,0.0,0.0,0.0,0.0,,,,,,,https://nd.api.nutrislice.com/menu/api/weeks/school/58415/menu-type/28583/2026/10/7
2026-10-06,1756336,Honey,Honey. COMMON ALLERGENS PRESENT: None.,1,pkt,25.0,0.0,0.0,,0.0,7.0,0.0,7.0,5.0,0.0,0.0,0.0,0.0,0.0,,,,,,,https://nd.api.nutrislice.com/menu/api/weeks/school/58415/menu-type/28583/2026/10/7
2026-10-06,1756210,ecoStick Blue Sugar Substitute,"DEXTROSE, ASPARTAME.PHENYLKETONURICS: CONTAINS PHENYLALANINE.COMMON ALLERGENS PRESENT: None.",1,stick,0.0,0.0,0.0,,0.0,0.0,0.0,0.0,0.0,0.0,0.0,0.0,0.0,0.0,,,,,,,https://nd.api.nutrislice.com/menu/api/weeks/school/58415/menu-type/28583/2026/10/7
2026-10-06,1756219,ecoStick Pink Sugar Substitute,"DEXTROSE, SACCHARIN, CREAM OF TARTAR, CALCIUM SILICATE (AN ANTI-CAKING AGENT). COMMON ALLERGENS PRESENT: None..",1,stick,0.0,0.0,0.0,,0.0,1.0,1.0,1.0,1.0,0.0,0.0,0.0,0.0,0.0,,,,,,,https://nd.api.nutrislice.com/menu/api/weeks/school/58415/menu-type/28583/2026/10/7
2026-10-06,1756225,ecoStick Yellow Sugar Substitute,"Dextrose, Sucralose. COMMON ALLERGENS PRESENT: None..",1,stick,0.0,0.0,0.0,,0.0,1.0,0.0,1.0,0.0,0.0,0.0,0.0,0.0,0.0,,,,,,,https://nd.api.nutrislice.com/menu/api/weeks/school/58415/menu-type/28583/2026/10/7
2026-10-06,1756231,Cafe Delight Cane Sugar Pc,ORGANIC CANE SUGAR. COMMON ALLERGENS PRESENT: None..,1,stick,10.0,0.0,0.0,,0.0,3.0,3.0,3.0,0.0,0.0,0.0,0.0,0.0,0.0,,,,,,,https://nd.api.nutrislice.com/menu/api/weeks/school/58415/menu-type/28583/2026/10/7
2026-10-06,1755966,Black Tea Bag,Decaffeinated Orange Pekoe And Pekoe Cut Black Tea..,1,tea bag,0.0,0.0,0.0,,0.0,0.0,0.0,0.0,2.0,0.0,0.0,0.0,0.0,0.0,,,,,,,https://nd.api.nutrislice.com/menu/api/weeks/school/58415/menu-type/28583/2026/10/7
2026-10-06,1756253,Lipton Decaf Tea Bag,Decaffeinated Orange Pekoe And Pekoe Cut Black Tea..,1,tea bag,0.0,0.0,0.0,,0.0,0.0,0.0,0.0,2.0,0.0,0.0,0.0,0.0,0.0,,,,,,,https://nd.api.nutrislice.com/menu/api/weeks/school/58415/menu-type/28583/2026/10/7
2026-10-06,1756007,Cherry Coke,"Water (Filtered Tap Water.), Cherry Coke (High Fructose Corn Syrup, Caramel Color, Phosphoric Acid, Natural Flavors, Caffeine.).",12,z cup,144.0,0.0,0.0,,0.0,40.0,40.0,40.0,0.0,45.0,0.0,0.0,0.0,9.0,,,,,,,https://nd.api.nutrislice.com/menu/api/weeks/school/58415/menu-type/28583/2026/10/7
2026-10-06,1755990,Coke Classic,"Water (Filtered Tap Water.), Classic Coke Syrup (High Fructose Corn Syrup, Caramel Color, Phosphoric Acid, Natural Flavors, Caffeine.).",12,z cup,140.0,0.0,0.0,,0.0,18.0,39.0,39.0,0.0,57.0,0.0,0.0,0.0,9.0,,,,,,,https://nd.api.nutrislice.com/menu/api/weeks/school/58415/menu-type/28583/2026/10/7
2026-10-06,1756000,Diet Coke,"Water (Filtered Tap Water.), Syrup Coke Diet BIB (Caramel Color, Aspartame, Phosphoric Acid, Potassium Benzoate (To Protect Taste), Natural Flavors, Citric Acid, Caffeine.Phenylketonurics: Contains Phenylalanine).",12,z cup,0.0,0.0,0.0,,0.0,0.0,0.0,0.0,0.0,50.0,0.0,0.0,0.0,9.0,,,,,,,https://nd.api.nutrislice.com/menu/api/weeks/school/58415/menu-type/28583/2026/10/7
2026-10-06,1756012,Coke Zero,"Water (Filtered Tap Water.), Syrup Coke Zero BIB (Caramel Color, Phosphoric Acid, Aspartame, Potassium Benzoate (To Protect Taste), Natural Flavors, Potassium Citrate, Acesulfame Potassium, Caffeine, Stevia Extract. Phenylketonurics: Contains Phenylalanine. Zero Sugar.).",12,z cup,0.0,0.0,0.0,,0.0,0.0,0.0,0.0,58.0,50.0,0.0,0.0,0.0,9.0,,,,,,,https://nd.api.nutrislice.com/menu/api/weeks/school/58415/menu-type/28583/2026/10/7
2026-10-06,2265925,Lemonade 12z Cup,"Water (Filtered Tap Water.), Lemonade (High Fructose Corn Syrup, Lemon Juice from Concentrate, Less than 0.5% of: Natural Flavors, Citric Acid (Provides Tartness), Modified Cornstarch, Glycerol, Ester of Rosin, Sodium Benzoate and Potassium Sorbate and Calcium Disodium EDTA (to Protect Taste), Yellow 5.).",12,z cup,144.0,0.0,0.0,,0.0,40.0,38.0,38.0,0.0,60.0,0.0,0.0,0.0,9.0,,,,,,,https://nd.api.nutrislice.com/menu/api/weeks/school/58415/menu-type/28583/2026/10/7
2026-10-06,1756187,Barq's Root Beer,"Water (Filtered Tap Water.), Syrup Root Beer BIB Barqs (Carbonated Water, High Fructose Corn Syrup, Caramel Color, Sodium Benzoate (To Protect Taste), Citric Acid, Caffeine, Artificial And Natural Flavors, Acacia.).",12,z cup,173.0,0.0,0.0,,0.0,42.0,42.0,42.0,0.0,74.0,0.0,0.0,0.0,9.0,,,,,,,https://nd.api.nutrislice.com/menu/api/weeks/school/58415/menu-type/28583/2026/10/7
2026-10-06,1756194,Diet Sprite,"Water (Filtered Tap Water.), Syrup Sprite Diet BIB (Carbonated Water, Citric Acid, Potassium Citrate, Natural Flavors, Potassium Benzoate (To Protect Taste), Aspartame, Acesulfame Potassium. Phenylketonurics: Contains Phenylalanine).",12,z cup,0.0,0.0,0.0,,0.0,0.0,0.0,0.0,106.0,45.0,0.0,0.0,0.0,9.0,,,,,,,https://nd.api.nutrislice.com/menu/api/weeks/school/58415/menu-type/28583/2026/10/7
2026-10-06,1756163,Pibb Extra,"Water (Filtered Tap Water.), Pibb Xtra.",12,flz cup,0.0,0.0,0.0,,0.0,0.0,0.0,0.0,0.0,12.0,0.0,0.0,0.0,9.0,,,,,,,https://nd.api.nutrislice.com/menu/api/weeks/school/58415/menu-type/28583/2026/10/7
2026-10-06,1756169,Powerade Mountain Blast,"Water (Filtered Tap Water.), Syrup Powerade Mountain Blast BIB (High Fructose Corn Syrup, Less Than 0.5% Of: Citric Acid, Electrolytes (Salt, Sodium Citrate, Magnesium And Calcium Chlorides, Mono-Potassium Phosphate), Vitamins B12 And C (Cyanocobalamin And Ascorbic Acid), Natural Flavors, Modified Food Starch, Calcium Disodium Edta (To Protect Color), Medium Chain Triglycerides, Sucrose Acetate Isobutyrate, Blue 1.).",12,flz cup,80.0,0.0,0.0,,0.0,21.0,21.0,21.0,80.0,252.0,21.0,0.0,0.0,9.0,,,,,,,https://nd.api.nutrislice.com/menu/api/weeks/school/58415/menu-type/28583/2026/10/7
2026-10-06,1756202,Sprite,"Water (Filtered Tap Water.), Syrup Sprite BIB (High Fructose Corn Syrup, Citric Acid, Natural Flavors, Sodium Citrate, Sodium Benzoate (To Protect Taste). 100% Natural Flavors No Caffeine).",12,flz cup,129.0,0.0,0.0,,0.0,35.0,35.0,35.0,0.0,71.0,35.0,0.0,0.0,9.0,,,,,,,https://nd.api.nutrislice.com/menu/api/weeks/school/58415/menu-type/28583/2026/10/7
2026-10-06,2265922,Gala Apples,Fresh Gala Apples..,1,apple,119.0,0.3,0.0,,0.0,29.0,0.0,22.0,225.0,0.0,5.0,1.0,0.3,15.0,,,,,,,https://nd.api.nutrislice.com/menu/api/weeks/school/58415/menu-type/28583/2026/10/7
2026-10-06,1756316,Bananas,Fresh Banana..,1,banana,141.0,0.0,0.0,,0.0,35.0,0.0,18.0,541.0,0.0,4.0,1.0,0.4,8.0,,,,,,,https://nd.api.nutrislice.com/menu/api/weeks/school/58415/menu-type/28583/2026/10/7
2026-10-06,1756327,Orange,Orange..,1,orange,96.0,0.2,0.0,,0.0,24.0,0.0,19.0,369.0,0.0,5.0,2.0,0.2,82.0,,,,,,,https://nd.api.nutrislice.com/menu/api/weeks/school/58415/menu-type/28583/2026/10/7
2026-10-06,1756065,Apple Juice,"Water (Filtered Tap Water.), Apple Juice (Frozen Concentrated Apple Juice. COMMON ALLERGENS PRESENT: None.).",6,flz cup,14.0,0.0,0.0,,0.0,4.0,0.0,3.0,0.0,6.0,0.0,0.0,0.0,4.0,,,,,,,https://nd.api.nutrislice.com/menu/api/weeks/school/58415/menu-type/28583/2026/10/7
2026-10-06,1756074,Cranberry,"Water (Filtered Tap Water.), Cranberry Juice (High Fructose Corn Syrup, Sugar, Water, Concentrated Cranberry Juice, Citric Acid (provides tartness), Vitamin C (Ascorbic Acid).).",6,flz cup,67.0,0.0,0.0,,0.0,18.0,0.0,16.0,0.0,6.0,0.0,0.0,0.0,4.0,,,,,,,https://nd.api.nutrislice.com/menu/api/weeks/school/58415/menu-type/28583/2026/10/7
2026-10-06,1756082,Orange,"Water (Filtered Tap Water.), Orange Juice (100% Orange Juice From Concentrate Contains Pure Filtered Water, Premium Concentrated Orange Juice. .).",6,flz cup,17.0,0.0,0.0,,0.0,4.0,0.0,4.0,68.0,8.0,0.0,0.0,0.0,7.0,,,,,,,https://nd.api.nutrislice.com/menu/api/weeks/school/58415/menu-type/28583/2026/10/7
2026-10-06,1756090,2% Milk,"Grade A Reduced Fat Milk, Vitamin A Palmitate & Vitamin D3.",8,flz,118.0,4.9,3.5,,20.0,11.0,0.0,11.0,345.0,118.0,0.0,8.0,0.0,296.0,,,,,,,https://nd.api.nutrislice.com/menu/api/weeks/school/58415/menu-type/28583/2026/10/7
2026-10-06,2265923,1% Chocolate Milk,"Low Fat Milk, Sugar, Cornstarch, Cocoa, Alkalized Cocoa, Salt, Carrageenan, Natural Flavor, Vitamin A Palmitate, Vitamin D3. Contains: Milk..",1,cups,148.0,2.5,1.5,,10.0,24.0,11.0,22.0,345.0,227.0,0.0,8.0,0.2,276.0,,,,,,,https://nd.api.nutrislice.com/menu/api/weeks/school/58415/menu-type/28583/2026/10/7
2026-10-06,1756105,Oat Milk,"Oatmilk (Water, Oat), Sunflower Oil, Dipotassium Phosphate, Calcium Carbonate, Tricalcium Phosphate, Sea Salt, Gellan Gum, Vitamin A Palmitate, Vitamin D2..",1,cups,111.0,6.0,1.0,,0.0,13.0,2.0,2.0,384.0,106.0,1.0,1.0,0.0,263.0,,,,,,,https://nd.api.nutrislice.com/menu/api/weeks/school/58415/menu-type/28583/2026/10/7
2026-10-06,1756113,Chocolate Pea,"Water, Cane Sugar, Pea Protein, Sunflower Oil, Alkalized Cocoa Powder, Calcium Carbonate, Natural Flavor, Sea Salt, Potassium Citrate, Sunflower Lecithin, Natural Vanilla Flavor With Other Natural Flavor, Guar Gum, Gellan Gum, Vitamin A Palmitate, Vitamin D2..",1,cups,140.0,5.0,0.5,,0.0,15.0,13.0,13.0,180.0,140.0,2.0,8.0,2.2,400.0,,,,,,,https://nd.api.nutrislice.com/menu/api/weeks/school/58415/menu-type/28583/2026/10/7
2026-10-06,1756121,Skim,"Grade A Fat Free (Skim) Milk, Vitamin A Palmitate & Vitamin D3..",8,flz,79.0,0.0,0.0,,5.0,11.0,0.0,11.0,355.0,118.0,0.0,8.0,0.1,296.0,,,,,,,https://nd.api.nutrislice.com/menu/api/weeks/school/58415/menu-type/28583/2026/10/7
2026-10-06,1756129,Soy,"Soymilk (Water, Organic Soybeans), Cane Sugar, Calcium Carbonate, Sea Salt, Dipotassium Phosphate, Natural Flavor, Gellan Gum, Vitamin A Palmitate, Vitamin D2..",1,cups,101.0,3.0,1.0,,0.0,10.0,5.0,7.0,385.0,81.0,3.0,8.0,1.0,264.0,,,,,,,https://nd.api.nutrislice.com/menu/api/weeks/school/58415/menu-type/28583/2026/10/7
2026-10-06,2293503,Chocolate Soft Serve Ice Cream,"Chocolate Soft Serve (Milk, Sugar, Cream, Corn Syrup, High Fructose Corn Syrup, Whey, Cocoa, Nonfat Milk, Mono & Diglycerides, Guar Gum, Tetrasodium Pyrophosphate, Dextrose, Carrageenan, And Vitamin A Palmitate. COMMON ALLERGENS PRESENT: Milk.).",4,z,169.0,6.0,3.9,,19.0,26.0,0.0,25.0,0.0,130.0,1.0,4.0,0.5,130.0,,,,,,,https://nd.api.nutrislice.com/menu/api/weeks/school/58415/menu-type/28583/2026/10/7
2026-10-06,2293504,Vanilla Soft Serve Ice Cream,"Vanilla Soft Serve Ice Cream Mix (Milk, Sugar, Cream, Corn Syrup, High Fructose Corn Syrup, Whey, Nonfat Milk, Mono & Diglycerides, Guar Gum, Tetra Sodium Pyrophosphate, Dextrose, Carrageenan, Vanillin (Artificial Flavor), Vanilla, Annatto Color, And Vitamin A Palmitate. Common Allergens Present: Milk.).",4,z,182.0,6.0,4.5,,26.0,25.0,0.0,25.0,0.0,136.0,0.0,4.0,0.0,130.0,,,,,,,https://nd.api.nutrislice.com/menu/api/weeks/school/58415/menu-type/28583/2026/10/7
2026-10-06,2293505,Pineapple DH Dole Whip,"Water (Filtered Tap Water.), Dole Pineapple Whip (Sugar, Dextrose, Stabilizers (Hydroxypropyl Methylcellulose, Locust Bean Gum, Guar Gum, Karaya Gum, Pectin, Cellulose Gum, Xanthan Gum), Coconut Oil, Contains 2% Or Less Of Each Of The Following: Maltodextrin, Citric Acid, Natural & Artificial Flavor, Modified Food Starch, Malic Acid, Beta Carotene (Color), Mono & Diglycerides, Silicon Dioxide (Anticaking).).",4,flz,123.0,0.6,0.6,,0.0,29.0,28.0,28.0,1.0,15.0,0.0,0.0,0.0,13.0,,,,,,,https://nd.api.nutrislice.com/menu/api/weeks/school/58415/menu-type/28583/2026/10/7
2026-10-06,2293501,Strawberry Dole Whip,"Water (Filtered Tap Water.), Dole Strawberry Whip (Sugar, Dextrose, Maltodextrin, Stabilizers (Hydroxypropyl Methylcellulose, Locust Bean Gum, Guar Gum, Karaya Gum, Pectin, Cellulose Gum, Xanthan Gum), Coconut Oil, Contains 2% Or Less Of Each Of The Following: Citric Acid, Color (Dehydrated Blackcurrant, Caramel Color, Carrot Extract), Natural Flavor, Modified Food Starch, Mono & Diglycerides, Silicon Dioxide (Anticaking).).",4,flz,125.0,0.0,0.6,,0.0,30.0,29.0,28.0,6.0,15.0,0.0,0.0,0.0,14.0,,,,,,,https://nd.api.nutrislice.com/menu/api/weeks/school/58415/menu-type/28583/2026/10/7
2026-10-06,1755988,Unsalted Butter,"Cream, SaltContains Milk.",1,oz,28.0,3.1,2.0,,9.0,0.0,0.0,0.0,1.0,27.0,0.0,0.0,0.0,1.0,,,,,,,https://nd.api.nutrislice.com/menu/api/weeks/school/58415/menu-type/28583/2026/10/7
2026-10-06,1756157,Peanut Butter,"PEANUTS, SUGAR, PEANUT OIL, CONTAINS 2% OR LESS OF: PALM OIL, SALT. COMMON ALLERGENS PRESENT: Peanuts.",0.75,z,122.0,10.0,2.3,,0.0,6.0,2.0,3.0,110.0,103.0,1.0,4.0,0.3,13.0,,,,,,,https://nd.api.nutrislice.com/menu/api/weeks/school/58415/menu-type/28583/2026/10/7
2026-10-06,1755977,Plain Bagels,"Wheat Flour Enriched (Wheat Flour, Malted Barley Flour, Niacin, Reduced Iron, Thiamine Mononitrate, Riboflavin, Folic Acid), Water, Sugar, Salt, Cultured Wheat Flour, Yeast, Vinegar, Palm Oil, Non-GMO Soybean Oil, Sunflower Oil, Ascorbic Acid, Enzymes, Cornmeal..",4.5,z,316.0,1.0,0.0,,0.0,65.0,3.0,5.0,90.0,575.0,2.0,11.0,4.0,103.0,,,,,,,https://nd.api.nutrislice.com/menu/api/weeks/school/58415/menu-type/28583/2026/10/7
2026-10-06,1755979,Whole Wheat Bagels,"Wheat Flour Enriched (Wheat Flour, Malted Barley Flour, Niacin, Reduced Iron, Thiamine Mononitrate, Riboflavin, Folic Acid), Water, Whole Wheat Flour, Sugar, Salt, Cultured Wheat Flour, Yeast, Vinegar, Palm Oil, Caramel Color, Non-GMO Soybean Oil, Sunflower Oil, Ascorbic Acid, Enzymes, Cornmeal..",1,bagel,316.0,1.7,0.0,,0.0,65.0,2.0,2.0,135.0,587.0,3.0,11.0,3.7,102.0,,,,,,,https://nd.api.nutrislice.com/menu/api/weeks/school/58415/menu-type/28583/2026/10/7
2026-10-06,1755995,Cream Cheese,"Pasteurized Milk And Cream, Cheese Culture, Salt, Guar Gum, Xanthan Gum, Carob Bean Gum. Common Allergens Present: Milk..",1,oz,90.0,9.0,6.0,,30.0,2.0,0.0,1.0,40.0,95.0,0.0,2.0,0.0,30.0,,,,,,,https://nd.api.nutrislice.com/menu/api/weeks/school/58415/menu-type/28583/2026/10/7
2026-10-06,1756050,Grape Jelly,"Concord Grape Juice (Water, Concord Grape Juice Concentrate), Corn Syrup, High Fructose Corn Syrup, Contains Less Than 2% Of Fruit Pectin, Citric Acid, Sodium Citrate..",1,Tbsp,50.0,0.0,0.0,,0.0,13.0,7.0,9.0,0.0,5.0,0.0,0.0,0.0,0.0,,,,,,,https://nd.api.nutrislice.com/menu/api/weeks/school/58415/menu-type/28583/2026/10/7
2026-10-06,1756057,Strawberry Jelly,"Strawberries, High Fructose Corn Syrup, Corn Syrup, Sugar, Contains 2% Or Less Of: Fruit Pectin, Citric Acid..",1,Tbsp,50.0,0.0,0.0,,0.0,13.0,9.0,10.0,0.0,0.0,0.0,0.0,0.0,0.0,,,,,,,https://nd.api.nutrislice.com/menu/api/weeks/school/58415/menu-type/28583/2026/10/7
2026-10-06,1756149,Chocolate Chips,"Sugar, Unsweetened Chocolate, Cocoa Butter, Soy Lecithin (an emulsifier), Natural Vanilla Extract, Milk. COMMON ALLERGENS PRESENT: Milk, Soy..",1,oz,132.0,8.0,3.8,,0.0,19.0,15.0,15.0,0.0,0.0,2.0,2.0,1.9,9.0,,,,,,,https://nd.api.nutrislice.com/menu/api/weeks/school/58415/menu-type/28583/2026/10/7
2026-10-06,1756389,Rainbow Sprinkles,"Sugar, Corn Starch, Palm Oil & Palm Kernel Oil, Soy Lecithin, Dextrin,Carnauba Wax, Confectioners Glaze, FD&C Yellow #5 Lake, Yellow #6 Lake,Blue #1 Lake, Red #40 Lake, Red #3. COMMON ALLERGENS PRESENT: Soy..",1,oz,142.0,7.0,3.5,,0.0,21.0,14.0,14.0,0.0,0.0,0.0,0.0,0.0,0.0,,,,,,,https://nd.api.nutrislice.com/menu/api/weeks/school/58415/menu-type/28583/2026/10/7
2026-10-06,1756237,Chocolate Syrup,"High Fructose Corn Syrup, Water, Cocoa And Cocoa Processed With Alkali, Modified Food Starch, Caramel Color, Salt, Potassium Sorbate- A Preservative, Xanthan Gum, Titanium Dioxide (Color), Artificial Colors (Yellow 5, Red 3 And Blue 1), And Natural And Artificial Flavors..",1,oz,67.0,0.0,0.0,,0.0,16.0,0.0,15.0,0.0,15.0,1.0,1.0,0.4,0.0,,,,,,,https://nd.api.nutrislice.com/menu/api/weeks/school/58415/menu-type/28583/2026/10/7
2026-10-06,1756259,Caramel Syrup,"CORN SYRUP, HIGH FRUCTOSE CORN SYRUP, SUGAR, CONDENSED NONFAT MILK, WATER, HEAVY WHIPPING CREAM, CONTAINS 2% OR LESS OF SALT, PECTIN, ARTIFICIAL FLAVORS, POTASSIUM SORBATE - A PRESERVATIVE, CARAMEL COLOR AND DISODIUM PHOSPHATE. COMMON ALLERGENS PRESENT: Milk..",1,oz,81.0,0.3,0.0,,0.0,18.0,12.0,12.0,15.0,40.0,0.0,0.0,0.0,8.0,,,,,,,https://nd.api.nutrislice.com/menu/api/weeks/school/58415/menu-type/28583/2026/10/7
2026-10-06,1756393,Oreo Cookie Crumble,"Unbleached Enriched Flour (Wheat Flour, Niacin, Reduced Iron, Thiamine Mononitrate {Vitamin B1}, Riboflavin {Vitamin B2}, Folic Acid), Sugar, Palm And/Or Canola Oil, Cocoa (Processed With Alkali), Invert Sugar, Leavening (Baking Soda And/Or Calcium Phosphate), Soy Lecithin, Salt, Chocolate, Natural Flavor. Common Allergens Present: Soy, Wheat..",1,oz,136.0,5.0,1.6,,0.0,21.0,12.0,12.0,42.0,94.0,1.0,1.0,1.2,10.0,,,,,,,https://nd.api.nutrislice.com/menu/api/weeks/school/58415/menu-type/28583/2026/10/7
2026-10-06,1756427,Ketchup,"Tomato Concentrate, Sugar, Distilled Vinegar, Less than 2% of: Salt, Natural Flavors, *Potassium Chloride, Onion Powder, Citric Acid, Garlic Powder, Spices..",1,oz,6.0,0.0,0.0,,0.0,1.0,0.0,1.0,18.0,14.0,0.0,0.0,0.0,0.0,,,,,,,https://nd.api.nutrislice.com/menu/api/weeks/school/58415/menu-type/28583/2026/10/7
2026-10-06,1756436,Spicy Brown Mustard,"Vinegar, Water, Mustard Seed, Salt, Less than 2% of: Spices, Turmeric..",1,oz,28.0,0.0,0.0,,0.0,0.0,0.0,0.0,0.0,283.0,0.0,0.0,0.0,0.0,,,,,,,https://nd.api.nutrislice.com/menu/api/weeks/school/58415/menu-type/28583/2026/10/7
2026-10-06,1756258,Mayonnaise,"Soybean Oil, Distilled Vinegar, Egg Yolk, High Fructose Corn Syrup, Contains Less Than 2% Of Salt, Water, Mustard Seed, Calcium Disodium Edta (To Protect Flavor). Contains: Egg.",1,Tbsp,100.0,11.0,2.0,,10.0,1.0,1.0,1.0,0.0,75.0,0.0,0.0,0.0,0.0,,,,,,,https://nd.api.nutrislice.com/menu/api/weeks/school/58415/menu-type/28583/2026/10/7
2026-10-06,1756437,Yellow Mustard,"Distilled White Vinegar, Water, Mustard Seed, Mustard Bram, Salt, Turmeric, Spices..",1,tsp,0.0,0.0,0.0,,0.0,0.0,0.0,0.0,0.0,60.0,0.0,0.0,0.0,0.0,,,,,,,https://nd.api.nutrislice.com/menu/api/weeks/school/58415/menu-type/28583/2026/10/7
2026-10-07,2322212,Shamrock Sub Sandwich,"French Baguette (Enriched Flour (Wheat Flour, Malted Barley Flour, Niacin, Reduced Iron, Thiamin Mononitrate, Riboflavin, Folic Acid), Water, Contains Less Than 2% Of Yeast, Salt, Soybean Oil, Dextrose, Calcium Sulfate, Ascorbic Acid, Calcium Peroxide, Azodicarbonamide, Mono- And Diglycerides, Wheat Gluten, Enzymes, Calcium Propionate (Preservative), Soy Lecithin, Yellow Cornmeal. Contains Soy, Wheat.), Sliced City Ham (Pork Leg, Water, Salt, Cane Sugar, Celery Powder, Cherry Powder, Spices (Black Pepper, Allspice, Clove, Juniper Berries), Garlic, Bay Leaf.), Prosciutto Ham (Cured with Salt, Sugar, Spices, Sodium Nitrate, Sodium Nitrite, Flavoring.), Pepperoni (Pork, Beef, Salt, Dextrose, Spices, Lactic Acid Starter Culture, Oleoresin of Paprika, Dehydrated Garlic, Sodium Nitrite, BHA, BHT, Citric Acid.), Genoa Salami Slices (Pork, Beef, Salt, Dextrose, Lactic Acid Starter Culture, Spices, Sodium Ascorbate,Sodium Nitrite, Garlic Powder, BHA, BHT, Citric Acid.), Oil-Browned Pan-Roasted Turkey Breasts (Turkey Breast, Turkey Broth And 2% Or Less Of: Sea Salt, Dextrose, Yeast Extract, Natural Flavors. Browned in Vegetable Oil.), 10"" Wheat Baguettes (Enriched Wheat Flour (Malted Barley Flour, Niacin, Reduced Iron, Thiamine Mononitrate, Riboflavin, Folic Acid), Whole Wheat Flour, Yeast, Poolish (Flour, Water, Yeast), Barley, Malt Syrup, Rye Flour, Starter Culture (Lactobacillus), Water, Salt, Ascorbic Acid, Sorbitan Monostearate (Processing Aid), Enzymes. Contains: Wheat, Rye Product.), Mayonnaise Premium Kens (Soybean Oil, Water, Egg, Distilled Vinegar, Egg Yolk, Contains Less Than 2% Of Salt, Sugar, Lemon Juice Concentrate, Calcium Disodium EDTA (To Protect Flavor), Paprika Extract (Color), Natural Flavor. Contains: Egg), Sliced Tomato (Tomato.), Honey Mustard Dressing (Soybean Oil, High Fructose Corn Syrup, Spicy Brown Mustard (Distilled Vinegar, Water, Mustard Seed, Salt, Turmeric, Spices), Honey, Distilled Vinegar, Egg Yolk, Contains Less Than 2% Of Salt, Water, Propylene Glycol Alginate, Mustard Flour, Calcium Disodium Edta (To Protect Flavor). Contains Egg.), Fat Free Italian Dressing (Water, Distilled Vinegar, Sugar, Salt, Maltodextrin, Contains Less Than 2% Of Cellulose Gel And Gum, Onion*, Xanthan Gum, Potassium Sorbate And Sodium Benzoate (Preservatives), Garlic*, Carrageenan, Citric Acid, Red Bell Pepper*, Spice, Autolyzed Yeast Extract, Natural Flavor, Yeast Extract, Beta Carotene (Color). *Dried), Chicago-Style Hot Giardiniera (Soybean Oil, Hot Peppers, Carrots, Cauliflower, Celery, Gherkins, Spices, Vinegar, Sodium Benzoate, Sodium Bisulfite.), Shredded Iceberg Lettuce (Iceberg Lettuce.), Mild Cheddar (Pasteurized milk, cheese culture, salt, enzyme, color added. COMMON ALLERGENS PRESENT: Milk.), Provolone Cheese Slice (Pasteurized Milk, Cheese Culture, Salt, Enzymes. Common Allergens Present: Milk.), Swiss Cheese Slice (Swiss Cheese (Cultured Pasteurized Milk, Salt, Enzymes). Common Allergens Present: Milk.), Jalapeno Monterey Jack (Pasteurized milk, Jalapeno Peppers, cheese culture, salt and enzymes. COMMON ALLERGENS PRESENT: Milk.), Dill Pickle Chips, Sliced Red Onion (Red Onions.), 1% Low Fat Buttermilk 0.5gal (Cultured Lowfat Milk, Stabilizer (Mono And Diglycerides, Carob Bean Gum, Carrageenan, Calcium Sulfate, Modified Corn and Tapioca Starches), Salt, Vitamin A Palmitate, Vitamin D3. Contains: Milk.), Sour Cream (Milk, Cream, Whey, Modified Cornstarch, Sodium Phosphate, Guar Gum, Carrageenan, Calcium Sulfate, Carob Bean Gum, Nonfat Dry Milk. Contains: Milk), Roasted Garlic Base Concentrate (Roasted Garlic, Water, Sauteed Vegetable Puree Mix (Carrots, Onions, Celery), Dextrose, Salt, Dried Garlic, 2% Or Less Of Canola Oil, Dried Onions, Potassium Chloride, Celery Juice Concentrate.), Onion Granulated Spice (Dried Onion.), Dill (Fresh Dill.), Granulated Garlic (Dried Garlic.), Coarse Kosher Salt (Salt).",1,sub,3444.0,210.0,59.0,,2443.0,245.0,21.0,33.0,1702.0,10023.0,10.0,156.0,23.9,1116.0,,,,,,,https://nd.api.nutrislice.com/menu/api/weeks/school/58415/menu-type/28583/2026/10/7
2026-10-07,1758036,Clubhouse Potato Chips,"Skin On Potato Chip Cut (Potatoes, Vegetable Oil (Contains One Or More Of The Following Oils: Canola, Soybean, Cottonseed, Sunflower, Corn). Contains 2% or less of Dextrose, Salt, Sodium Acid Pyrophosphate Added To Maintain Natural Color.), Canola Oil (Canola Oil, TBHQ and Citric Acid Added To Protect Flavor, Dimethylpolysiloxanes, An Anti-Foaming Agent Added.), Coarse Kosher Salt (Salt), Whole Black Peppercorns (Black Peppercorns.).",2,z,125.0,10.0,1.0,,0.0,10.0,0.0,1.0,147.0,549.0,1.0,1.0,0.1,6.0,,,,,,,https://nd.api.nutrislice.com/menu/api/weeks/school/58415/menu-type/28583/2026/10/7
2026-10-07,1762488,Coleslaw,"Cabbage, Sugar, Soybean Oil, Water, Contains Less Than 2% of Carrots, White Distilled Vinegar, Eggs, Salt, Egg Yolks (Egg Yolks, Salt), Erythorbic Acid (to Retain Color), Potassium Sorbate (to Retard Spoilage), Citric Acid, Sodium Benzoate (Preservative), Xanthan Gum, Lemon Juice Concentrate, Spices, Mayonnaise Spice Blend Flavor (Medium Chain Triglycerides, Natural and Artificial Flavors)..",1,oz,45.0,2.8,0.4,,3.0,5.0,4.0,4.0,50.0,95.0,1.0,0.0,0.1,8.0,,,,,,,https://nd.api.nutrislice.com/menu/api/weeks/school/58415/menu-type/28583/2026/10/7
2026-10-07,1769209,Vegetarian Macaroni Pasta Salad,"Cooked Enriched Macaroni Product (Semolina [Wheat], Enriched With Niacin, Iron [Ferrous Sulfate], Thiamin Mononitrate, Riboflavin, Folic Acid), Eggs, Fructose, Soybean Oil, Water, High Fructose Corn Syrup, Onions, Celery, Contains Less Than 2% Of White Distilled Vinegar, Apple Cider Vinegar, Mustard (Distilled Vinegar, Mustard Seed, Salt, Turmeric, Spices), Red Bell Peppers (Red Bell Peppers, Water, Citric Acid), Carrots, Egg Yolks (Egg Yolks, Salt), Salt, Modified Corn Starch, Sugar, Potassium Sorbate (To Retard Spoilage), Dextrose, Spices, Xanthan Gum, Guar Gum, Color (Water, Coloring [Yellow 5, Yellow 6, Red 40], Sodium Benzoate [Preservative], Citric Acid), Propylene Glycol Alginate, Onion Powder, Paprika (Color). Contains: Egg, Wheat..",0.75,cups,240.0,11.0,2.0,,75.0,30.0,13.0,14.0,150.0,550.0,1.0,5.0,1.1,20.0,,,,,,,https://nd.api.nutrislice.com/menu/api/weeks/school/58415/menu-type/28583/2026/10/7
2026-10-07,1756499,Potato Salad,"Potatoes, Soybean Oil, Water, Sour Cream (Cultured Milk And Cream), Green Onions, Egg Yolks (Egg Yolks, Salt), Contains Less Than 2% Of High Fructose Corn Syrup, Fully Cooked Bacon Bits With Smoke Flavor Added (Bacon Bits [Cured With Water, Salt, Sugar, Sodium Phosphates, Sodium Erythorbate, Sodium Nitrite], Smoke Flavor. May Contain Dextrose, Potassium Chloride), White Distilled Vinegar, Salt, Mustard (Water, Distilled Vinegar, Mustard Seed, Salt, Spices), Glucono Delta Lactone, Potassium Sorbate (To Retard Spoilage), Sugar, Spices. Common Allergens Present: Egg, Milk..",4,oz,269.0,22.0,4.2,,25.0,15.0,2.0,3.0,328.0,554.0,1.0,3.0,0.5,17.0,,,,,,,https://nd.api.nutrislice.com/menu/api/weeks/school/58415/menu-type/28583/2026/10/7
2026-10-07,1937927,Tortilla Chips,"Unfried White Corn Tortilla Chips (Whole Grain Corn, Water, Gums, Preservatives (Propionic acid, Sorbic acid, Fumaric acid, Methyl and Propyl parabens), Lime.), Canola Oil (Canola Oil, TBHQ and Citric Acid Added To Protect Flavor, Dimethylpolysiloxanes, An Anti-Foaming Agent Added.), Coarse Kosher Salt (Salt).",1,oz,84.0,3.0,0.2,,0.0,11.0,0.0,0.0,0.0,464.0,2.0,2.0,0.3,16.0,,,,,,,https://nd.api.nutrislice.com/menu/api/weeks/school/58415/menu-type/28583/2026/10/7
2026-10-07,1756627,Frijoles Charros,"Prewashed Dry Pinto Beans (Pinto Beans. COMMON ALLERGENS PRESENT: None.), Angus Beef Frank (Beef, water, salt, less than 2% of the following: flavoring, potassium lactate, sugar, sodium diacetate, paprika, sodium phosphate, sodium erythorbate, sodium nitrite, oleoresin of paprika. COMMON ALLERGENS PRESENT: None.), Sausage Chorizo (Pork, White Vinegar, Chili Powder, Paprika, Salt, Red Pepper, Garlic Powder, Oregano, Sodium Nitrite.), Applewood Smoked Bacon Layout 18-22ct (Pork Belly, Smoke Flavoring Added Cured With Water, Salt, Sugar, Smoke Flavoring, Sodium Erythorbate, Sodium Phosphates, Sodium Nitrite.), Cilantro (Fresh Cilantro.), Coarse Kosher Salt (Salt), Serrano Chili Peppers (Serrano Peppers.).",4,z,272.0,6.0,1.0,,6.0,64.0,0.0,3.0,2037.0,339.0,37.0,23.0,7.7,2.0,,,,,,,https://nd.api.nutrislice.com/menu/api/weeks/school/58415/menu-type/28583/2026/10/7
2026-10-07,1756605,Cilantro Lime Rice,"Basamati Rice (White Basmati Rice.), Water (Filtered Tap Water.), Lime Juice (Lime Juice From Concentrate (Water, Concentrated Lime Juice) And Less Than 2% Of Lime Oil, Sodium Benzoate (Preservative), Sodium Metabisulfite (Preservative). Contains: Sulfites.), Cilantro (Fresh Cilantro.), Salad Oil (Soybean Oil.), Coarse Kosher Salt (Salt), Lime (Limes.).",2,z,81.0,0.4,0.1,,0.0,17.0,0.0,0.0,31.0,76.0,0.0,1.0,0.2,1.0,,,,,,,https://nd.api.nutrislice.com/menu/api/weeks/school/58415/menu-type/28583/2026/10/7
2026-10-07,2246510,Salsa Verde,"Tomatillo, Salad Oil (Soybean Oil.), Spanish Onion (Fresh Yellow Onions.), Serrano Chili Peppers (Serrano Peppers.), Cilantro (Fresh Cilantro.), Lime (Limes.), Coarse Kosher Salt (Salt), Peeled Garlic (Garlic.).",1,fl oz,68.0,6.0,0.9,,0.0,2.0,0.0,1.0,65.0,118.0,0.0,0.0,0.1,3.0,,,,,,,https://nd.api.nutrislice.com/menu/api/weeks/school/58415/menu-type/28583/2026/10/7
2026-10-07,2262380,Carne Asada Tacos,"Churrasco Style Skirt Steak (Beef Outside Skirt and *Solution (Water, Preservatives [Sodium Lactate and Sodium Diacetate Blend], and R&F NP sasoning [Salt, Whey Protein Concentrate, Maltodextrin, Sodium Phosphate, Onion, Garlic, Sugar, and Spices]). Contains: Milk), Onion (Fresh Yellow Onions.), Water (Filtered Tap Water.), Flour Tortilla (Enriched Unbleached Flour (Wheat Flour, Niacin, Reduced Iron, Thiamine Mononitrate, Riboflavin And Folic Acid), Water, Vegetable Shortening (Contains One Or More Of The Following: Palm Oil And/Or Corn Oil), Contains 2% Or Less Of The Following: Salt, Aluminum-Free Leavening (Sodium Acid Pyrophosphate, Sodium Bicarbonate, Cornstarch, Monocalcium Phosphate), Wheat Protein, Preservatives (Calcium Propionate, Sorbic Acid), Dough Conditioner (Fumaric Acid, Xanthan Gum, Mono- And Diglycerides, Sodium Metabisulphite). Common Allergens Present: Wheat.), Diced Onion (Fresh Yellow Onions.), 6"" Corn Tortilla (Stoned Ground Corn, Water and Lime (Calcium Hydroxide).), Red Grape Tomato (Red Grape Tomatoes.), Cilantro (Fresh Cilantro.), Salad Oil (Soybean Oil.), Jumbo White Onion (Fresh White Onions.), Coarse Kosher Salt (Salt), Peeled Garlic (Garlic.), Dried Guajillo Peppers (guajillo pepper), Guajillo Chile Ground (Chili Pepper, Silicon Dioxide (Anti-caking Agent) and Ethoxyquin (Anti-oxidant Agent).), Ground Black Pepper (Ground Black Pepper.), Spanish Paprika (Paprika, Silicon Dioxide (To Prevent Caking).), Imported Garlic Granules (Dehydrated Imported Garlic Granules.), Pepper Dried De Arbol (Dried Chili De Arbol Peppers.), Onion Granules (Dehydrated Onion.), Oregano Mexican Whole Spiceology (Oregano).",1,taco,282.0,14.0,4.2,,60.0,20.0,0.0,2.0,412.0,1524.0,2.0,19.0,2.8,68.0,,,,,,,https://nd.api.nutrislice.com/menu/api/weeks/school/58415/menu-type/28583/2026/10/7
2026-10-07,1949308,Fresh Guacamole,"Avocado (Avocado.), Tomato (Tomato.), Onion (Fresh Yellow Onions.), 100% Lemon Juice (Lemon Juice from Concentrate (Water, Concentrated Lemon Juice), Sodium Benzoate (Preservative) and Lemon Oil.), Jalapeno Pepper (jalapeno pepper), Cilantro (Fresh Cilantro.), Coarse Kosher Salt (Salt).",3,z,99.0,9.0,1.0,,0.0,6.0,0.0,1.0,348.0,46.0,4.0,1.0,0.6,11.0,,,,,,,https://nd.api.nutrislice.com/menu/api/weeks/school/58415/menu-type/28583/2026/10/7
2026-10-07,1756415,Jalapeno Monterey Jack,"Pasteurized milk, Jalapeno Peppers, cheese culture, salt and enzymes. COMMON ALLERGENS PRESENT: Milk..",1,slice,63.0,5.0,3.2,,18.0,0.0,0.0,0.0,9.0,108.0,0.0,5.0,0.0,131.0,,,,,,,https://nd.api.nutrislice.com/menu/api/weeks/school/58415/menu-type/28583/2026/10/7
2026-10-07,1888384,Sliced Smoked Turkey,"Turkey Breast Meat, Water, Salt, Turbinado Sugar, Carrageenan (from seaweed), Baking Soda..",2.5,z,76.0,1.9,0.6,,32.0,1.0,0.0,1.0,0.0,456.0,0.0,13.0,0.5,0.0,,,,,,,https://nd.api.nutrislice.com/menu/api/weeks/school/58415/menu-type/28583/2026/10/7
2026-10-07,1917102,Hummus,"Dry Garbanzo Bean (Garbanzo Beans.), Tahini (Sesame Seed) Paste (Sesame Seed. Contains: Sesame Seed.), Salad Oil (Soybean Oil.), 100% Lemon Juice (Lemon Juice from Concentrate (Water, Concentrated Lemon Juice), Sodium Benzoate (Preservative) and Lemon Oil.), Coarse Kosher Salt (Salt), Water (Filtered Tap Water.), Peeled Garlic (Garlic.), Baking Soda (Sodium Bicarbonate.).",2,oz,249.0,14.0,1.7,,0.0,23.0,0.0,4.0,234.0,457.0,5.0,8.0,2.2,22.0,,,,,,,https://nd.api.nutrislice.com/menu/api/weeks/school/58415/menu-type/28583/2026/10/7
2026-10-07,1917104,Hummus Red Pepper,"Garbanzo Beans (Prepared Chick Peas, Water, Salt, Calcium Chloride (Firming Agent), Disodium EDTA (Promotes Color Retention).), Tahini (Sesame Seed) Paste (Sesame Seed. Contains: Sesame Seed.), Roasted Italian Red Pepper (Red Peppers, Water, Salt, Citric Acid, Calcium Chloride.), 100% Lemon Juice (Lemon Juice from Concentrate (Water, Concentrated Lemon Juice), Sodium Benzoate (Preservative) and Lemon Oil.), Oil Blend Canola & EVOO 75/25 (Canola Oil & Extra Virgin Olive Oil.), Coarse Kosher Salt (Salt), Peeled Garlic (Garlic.), Roasted Garlic Base Concentrate (Roasted Garlic, Water, Sauteed Vegetable Puree Mix (Carrots, Onions, Celery), Dextrose, Salt, Dried Garlic, 2% Or Less Of Canola Oil, Dried Onions, Potassium Chloride, Celery Juice Concentrate.), Tabasco Sauce (Distilled Vinegar, Red Pepper and Salt.), Ground Cayenne Pepper (Cayenne Peppers.), Mild Chili Powder (Chili Pepper, Salt, Spices, Dehydrated Garlic.).",1,z,66.0,4.8,0.6,,0.0,4.0,0.0,1.0,27.0,147.0,1.0,2.0,0.8,7.0,,,,,,,https://nd.api.nutrislice.com/menu/api/weeks/school/58415/menu-type/28583/2026/10/7
2026-10-07,1756339,Bacon,"Ingredients: Bacon (Cured With Water, Salt, Sugar, Sodium Erythorbate, Sodium Nitrite. May also containSmoke Flavoring, Dextrose, Sodium Phosphate, Potassium Chloride, Sodium Diacetate, Flavoring, Honey)..",1,Tbsp,61.0,4.6,2.0,,25.0,0.0,0.0,0.0,0.0,324.0,0.0,5.0,0.0,0.0,,,,,,,https://nd.api.nutrislice.com/menu/api/weeks/school/58415/menu-type/28583/2026/10/7
2026-10-07,1756413,Mild Cheddar,"Pasteurized milk, cheese culture, salt, enzyme, color added. COMMON ALLERGENS PRESENT: Milk..",1,slice,81.0,7.0,4.1,,20.0,0.0,0.0,0.0,20.0,137.0,0.0,5.0,0.0,152.0,,,,,,,https://nd.api.nutrislice.com/menu/api/weeks/school/58415/menu-type/28583/2026/10/7
2026-10-07,1756418,Provolone Cheese Slice,"Pasteurized Milk, Cheese Culture, Salt, Enzymes. Common Allergens Present: Milk..",1,slice,71.0,6.0,3.5,,15.0,0.0,0.0,0.0,30.0,192.0,0.0,5.0,0.1,162.0,,,,,,,https://nd.api.nutrislice.com/menu/api/weeks/school/58415/menu-type/28583/2026/10/7
2026-10-07,1756425,Smoked Sliced Ham,"Pork, Water, Natural Salt Blend (Potassium Chloride, Sea Salt), Turbinado Sugar, Salt, Cultured Celery Powder, Cherry Powder..",1,oz,30.0,0.8,0.3,,15.0,1.0,0.0,1.0,0.0,177.0,0.0,5.0,0.2,0.0,,,,,,,https://nd.api.nutrislice.com/menu/api/weeks/school/58415/menu-type/28583/2026/10/7
2026-10-07,2042095,Genoa Salami Slices,"Pork, Beef, Salt, Dextrose, Lactic Acid Starter Culture, Spices, Sodium Ascorbate,Sodium Nitrite, Garlic Powder, BHA, BHT, Citric Acid..",2,z,223.0,20.0,7.0,,46.0,2.0,2.0,2.0,172.0,850.0,0.0,10.0,0.8,20.0,,,,,,,https://nd.api.nutrislice.com/menu/api/weeks/school/58415/menu-type/28583/2026/10/7
2026-10-07,1756401,Tuna Salad,"Tuna (Light tuna, water, vegetable broth, salt), Lemon (Fresh Lemons.), Mayonnaise Premium Kens (Soybean Oil, Water, Egg, Distilled Vinegar, Egg Yolk, Contains Less Than 2% Of Salt, Sugar, Lemon Juice Concentrate, Calcium Disodium EDTA (To Protect Flavor), Paprika Extract (Color), Natural Flavor. Contains: Egg), Celery (Celery.), Coarse Kosher Salt (Salt), Ground Black Pepper (Ground Black Pepper.).",1,z,49.0,3.9,0.5,,10.0,0.0,0.0,0.0,60.0,116.0,0.0,4.0,0.2,2.0,,,,,,,https://nd.api.nutrislice.com/menu/api/weeks/school/58415/menu-type/28583/2026/10/7
2026-10-07,1756284,Avocado,Avocado..,1,oz,47.0,4.4,0.5,,0.0,2.0,0.0,0.0,143.0,3.0,2.0,0.0,0.2,3.5,,,,,,,https://nd.api.nutrislice.com/menu/api/weeks/school/58415/menu-type/28583/2026/10/7
2026-10-07,2262378,Andes Adobo Bowl,"Basamati Rice (White Basmati Rice.), Chix Thg Jumbo B/S Raw CVP Fs Halal (Boneless Skinless Jumbo Chicken Thigh Fillets.), Roasted Diced Sweet Potatoes (Sweet Potatoes, Brown Sugar, Sugar, Olive Oil, Contains Less Than 2% Of Maple Sugar, Molasses Powder (Sugar, Molasses), Natural Flavors, Salt, Spices.), Flame Roasted Corn & Peppers (Sweet Corn, Cooked Black Beans, Tomato, Onion, Green Bell Pepper, Red Bell Pepper, Contains Less Than 2% Of Brown Sugar, Citric Acid, Dehydrated Vegetables (Onion, Bell Pepper, Garlic), Lime Juice Powder (Lime Juice Concentrate, Modified Food Starch, Maltodextrin, Citric Acid), Natural Flavor (Including Grill And Smoke), Olive Oil, Salt, Spices, Sugar, Yeast Extract.), Avocado (Avocado.), Tomato (Tomato.), Yogurt Greek NF (Grade A Pasteurized Skim Milk, Milk Protein Concentrate, Enzymes, Live Active Cultures: S. Thermophilus, L. Bulgaricus, L. Acidophilus, Bifidus and L. Casei. Contains: Milk), Water (Filtered Tap Water.), Cilantro (Fresh Cilantro.), Grated Cotija Cheese (Pasteurized Milk, Salt, Cheese Cultures, Enzymes, Anti Caking Agent [Potato Starch, Corn Starch, Cellulose, Natamycin (an all natural mold inhibitor)]. COMMON ALLERGENS PRESENT: Milk.), White Vinegar (White Distilled Vinegar and Filtered Water.), Lime Juice (Lime Juice From Concentrate (Water, Concentrated Lime Juice) And Less Than 2% Of Lime Oil, Sodium Benzoate (Preservative), Sodium Metabisulfite (Preservative). Contains: Sulfites.), Red Onion (Red Onions.), Lime (Limes.), Peeled Garlic (Garlic.), Salad Oil (Soybean Oil.), Onion (Fresh Yellow Onions.), Lime Juice (Water, 100% Lime Juice from Concentrate.), Coarse Kosher Salt (Salt), Smoked Paprika (Paprika, Silicon Dioxide (To Prevent Caking).), Granulated Sugar (Granulated Beet Sugar), Aji Amarillo Paste (Yellow Hot Peppers, Water, Sea Salt, Citric Acid (As Acidulant), Xanthan Gum (Thickening Agent).), Red Wine Vinegar (Red Wine Vinegar and Filtered Water.), Jalapeno Pepper (jalapeno pepper), Ground Cumin (Cumin Seed.), 100% Lemon Juice (Lemon Juice from Concentrate (Water, Concentrated Lemon Juice), Sodium Benzoate (Preservative) and Lemon Oil.), Ground Black Pepper (Ground Black Pepper.).",1,bowl,668.0,20.0,4.4,,131.0,83.0,3.0,14.0,1034.0,1605.0,6.0,38.0,3.6,105.0,,,,,,,https://nd.api.nutrislice.com/menu/api/weeks/school/58415/menu-type/28583/2026/10/7
2026-10-07,1756345,French Fries,"French Fries (Potatoes, Vegetable Oil (Contains One Or More Of The Following Oils: Canola, Soybean, Cottonseed, Sunflower, Corn). Contains 2% or less of Baking Soda, Dextrin, Dextrose, Potato Starch - Modified, Rice Flour, Salt, Sodium Acid Pyrophosphate (Maintains Natural Color & Leavening), Xanthan Gum. COMMON ALLERGENS PRESENT: None.), Canola Oil (Canola Oil, TBHQ and Citric Acid Added To Protect Flavor, Dimethylpolysiloxanes, An Anti-Foaming Agent Added.).",3,z,194.0,14.0,0.8,,0.0,17.0,0.0,1.0,218.0,322.0,1.0,1.0,0.3,9.0,,,,,,,https://nd.api.nutrislice.com/menu/api/weeks/school/58415/menu-type/28583/2026/10/7
2026-10-07,2326978,Smash Burger,"4z Beef Patties (Beef.), Hamburger Bun (Unbleached Enriched Flour (Wheat Flour, Malted BarleyFlour, Niacin, Iron, Thiamin Mononitrate, Riboflavin, Folic Acid), Water, HighFructose Corn Syrup, Yeast, Soybean Oil, Wheat Gluten, Contains 2% orless of the following: Salt, Calcium Propionate (Preservative), MonocalciumPhosphate, Wheat Starch, Sesame, Enzymes, Ascorbic Acid. Contains: Wheat, Sesame.), Ground Black Pepper (Ground Black Pepper.), Coarse Kosher Salt (Salt), Granulated Garlic (Dried Garlic.), Onion Granulated Spice (Dried Onion.).",1,burger,569.0,27.0,10.0,,81.0,51.0,7.0,7.0,402.0,1176.0,2.0,28.0,4.8,112.0,,,,,,,https://nd.api.nutrislice.com/menu/api/weeks/school/58415/menu-type/28583/2026/10/7
2026-10-07,1769875,Garden Herb Grilled Chicken,"Chix Tndrln Jumbo Raw CVP Fs (Chicken Tenderloins.), Water (Filtered Tap Water.), Salad Oil (Soybean Oil.), Marinade Garden Herb & Tomato (Blended of Salt, Dehydrated Garlic, Sugar, Dehydrated Tomatoes, Vinegar Powder (Maltodextrin, Food Starch Modified, And Vinegar Solids), Sodium Phosphate (10.34%) Spice, Lemon Juice Powder (Corn Syrup Solids And Lemon Juice Solids), Onion Powder, Modified Food Starch, Deydrated Bell Peppers, Citric Acid.).",1,tender,112.0,2.5,0.4,,57.0,0.0,0.0,0.0,333.0,39.0,0.0,21.0,0.3,8.0,,,,,,,https://nd.api.nutrislice.com/menu/api/weeks/school/58415/menu-type/28583/2026/10/7
2026-10-07,2227304,Hand Breaded Chicken Tenders,"Medium Chicken Tenderloins (Medium Chicken Tenders.), All Purpose Bleached Gold Medal Flour (Bleached Wheat Flour, Malted Barley Flour, Niacin, Iron, Thiamin Mononitrate, Riboflavin, Folic Acid.), Cornstarch (Corn Starch.), Rice Flour (Ingredients: Rice Flour.), Canola Oil (Canola Oil, TBHQ and Citric Acid Added To Protect Flavor, Dimethylpolysiloxanes, An Anti-Foaming Agent Added.), 1% Low Fat Buttermilk 0.5gal (Cultured Lowfat Milk, Stabilizer (Mono And Diglycerides, Carob Bean Gum, Carrageenan, Calcium Sulfate, Modified Corn and Tapioca Starches), Salt, Vitamin A Palmitate, Vitamin D3. Contains: Milk.), Coarse Kosher Salt (Salt), Tabasco Sauce (Distilled Vinegar, Red Pepper and Salt.), Large Fresh Egg (Shelled Eggs. COMMON ALLERGENS PRESENT: Eggs.), Paprika (Paprika And Less Than 2% Silicon Dioxide To Prevent Caking.), Garlic Powder (Garlic Powder.), Brine Pickling Kosher Dill (Water, White Distilled Vinegar, Salt, Maltodextrin, Contains 2% Or Less of Each Of The Following: Dehydrated Garlic, Spice (Includes Mustard Seed), Spice Extractives (Includes Turmeric Extract), Citric Acid.), Ground Black Pepper (Ground Black Pepper.), Baking Powder (Corn Starch, Sodium Bicarbonate, Sodium Aluminum Sulfate, Monocalcium Phosphate.), Ground Cayenne Pepper (Cayenne Peppers.), Onion Granulated Spice (Dried Onion.), Ground White Pepper (White Pepper.).",4,z,277.0,8.0,0.6,,66.0,30.0,0.0,0.0,339.0,831.0,1.0,19.0,0.5,14.0,,,,,,,https://nd.api.nutrislice.com/menu/api/weeks/school/58415/menu-type/28583/2026/10/7
2026-10-07,2227303,Housemade Ranch,"Mayonnaise Premium Kens (Soybean Oil, Water, Egg, Distilled Vinegar, Egg Yolk, Contains Less Than 2% Of Salt, Sugar, Lemon Juice Concentrate, Calcium Disodium EDTA (To Protect Flavor), Paprika Extract (Color), Natural Flavor. Contains: Egg), 1% Low Fat Buttermilk 0.5gal (Cultured Lowfat Milk, Stabilizer (Mono And Diglycerides, Carob Bean Gum, Carrageenan, Calcium Sulfate, Modified Corn and Tapioca Starches), Salt, Vitamin A Palmitate, Vitamin D3. Contains: Milk.), Sour Cream (Milk, Cream, Whey, Modified Cornstarch, Sodium Phosphate, Guar Gum, Carrageenan, Calcium Sulfate, Carob Bean Gum, Nonfat Dry Milk. Contains: Milk), Onion Granulated Spice (Dried Onion.), Dill (Fresh Dill.), Granulated Garlic (Dried Garlic.), Coarse Kosher Salt (Salt).",1,lbs,1758.0,202.0,38.0,,160.0,33.0,0.0,13.0,354.0,2502.0,0.0,7.0,0.1,330.0,,,,,,,https://nd.api.nutrislice.com/menu/api/weeks/school/58415/menu-type/28583/2026/10/7
2026-10-07,1756047,Granola,"Whole Grain Oats, Sugar, Canola Oil, Rice Flour, Honey, Salt, Brown Sugar Syrup, Baking Soda, Soy Lecithin, Natural Flavor. Common Allergens Present: Soy..",1,oz,126.0,4.7,0.5,,0.0,20.0,7.0,7.0,0.0,100.0,1.0,2.0,0.6,0.0,,,,,,,https://nd.api.nutrislice.com/menu/api/weeks/school/58415/menu-type/28583/2026/10/7
2026-10-07,1920554,Deleted - Vinegar Balsamic Roland,"Wine Vinegar, Cooked Grape Must, Caramel Color. Contains: Sulfites. COMMON ALLERGENS PRESENT: NONE..",1,Tbsp,18.0,0.0,0.0,,0.0,4.0,1.0,4.0,21.0,0.0,0.0,0.0,0.2,4.0,,,,,,,https://nd.api.nutrislice.com/menu/api/weeks/school/58415/menu-type/28583/2026/10/7
2026-10-07,1756205,Creamy Caesar,"Soybean Oil, Distilled Vinegar, Water, Parmesan Cheese (Pasteurized Part-Skim Milk, Cheese Cultures, Salt, Enzymes), Romano Cheese (Pasteurized Part-Skim Milk, Cheese Cultures, Salt, Enzymes), Sugar, Egg Yolk, Salt, Contains Less Than 2% Of Garlic Juice, Modified Corn Starch, Spice, Natural Flavor, Garlic*, Xanthan Gum, Anchovies, Polysorbate 60, Onion*, Corn Syrup, Sodium Benzoate (Preservative), Lactic Acid, Maltodextrin, Calcium Disodium Edta (To Protect Flavor), Celery Seed, Tamarind, Autolyzed Yeast Extract. *Dried. Contains: Milk, Eggs, Fish (Anchovy)..",1,oz,113.0,11.0,1.9,,14.0,2.0,1.0,1.0,9.0,293.0,0.0,1.0,0.0,28.0,,,,,,,https://nd.api.nutrislice.com/menu/api/weeks/school/58415/menu-type/28583/2026/10/7
2026-10-07,1756472,Country French,"Soybean Oil, Sugar, Water, Distilled Vinegar, Apple Cider Vinegar, Tomato Paste, Honey, Contains Less Than 2% Of Salt, Paprika, Mustard Flour, Xanthan Gum, Onion,* Garlic,* Beetroot Juice Concentrate, Natural Flavor. *Dried..",1,oz,124.0,12.0,1.8,,0.0,6.0,5.0,6.0,0.0,204.0,0.0,0.0,0.0,0.0,,,,,,,https://nd.api.nutrislice.com/menu/api/weeks/school/58415/menu-type/28583/2026/10/7
2026-10-07,1928031,Honey Mustard Dressing,"Soybean Oil, High Fructose Corn Syrup, Spicy Brown Mustard (Distilled Vinegar, Water, Mustard Seed, Salt, Turmeric, Spices), Honey, Distilled Vinegar, Egg Yolk, Contains Less Than 2% Of Salt, Water, Propylene Glycol Alginate, Mustard Flour, Calcium Disodium Edta (To Protect Flavor). Contains Egg..",1,fl oz,146.0,14.0,2.7,,9.0,7.0,7.0,7.0,0.0,128.0,0.0,0.0,0.0,0.0,,,,,,,https://nd.api.nutrislice.com/menu/api/weeks/school/58415/menu-type/28583/2026/10/7
2026-10-07,1756213,Low Calorie Italian,"Water, Distilled Vinegar, Sugar, Vegetable Oil (Soybean And/Or Canola), Salt, Contains Less Than 2% Of Garlic*, Xanthan Gum, Onion*, Lemon Juice Concentrate, Spice, Red Bell Pepper*, Calcium Disodium Edta (To Protect Flavor), Paprika Extract (Color), Natural Flavor, Annatto Extract (Color). *Dried.",2,Tbsp,23.0,1.9,0.0,,0.0,3.0,2.0,2.0,9.0,413.0,0.0,0.0,0.0,0.0,,,,,,,https://nd.api.nutrislice.com/menu/api/weeks/school/58415/menu-type/28583/2026/10/7
2026-10-07,1756474,Buttermilk Ranch,"Soybean Oil, Water, Distilled Vinegar, Egg Yolk, Buttermilk Solids, Contains Less Than 2% Of Salt, Sugar, Lemon Juice Concentrate, Garlic*, Onion*, Xanthan Gum, Sorbic Acid (Preservative), Natural Flavor, Cream, Spice, Whey, Vinegar Powder, Buttermilk, Yeast Extract, Milk, Sour Cream Powder, Lactic Acid, Calcium Disodium Edta (To Protect Flavor), Citric Acid. *Dried. Contains: Milk, Eggs.",1,oz,132.0,13.0,2.0,,10.0,1.0,0.0,1.0,15.0,182.0,0.0,0.0,0.0,10.0,,,,,,,https://nd.api.nutrislice.com/menu/api/weeks/school/58415/menu-type/28583/2026/10/7
2026-10-07,1756477,Lite Ranch,"Cultured Buttermilk, Water, Vegetable Oil (Soybean And/Or Canola), Distilled Vinegar, Egg Yolk, Contains Less Than 2% Of Salt, Corn Starch, Sugar, Disodium Inosinate And Disodium Guanylate, Nonfat Milk Powder, Onion,* Xanthan Gum, Nonfat Milk Solids, Sorbic Acid (Preservative), Lactic Acid, Spice, Cream, Garlic,* Whey, Vinegar Powder, Mustard Flour, Guar Gum, Sour Cream Powder, Milk, Dipotassium Phosphate, Natural Flavor, Citric Acid. *Dried. Contains Egg, Milk.",1,oz,66.0,7.0,0.9,,5.0,1.0,0.0,1.0,0.0,236.0,0.0,1.0,0.0,0.0,,,,,,,https://nd.api.nutrislice.com/menu/api/weeks/school/58415/menu-type/28583/2026/10/7
2026-10-07,1756123,Balsamic Vinaigrette,"Water, High Fructose Corn Syrup, Balsamic Vinegar (Wine Vinegar, Concentrated Grape Must, Caramel Color), Red Wine Vinegar, Vegetable Oil (Soybean And/Or Canola), Olive Oil, Contains Less Than 2% Of Salt, Dried Garlic, Xanthan Gum, Spice, Sodium Alginate, Propylene Glycol Alginate, Calcium Disodium Edta (To Protect Flavor), Sulfiting Agents..",1,oz,55.0,4.6,0.9,,0.0,5.0,4.0,4.0,9.0,192.0,0.0,0.0,0.0,0.0,,,,,,,https://nd.api.nutrislice.com/menu/api/weeks/school/58415/menu-type/28583/2026/10/7
2026-10-07,1756479,Fat Free Raspberry Vinaigrette,"Water, Distilled Vinegar, Sugar, Corn Syrup Solids, Contains Less Than 2% Of Cucumber Juice, Salt, Vegetable Juice Color, Raspberry Juice Concentrate, Xanthan Gum, Onion*, Red Bell Pepper*, Citric Acid, Potassium Sorbate (Preservative), Artificial Flavor, Garlic*, Calcium Disodium Edta (To Protect Flavor), Beta Carotene (Color). *Dried..",1,fl oz,30.0,0.0,0.0,,0.0,8.0,7.0,7.0,13.0,79.0,0.0,0.0,0.0,0.0,,,,,,,https://nd.api.nutrislice.com/menu/api/weeks/school/58415/menu-type/28583/2026/10/7
2026-10-07,1920552,100% Extra Virgin Olive Oil,100% Extra Virgin Olive Oil..,1,Tbsp,118.0,14.0,2.0,,0.0,0.0,0.0,0.0,0.0,0.0,0.0,0.0,0.0,0.0,,,,,,,https://nd.api.nutrislice.com/menu/api/weeks/school/58415/menu-type/28583/2026/10/7
2026-10-07,1756510,Red Wine Vinegar,Red Wine Vinegar and Filtered Water..,1,fl oz,0.0,0.0,0.0,,0.0,0.0,0.0,0.0,0.0,0.0,0.0,0.0,0.0,0.0,,,,,,,https://nd.api.nutrislice.com/menu/api/weeks/school/58415/menu-type/28583/2026/10/7
2026-10-07,2135290,Deluxe Fruit Salad,"Cantaloupe, Honeydew, Pineapple, Oranges, Grapes, Water, Sugar, Citric Acid (used to lower pH)..",1,oz,12.0,0.0,0.0,,0.0,3.0,0.0,3.0,54.0,2.0,0.0,0.0,0.0,5.0,,,,,,,https://nd.api.nutrislice.com/menu/api/weeks/school/58415/menu-type/28583/2026/10/7
2026-10-07,1756055,Blueberry Yogurt,"Cultured Milk and Skim Milk, Sugar, Blueberries, Natural Flavors, Fruit and Vegetable Juice (color), Lemon Juice, Carob Bean Gum, Modified Cornstarch, Carrageenan, Pectin, Vitamin A Palmitate and Vitamin D3..",6,z cup,130.0,1.5,1.0,,10.0,24.0,12.0,18.0,240.0,85.0,0.0,5.0,0.1,170.0,,,,,,,https://nd.api.nutrislice.com/menu/api/weeks/school/58415/menu-type/28583/2026/10/7
2026-10-07,1756058,Plain Greek Yogurt,Cultured Grade A Non Fat Milk Contains Active Yogurt Cultures: S. Thermophilus & L. Bulgaricus. Common Allergens Present: Milk..,1,oz,17.0,0.0,0.0,,1.0,1.0,0.0,1.0,32.0,11.0,0.0,3.0,0.0,32.0,,,,,,,https://nd.api.nutrislice.com/menu/api/weeks/school/58415/menu-type/28583/2026/10/7
2026-10-07,1756278,Plain Fat Free Yogurt,"Cultured Milk and Skim Milk, Sugar, Modified Cornstarch, Carrageenan, Pectin, Vitamin A Palmitate and Vitamin D3. Allergens Contains: Milk..",1,oz,13.0,0.0,0.0,,1.0,2.0,0.0,2.0,53.0,18.0,0.0,1.0,0.0,40.0,,,,,,,https://nd.api.nutrislice.com/menu/api/weeks/school/58415/menu-type/28583/2026/10/7
2026-10-07,1756068,Strawberry Yogurt,"Cultured Milk and Skim Milk, Sugar, Strawberries, Natural Flavors, Carob Bean Gum, Fruit and Vegetable Juice (color), Modified Cornstarch, Carrageenan, Pectin, Vitamin A Palmitate and Vitamin D3..",6,z cup,130.0,1.5,1.0,,10.0,24.0,12.0,18.0,240.0,85.0,0.0,5.0,0.1,170.0,,,,,,,https://nd.api.nutrislice.com/menu/api/weeks/school/58415/menu-type/28583/2026/10/7
2026-10-07,1800139,Quinoa,"Pre Washed White Quinoa (Quinoa.), Coarse Kosher Salt (Salt), Water (Filtered Tap Water.).",4,z,403.0,5.0,0.0,,0.0,76.0,0.0,3.0,829.0,159.0,8.0,15.0,7.6,66.0,,,,,,,https://nd.api.nutrislice.com/menu/api/weeks/school/58415/menu-type/28583/2026/10/7
2026-10-07,1784208,Steamed Broccoli,Broccoli (Broccoli.).,4,z,35.0,0.0,0.0,,0.0,7.0,0.0,1.0,298.0,21.0,4.0,4.0,1.4,49.0,,,,,,,https://nd.api.nutrislice.com/menu/api/weeks/school/58415/menu-type/28583/2026/10/7
2026-10-07,1756337,Baked Sweet Potato,"Sweet Potato (Sweet Potatoes), Allergen Free Pan Coating Spray (Canola Oil, Canola Lecithin, Mono- and Diglycerides, Natural Flavor, and Propellant.).",1,potatoe,124.0,0.9,0.1,,0.0,27.0,0.0,8.0,611.0,45.0,4.0,3.0,0.9,49.0,,,,,,,https://nd.api.nutrislice.com/menu/api/weeks/school/58415/menu-type/28583/2026/10/7
2026-10-07,2084396,Vodka Sauce Pasta,"Fresh Half & Half Cream (Milk, Cream. Contains: Milk), Marinara (Vine Ripened Diced Tomatoes, Tomato Puree, Carrot Puree, Extra Virgin Olive Oil, Sugar, Garlic Puree, Dehydrated Onion, Sea Salt, Citric Acid, Spices.), Cavatappi Pasta (Durum wheat semolina, niacin, iron (ferrous sulfate), thiamin mononitrate, riboflavin, folic acid. COMMON ALLERGENS PRESENT: Wheat. MAY CONTAIN: Egg.), Feta Cheese (Feta Cheese (Pasteurized Part-Skim Milk, Salt, Cheese Culture, Enzymes), Powdered Cellulose (To Prevent Caking), Natamycin (Natural Mold Inhibitor). COMMON ALLERGENS PRESENT: Milk.), Salad Oil (Soybean Oil.), Vodka New Amsterdam 1L (Grain, Water. Alcohol: 40% ABV.), Peeled Garlic (Garlic.), Coarse Kosher Salt (Salt), Water (Filtered Tap Water.).",8,z,430.0,29.0,9.0,,46.0,32.0,1.0,5.0,305.0,744.0,2.0,10.0,1.4,173.0,,,,,,,https://nd.api.nutrislice.com/menu/api/weeks/school/58415/menu-type/28583/2026/10/7
2026-10-07,2227283,Garlic Broccolini,"Broccolini (Broccolini), Unsalted Butter (Cream, SaltContains Milk), Roasted Garlic Base Concentrate (Roasted Garlic, Water, Sauteed Vegetable Puree Mix (Carrots, Onions, Celery), Dextrose, Salt, Dried Garlic, 2% Or Less Of Canola Oil, Dried Onions, Potassium Chloride, Celery Juice Concentrate.), Oregano Leaves (Oregano.), Crushed Red Pepper (Red Pepper.), Thyme Leaf (Thyme Leaves.), Coarse Kosher Salt (Salt), Water (Filtered Tap Water.).",4,oz portion,55.0,2.1,1.3,,6.0,7.0,1.0,3.0,295.0,208.0,2.0,4.0,1.0,42.0,,,,,,,https://nd.api.nutrislice.com/menu/api/weeks/school/58415/menu-type/28583/2026/10/7
2026-10-07,2246520,Garlic Knots,"Frozen Garlic Knot Rolls (Knot: Enriched Wheat Flour (Flour, Ascorbic Acid Added As A Dough Conditioner, Niacin, Reduced Iron, Thiamine Mononitrate, Riboflavin, Folic Acid), Water, Sugar, Contains 2% Or Less Of: Yeast, Salt, Soybean Oil, Whey, Roasted Garlic, Cultured Dextrose, Sunflower Oil, Ascorbic Acid Added As A Dough Conditioner, Microbial Enzymes. Spread: Margarine (Palm Oil, Soybean Oil, Water, Salt, Sunflower Lecithin, Vegetable Monoglycerides, Natural Flavors, Vitamin A Palmitate, Beta-Carotene [Color], Vitamin D2), Soybean Oil, Dried Garlic, Parmesan Cheese (Milk, Salt, Bacterial Culture, Microbial Enzymes), Contains 2% Or Less Of: Water, Salt, Natural Flavor, Citric Acid (Preservative), Dried Parsley, Potassium Sorbate (Preservative). Contains: Milk, Wheat.).",1,garlic knot,49.0,1.7,0.6,,0.0,7.0,0.0,0.0,15.0,83.0,0.0,1.0,0.4,4.0,,,,,,,https://nd.api.nutrislice.com/menu/api/weeks/school/58415/menu-type/28583/2026/10/7
2026-10-07,2262379,Pasta e Fagioli,"Water (Filtered Tap Water.), Low Sodium Cannellini Beans (Prepared Cannellini Beans (White Kidney Beans), Water, Salt, Calcium Chloride (Firming Agent), Calcium Disodium Edta (Promotes Color Retention).), Ditalini Pasta (Semolina (Wheat), Durum Wheat Flour, Niacin (Vitamin B3), Ferrous Sulphate Or Ferrous Lactate (Iron), Thiamine Mononitrate (Vitamin B1), Riboflavin (Vitamin B2), Folic Acid. Contains Wheat Ingredients. This Product Is Manufactured On Equipment That Processes Products Containing Eggs.), Grated Parmesan Cheese (Cultured Milk, Salt, Enzymes, Cellulose to prevent caking, Natamycin to protect flavor. Contains: Milk), Water (Filtered Tap Water.), Diced Onion (Fresh Yellow Onions.), Diced Carrot (Carrots.), Celery (Celery.), Pork Pancetta (Pork, Salt, Contains Less Than 2% Of The Following: Dextrose, Natural Flavoring,Wine, Garlic, Lactic Acid Starter Culture, Sodium Ascorbate, Ascorbic Acid, Sodium Nitrite.), Tomato Paste (Tomatoes and Citric Acid.), Extra Virgin Olive Oil (Extra Virgin Olive Oil.), Basil (Basil.), Peeled Garlic (Garlic.), Liquid Concentrated Chicken Base (Chicken Broth, Salt, Sugar, Yeast Extract, Chicken Fat, Corn Starch, Citric Acid, Natural Flavor.), Coarse Kosher Salt (Salt), Ground Black Pepper (Ground Black Pepper.), Crushed Red Pepper (Red Pepper.).",1,oz,35.0,1.1,0.5,,2.0,5.0,0.0,0.0,41.0,65.0,1.0,2.0,0.3,27.0,,,,,,,https://nd.api.nutrislice.com/menu/api/weeks/school/58415/menu-type/28583/2026/10/7
2026-10-07,1756378,Cheese Pizza,"20z Pizza Dough Ball (Enriched Flour Bleached (Wheat our, Malted Barley Flour, Niacin, Reduced Iron, Thiamine Mononitrate, Riboavin, Folic Acid), Water, Sugar, Salt, Soybean Oil with Mono & Di-glycerides, Wheat Gluten, Yeast, Enzymes, Ascorbic Acid, L-cysteine.), Fresh Shredded Mozzarella Cheese (Cultured Pasteurized Milk, Salt, Enzymes.), Whole Peeled Plum Tomato (San Marzano D.O.P. Plum Peeled Tomatoes, San Marzano D.O.P. Tomato Puree.), Water (Filtered Tap Water.), Tomato Paste (Tomatoes and Citric Acid.), Allergen Free Pan Coating Spray (Canola Oil, Canola Lecithin, Mono- and Diglycerides, Natural Flavor, and Propellant.), Grated Parmesan Cheese (Cultured Milk, Salt, Enzymes, Cellulose to prevent caking, Natamycin to protect flavor. Contains: Milk), Oil Blend Canola & EVOO 75/25 (Canola Oil & Extra Virgin Olive Oil.), Coarse Kosher Salt (Salt), Granulated Garlic (Dried Garlic.), Ground Black Pepper (Ground Black Pepper.), Ground Basil Leaf (Basil.), Oregano Ground (Oregano.), Parsley Flakes (Parsley.).",1,pizza,2473.0,112.0,48.0,,199.0,274.0,0.0,33.0,748.0,6690.0,25.0,116.0,18.2,1623.0,,,,,,,https://nd.api.nutrislice.com/menu/api/weeks/school/58415/menu-type/28583/2026/10/7
2026-10-07,2015563,Hot Honey Pepperoni Pizza,"20z Pizza Dough Ball (Enriched Flour Bleached (Wheat our, Malted Barley Flour, Niacin, Reduced Iron, Thiamine Mononitrate, Riboavin, Folic Acid), Water, Sugar, Salt, Soybean Oil with Mono & Di-glycerides, Wheat Gluten, Yeast, Enzymes, Ascorbic Acid, L-cysteine.), Fresh Shredded Mozzarella Cheese (Cultured Pasteurized Milk, Salt, Enzymes.), Halal Chicken & Beef Pepperoni (Green Mabha, Bht With Citric Acid Added To Help Protect Flavor.Smoke Flavoring Added Ingredients: Chicken, Beef, Turkey, Salt, Contains 2% OrLess Of Water, Dextrose, Spices, Smoke Flavoring, Flavoring, Garlic Powder,Oleoresin Of Paprika, Rosemary Extract, Sodium Ascorbate, Spice Extractive, CitricAcid, Lactic Acid Starter Culture, Bha, Bht, Sodium Nitrite.), Whole Peeled Plum Tomato (San Marzano D.O.P. Plum Peeled Tomatoes, San Marzano D.O.P. Tomato Puree.), Hot Honey Wing Sauce (Sugar, Water, Distilled Vinegar, Aged Cayenne Red Pepper, Corn Syrup, Honey, Modified Corn Starch, Salt, Contains Less Than 2% Of Strawberry Juice Concentrate, Garlic*, Spice, Natural Flavor, Potassium Sorbate And Sodium Benzoate (Preservatives), Tomato Powder, Caramel Color. *Dried.), Water (Filtered Tap Water.), Tomato Paste (Tomatoes and Citric Acid.), Grated Parmesan Cheese (Cultured Milk, Salt, Enzymes, Cellulose to prevent caking, Natamycin to protect flavor. Contains: Milk), Oil Blend Canola & EVOO 75/25 (Canola Oil & Extra Virgin Olive Oil.), Coarse Kosher Salt (Salt), Allergen Free Pan Coating Spray (Canola Oil, Canola Lecithin, Mono- and Diglycerides, Natural Flavor, and Propellant.), Granulated Garlic (Dried Garlic.), Ground Black Pepper (Ground Black Pepper.), Ground Basil Leaf (Basil.), Oregano Ground (Oregano.), Parsley Flakes (Parsley.).",1,pizza,3115.0,178.0,82.0,,437.0,258.0,22.0,49.0,635.0,9912.0,21.0,142.0,17.8,1564.0,,,,,,,https://nd.api.nutrislice.com/menu/api/weeks/school/58415/menu-type/28583/2026/10/7
2026-10-07,1756857,Sausage Pizza,"20z Pizza Dough Ball (Enriched Flour Bleached (Wheat our, Malted Barley Flour, Niacin, Reduced Iron, Thiamine Mononitrate, Riboavin, Folic Acid), Water, Sugar, Salt, Soybean Oil with Mono & Di-glycerides, Wheat Gluten, Yeast, Enzymes, Ascorbic Acid, L-cysteine.), Italian Sausage (Pork, Spices, Water, Salt, Corn Syrup Solids, Garlic, Paprika, Natural Flavor (Autolyzed Yeast Extract, Lactic Acid, Spice Extractive), Sugar, Disodium Inosinate and Disodium Guanylate, Soy Lecithin used as Processing Aid.), Fresh Shredded Mozzarella Cheese (Cultured Pasteurized Milk, Salt, Enzymes.), Whole Peeled Plum Tomato (San Marzano D.O.P. Plum Peeled Tomatoes, San Marzano D.O.P. Tomato Puree.), Water (Filtered Tap Water.), Tomato Paste (Tomatoes and Citric Acid.), Allergen Free Pan Coating Spray (Canola Oil, Canola Lecithin, Mono- and Diglycerides, Natural Flavor, and Propellant.), Grated Parmesan Cheese (Cultured Milk, Salt, Enzymes, Cellulose to prevent caking, Natamycin to protect flavor. Contains: Milk), Oil Blend Canola & EVOO 75/25 (Canola Oil & Extra Virgin Olive Oil.), Coarse Kosher Salt (Salt), Granulated Garlic (Dried Garlic.), Ground Black Pepper (Ground Black Pepper.), Ground Basil Leaf (Basil.), Oregano Ground (Oregano.), Parsley Flakes (Parsley.).",1,pizza,3418.0,197.0,61.0,,373.0,289.0,0.0,33.0,748.0,10619.0,30.0,160.0,21.8,1822.0,,,,,,,https://nd.api.nutrislice.com/menu/api/weeks/school/58415/menu-type/28583/2026/10/7
2026-10-07,2327001,Chocolate Chunk Cookie,"Hope's Chocolate Chunk Cookie Dough (Chocolate Chunks (Sugar, Unsweetened Chocolate, Cocoa Butter, Anhydrous Dextrose, Unsweetened Chocolate [Processed With Alkali], Soya Lecithin, Vanillin, Vanilla Extract.[May Contain Milk]), Enriched Wheat Flour (Bleached And Unbleached Wheat Flour, Niacin, Reduced Iron, Thiamine Mononitrate, Riboflavin, And Folic Acid), Butter, Brown Sugar, Sugar, Eggs (Pasteurized), Water, Invert Sugar, Modified Food Starch, Salt, Vanilla, Baking Soda, Soy Lecithin, Guar Gum. Contains A Bioengineered Food Ingredient. Contains Egg, Milk, Soy, Wheat. (May Contain Trace Amounts Of Tree Nuts And Peanuts).).",1,cookie,178.0,8.0,4.9,,20.0,28.0,11.0,18.0,64.0,134.0,0.0,2.0,1.0,10.0,,,,,,,https://nd.api.nutrislice.com/menu/api/weeks/school/58415/menu-type/28583/2026/10/7
2026-10-07,2327002,M&M Cookie,"Hope's Homestyle M&M Cookie Dough (Enriched Wheat Flour (Unbleached And Bleached Wheat Flour, Niacin, Reduced Iron, Thiamine Mononitrate, Riboflavin, And Folic Acid), M&M's Plain Candy (Milk Chocolate [Sugar, Chocolate, Skim Milk, Cocoa Butter, Lactose, Milkfat, Soy Lecithin, Salt, Artificial Flavors], Sugar, Cornstarch, Less Than 1% - Corn Syrup, Dextrin, Coloring Includes [Blue 1 Lake, Red 40 Lake, Yellow 6, Yellow 5, Red 40, Blue 1, Blue 2 Lake, Yellow 6 Lake, Yellow 5 Lake, Blue 2], Gum Acacia), 0 Trans Fat Palm Soy Blend Margarine (Soybean Oil And/Or Palm Oil, Water, Salt, Mono And Diglycerides, Soy Lecithin, Natural Flavor, Annatto Color, Vitamin APalmitate), Brown Sugar, Sugar, Water, Invert Sugar, Butter, Eggs (Pasteurized), Modified Food Starch, Salt, N & A Flavoring, Whey Protein, Baking Soda, Soy Lecithin, Guar Gum. Contains A Bioengineered Food Ingredient. Contains Egg, Milk, Soy, Wheat. (May Contain Trace Amounts Of Treenuts And Peanuts).).",1,cookie,178.0,7.0,2.0,,10.0,27.0,10.0,15.0,52.0,218.0,0.0,2.0,1.0,21.0,,,,,,,https://nd.api.nutrislice.com/menu/api/weeks/school/58415/menu-type/28583/2026/10/7
2026-10-07,1756583,Naan,"Enriched Wheat Flour (Wheat Flour, Ascorbic Acid as Dough Conditioner, Niacin, Reduced Iron, Thiamine Mononitrate, Riboflavin, Enzymes, Folic Acid), Buttermilk (Skim Milk, Dry Buttermilk, Bacterial Culture), Water, Canola and/or Soybean Oil, Eggs, Sugar, Baking Powder (Sodium Acid Pyrophosphate, Sodium Bicarbonate, Corn Starch, Monocalcium Phosphate), Sea Salt, Dextrose, Ghee (Clarified Butter), Dextrin, Vinegar, Carrot Fiber, Yeast..",1,naan,376.0,9.0,2.0,,20.0,59.0,2.0,6.0,137.0,931.0,2.0,12.0,4.0,131.0,,,,,,,https://nd.api.nutrislice.com/menu/api/weeks/school/58415/menu-type/28583/2026/10/7
2026-10-07,1796656,Steamed Brown Rice,"Long Grain Brown Rice (Long Grain Brown Rice), Water (Filtered Tap Water.).",4,z,424.0,3.7,0.0,,0.0,85.0,0.0,0.0,282.0,0.0,5.0,7.0,2.5,10.0,,,,,,,https://nd.api.nutrislice.com/menu/api/weeks/school/58415/menu-type/28583/2026/10/7
2026-10-07,1763069,Steamed Basmati Rice,"Basamati Rice (White Basmati Rice.), Water (Filtered Tap Water.).",4,z,180.0,0.0,0.0,,0.0,40.0,0.0,0.0,58.0,0.0,0.0,3.0,0.4,0.0,,,,,,,https://nd.api.nutrislice.com/menu/api/weeks/school/58415/menu-type/28583/2026/10/7
2026-10-07,2262410,Lamb Curry,"Lamb Shoulder Bnls Stew Meat NAMP295 Fs (Lamb.), Water (Filtered Tap Water.), Fresh Heavy Whipping Cream 0.5gal (Cream, Carrageenan. Contains: Milk.), Plain Greek Yogurt (Cultured Grade A Non Fat Milk Contains Active Yogurt Cultures: S. Thermophilus & L. Bulgaricus. Common Allergens Present: Milk.), Liquid Concentrated Chicken Base (Chicken Broth, Salt, Sugar, Yeast Extract, Chicken Fat, Corn Starch, Citric Acid, Natural Flavor.), Tomato Paste (Tomatoes and Citric Acid.), Salad Oil (Soybean Oil.), Onion (Fresh Yellow Onions.), Ginger Root (Fresh Ginger Root), Peeled Garlic (Garlic.), Batavia Cinnamon Stick (Cinnamon.), Coarse Kosher Salt (Salt), Spice Garam Masala Spiceology (Coriander, Cumin, Cardamom, Fennel, Mustard, Cloves, Turmeric, Black Pepper.), Madras Curry Powder (Spices, Turmeric, Salt, and Red Pepper.), Whole Cumin (Cumin.), Ground Coriander (Ground Coriander.), Star Anise (Star Anise), Cilantro (Fresh Cilantro.), Ground Clove (Ground Cloves.).",4,z,166.0,12.0,5.0,,59.0,3.0,0.0,1.0,70.0,626.0,1.0,13.0,1.1,34.0,,,,,,,https://nd.api.nutrislice.com/menu/api/weeks/school/58415/menu-type/28583/2026/10/7
2026-10-07,2349932,Shaved Ribeye,Beef..,1,lbs,745.0,32.0,8.0,,194.0,0.0,0.0,0.0,1174.0,292.0,0.0,97.0,10.2,0.0,,,,,,,https://nd.api.nutrislice.com/menu/api/weeks/school/58415/menu-type/28583/2026/10/7
2026-10-07,2349933,Charred-Aromatic Pho Broth,"Water (Filtered Tap Water.), Ginger Root (Fresh Ginger Root), Beef Pho Liquid Concentrated Broth Base (Beef Stock, Maltodextrin, Sugar, Salt, Natural Flavor, Yeast Extract, and Xanthan Gum.), Peeled Garlic (Garlic.), Batavia Cinnamon Stick (Cinnamon.), Star Anise (Star Anise), Whole Clove (Clove.).",1,gallons,108.0,0.0,0.0,,0.0,22.0,0.0,2.0,220.0,805.0,5.0,2.0,1.8,159.0,,,,,,,https://nd.api.nutrislice.com/menu/api/weeks/school/58415/menu-type/28583/2026/10/7
2026-10-07,2016300,Cilantro,Cilantro (Fresh Cilantro.).,1,oz,0.0,0.0,0.0,,0.0,0.0,0.0,0.0,142.0,0.0,0.0,0.0,0.0,21.0,,,,,,,https://nd.api.nutrislice.com/menu/api/weeks/school/58415/menu-type/28583/2026/10/7
2026-10-07,2349935,Fresh Mint,Fresh Mint Leaf (Mint.).,1,oz,0.0,0.0,0.0,,0.0,0.0,0.0,0.0,94.0,0.0,0.0,0.0,0.0,38.0,,,,,,,https://nd.api.nutrislice.com/menu/api/weeks/school/58415/menu-type/28583/2026/10/7
2026-10-07,1889798,Shiitake Mushroom,Fresh Shiitake Mushrooms..,1,lbs,252.0,0.0,0.0,,0.0,63.0,0.0,19.0,536.0,0.0,6.0,6.0,2.1,14.0,,,,,,,https://nd.api.nutrislice.com/menu/api/weeks/school/58415/menu-type/28583/2026/10/7
2026-10-07,2349934,Banh Pho Rice Noodles,"Rice, Potato Starch, Water, Soybean Oil, Sodium Benzoate As Preservative..",1,lbs,1134.0,7.0,0.0,,0.0,240.0,0.0,0.0,27.0,159.0,9.0,27.0,0.0,0.0,,,,,,,https://nd.api.nutrislice.com/menu/api/weeks/school/58415/menu-type/28583/2026/10/7
2026-10-07,2349936,Serrano Chili Peppers,Serrano Peppers..,1,pepper,3.0,0.0,0.0,,0.0,1.0,0.0,0.0,30.0,1.0,0.0,0.0,0.1,1.0,,,,,,,https://nd.api.nutrislice.com/menu/api/weeks/school/58415/menu-type/28583/2026/10/7
2026-10-07,1909453,Sweet Chili Sauce,"Sugar, Water, Pickled Red Chili, Distilled Vinegar, Garlic, Salt, Xanthan Gum as a stabilizer..",1,oz,76.0,0.0,0.0,,0.0,19.0,0.0,18.0,0.0,501.0,0.0,0.0,0.0,0.0,,,,,,,https://nd.api.nutrislice.com/menu/api/weeks/school/58415/menu-type/28583/2026/10/7
2026-10-07,1889801,Hoisin Sauce,"Sugar, Water, Fermentred Soybean (Water, Soybean, Salt, Wheat Flour), Salt, Modified Tapioca Starch, Garlic, Sesame Paste, Lemon, Cane Vinegar, Spices (Star Anise, Cinnamon, Fennel, Szechuan Pepper, Clove), Caramel Color, Chili (Chili, Water, Salt), Xanthan Gum, Citric Acid. COMMON ALLERGENS PRESENT: Soy, Wheat..",1,fl oz,71.0,0.0,0.0,,0.0,19.0,13.0,13.0,0.0,598.0,0.0,0.0,0.0,0.0,,,,,,,https://nd.api.nutrislice.com/menu/api/weeks/school/58415/menu-type/28583/2026/10/7
2026-10-07,2084256,Green Onion,Green Onion (Fresh Green Onions.).,1,lbs,252.0,0.0,0.0,,0.0,50.0,0.0,25.0,0.0,252.0,25.0,0.0,0.0,0.0,,,,,,,https://nd.api.nutrislice.com/menu/api/weeks/school/58415/menu-type/28583/2026/10/7
2026-10-07,1889803,Shrimp,"Shrimp, Salt, Sodium Tripolyphosphate (to retain moisture). COMMON ALLERGENS PRESENT: Shrimp.",1,oz,18.0,0.1,0.0,,34.0,0.0,0.0,0.0,36.0,213.0,0.0,4.0,0.0,17.0,,,,,,,https://nd.api.nutrislice.com/menu/api/weeks/school/58415/menu-type/28583/2026/10/7
2026-10-07,2015588,Lime Wedges,Lime (Limes.).,1,wedge,2.0,0.0,0.0,,0.0,1.0,0.0,0.0,6.0,0.0,0.0,0.0,0.0,2.0,,,,,,,https://nd.api.nutrislice.com/menu/api/weeks/school/58415/menu-type/28583/2026/10/7
2026-10-07,2266050,Basil,Basil (Basil.).,1,lbs,0.0,0.0,0.0,,0.0,0.0,0.0,0.0,907.0,0.0,0.0,0.0,0.0,0.0,,,,,,,https://nd.api.nutrislice.com/menu/api/weeks/school/58415/menu-type/28583/2026/10/7
2026-10-07,1756394,Bean Sprouts,Fresh Bean Sprouts..,1,oz,9.0,0.1,0.0,,0.0,2.0,0.0,1.0,42.0,2.0,1.0,1.0,0.3,4.0,,,,,,,https://nd.api.nutrislice.com/menu/api/weeks/school/58415/menu-type/28583/2026/10/7
2026-10-07,1756408,Sriracha,"Chili, Sugar, Garlic, Salt, Water, Acetic Acid, Lactic Acid, Xanthan Gum, Citric Acid, Potassium Sorbate, Ascorbic Acid..",1,oz,0.0,0.0,0.0,,21.0,0.0,0.0,0.0,0.0,0.0,0.0,0.0,0.0,0.0,,,,,,,https://nd.api.nutrislice.com/menu/api/weeks/school/58415/menu-type/28583/2026/10/7
2026-10-07,2114662,Cucumber Slices,Cucumber (Cucumber.).,1,slice,2.0,0.0,0.0,,0.0,0.0,0.0,0.0,0.0,0.0,0.0,0.0,0.0,2.0,,,,,,,https://nd.api.nutrislice.com/menu/api/weeks/school/58415/menu-type/28583/2026/10/7
2026-10-07,1756303,Tomato,Tomato..,1,tomatoe,19.0,0.0,0.0,,0.0,4.0,0.0,3.0,269.0,6.0,1.0,1.0,0.3,11.0,,,,,,,https://nd.api.nutrislice.com/menu/api/weeks/school/58415/menu-type/28583/2026/10/7
2026-10-07,1755985,Wheat Bread,"Unbleached Enriched Flour (Wheat Flour, Malted Barley Flour, Niacin, Iron, Thiamin Mononitrate, Riboflavin, Folic Acid), Water, Wheat Bran, High Fructose Corn Syrup, Yeast, Whole Wheat Flour, Contains 2% or less of the following: Wheat Gluten, Soybean Oil, Salt, Calcium Propionate (Preservative), Potassium Sorbate (Preservative), Caramel Color, Wheat Starch, Enzymes, Ascorbic Acid. Contains Wheat. Manufactured in a plantthat handles Sesame..",1,slice,77.0,0.9,0.1,,0.0,15.0,1.0,1.0,51.0,154.0,1.0,3.0,0.9,26.0,,,,,,,https://nd.api.nutrislice.com/menu/api/weeks/school/58415/menu-type/28583/2026/10/7
2026-10-07,1756291,White Bread,"Unbleached Enriched Flour (Wheat Flour, Malted Barley Flour, Niacin, Iron, Thiamin Mononitrate, Riboflavin, Folic Acid), Water, Yeast, Sugar, Contains 2% or less of the following: Salt, Soybean Oil, Wheat Gluten, Calcium Propionate (Preservative), Potassium Sorbate (Preservative), Wheat Starch, Enzymes Ascorbic Acid..",1,slice,59.0,0.5,0.1,,0.0,12.0,1.0,1.0,27.0,135.0,1.0,2.0,0.8,22.0,,,,,,,https://nd.api.nutrislice.com/menu/api/weeks/school/58415/menu-type/28583/2026/10/7
2026-10-07,1756441,Dill Pickle,"Fresh Cucumbers, water, vinegar, salt, calcium chloride, sodium benzoate (preservative), spices, turmeric, polysorbate 80. COMMON ALLERGENS PRESENT: None..",1,slice,0.0,0.0,0.0,,0.0,0.0,0.0,0.0,0.0,49.0,0.0,0.0,0.0,0.0,,,,,,,https://nd.api.nutrislice.com/menu/api/weeks/school/58415/menu-type/28583/2026/10/7
2026-10-07,2135076,Tomatoes Sliced,Tomato (Tomato.).,1,lbs,76.0,0.0,0.0,,0.0,18.0,0.0,13.0,1077.0,25.0,5.0,5.0,1.2,45.0,,,,,,,https://nd.api.nutrislice.com/menu/api/weeks/school/58415/menu-type/28583/2026/10/7
2026-10-07,1756276,Pita Chips,"Enriched Wheat Flour [Wheat Flour, Malted Barley Niacin, Reduced Iron, Thiamine Mononitrate (B1), Riboflavin (B2), Folic Acid], Water, Soybean Oil and/or Canola Oil, Contains 2% or less of: Salt, Sugar, Dough Conditioner (Calcium Sulfate, Acacia Gum, Vegetable Mono- and Diglycerides, and Enzymes), Calcium Propionate and Potassium Sorbate (Preservatives). COMMON ALLERGENS PRESENT: Wheat..",1,oz,71.0,0.5,0.0,,0.0,13.0,0.0,0.0,1.0,56.0,0.0,2.0,3.3,46.0,,,,,,,https://nd.api.nutrislice.com/menu/api/weeks/school/58415/menu-type/28583/2026/10/7
2026-10-07,2135289,Garlic Roasted Hummus,"Garbanzo Beans (Prepared Chick Peas, Water, Salt, Calcium Chloride (Firming Agent), Disodium EDTA (Promotes Color Retention).), Tahini (Sesame Seed) Paste (Sesame Seed. Contains: Sesame Seed.), 100% Lemon Juice (Lemon Juice from Concentrate (Water, Concentrated Lemon Juice), Sodium Benzoate (Preservative) and Lemon Oil.), Oil Blend Canola & EVOO 75/25 (Canola Oil & Extra Virgin Olive Oil.), Roasted Garlic Base Concentrate (Roasted Garlic, Water, Sauteed Vegetable Puree Mix (Carrots, Onions, Celery), Dextrose, Salt, Dried Garlic, 2% Or Less Of Canola Oil, Dried Onions, Potassium Chloride, Celery Juice Concentrate.), Coarse Kosher Salt (Salt), Peeled Garlic (Garlic.), Fresh Italian Parsley (Italian Parsley.), Spanish Paprika (Paprika, Silicon Dioxide (To Prevent Caking).), Ground Cayenne Pepper (Cayenne Peppers.).",1,z,83.0,6.0,0.8,,0.0,4.0,0.0,1.0,26.0,187.0,1.0,2.0,1.0,6.0,,,,,,,https://nd.api.nutrislice.com/menu/api/weeks/school/58415/menu-type/28583/2026/10/7
2026-10-07,1892281,Sliced Red Onion,Red Onions..,1,oz,10.0,0.0,0.0,,0.0,3.0,0.0,1.0,39.0,0.0,0.0,0.0,0.0,7.0,,,,,,,https://nd.api.nutrislice.com/menu/api/weeks/school/58415/menu-type/28583/2026/10/7
2026-10-07,1892281,Sliced Red Onion,Red Onions..,1,z slice,10.0,0.0,0.0,,0.0,3.0,0.0,1.0,39.0,0.0,0.0,0.0,0.0,7.0,,,,,,,https://nd.api.nutrislice.com/menu/api/weeks/school/58415/menu-type/28583/2026/10/7
2026-10-07,1949357,Green Leaf Lettuce,Leaf Lettuce (Green Leaf Lettuce.).,1,leaf,3.0,0.0,0.0,,0.0,1.0,0.0,0.0,41.0,6.0,1.0,1.0,0.2,8.0,,,,,,,https://nd.api.nutrislice.com/menu/api/weeks/school/58415/menu-type/28583/2026/10/7
2026-10-07,1756500,Tuna,"Light tuna, water, vegetable broth, salt.",0.25,cups,34.0,0.2,0.0,,17.0,0.0,0.0,0.0,103.0,146.0,0.0,8.0,0.3,0.0,,,,,,,https://nd.api.nutrislice.com/menu/api/weeks/school/58415/menu-type/28583/2026/10/7
2026-10-07,1756341,Quinoa & Lentil Salad,"Cooked Quinoa (Water, Quinoa), Lentils (Water, Lentils), Water, Cooked Split Peas, Expeller Pressed Canola Oil, Lemon Juice, Spices, Sugar, Contains Less Than 2% Of Extra Virgin Olive Oil With Lemon Oil, Salt..",3,z,196.0,9.0,0.9,,0.0,21.0,3.0,3.0,247.0,680.0,4.0,6.0,2.1,17.0,,,,,,,https://nd.api.nutrislice.com/menu/api/weeks/school/58415/menu-type/28583/2026/10/7
2026-10-07,2191948,Sweetened Applesauce,"Apples, High Fructose Corn Syrup, Corn Syrup and Water. Ascorbic Acid to maintain color..",1,#10 can,2187.0,0.0,0.0,,0.0,535.0,0.0,437.0,0.0,243.0,49.0,0.0,0.0,0.0,,,,,,,https://nd.api.nutrislice.com/menu/api/weeks/school/58415/menu-type/28583/2026/10/7
2026-10-07,1756284,Avocado,Avocado..,2,z,94.0,9.0,1.0,,0.0,5.0,0.0,0.0,286.0,5.0,4.0,1.0,0.5,7.0,,,,,,,https://nd.api.nutrislice.com/menu/api/weeks/school/58415/menu-type/28583/2026/10/7
2026-10-07,1758049,Garbanzo Beans,"Prepared Chick Peas, Water, Salt, Calcium Chloride (Firming Agent), Disodium EDTA (Promotes Color Retention)..",1,oz,28.0,0.4,0.0,,0.0,5.0,0.0,1.0,52.0,31.0,1.0,2.0,0.3,7.0,,,,,,,https://nd.api.nutrislice.com/menu/api/weeks/school/58415/menu-type/28583/2026/10/7
2026-10-07,1756120,Black Beans,"Low Sodium Black Bean (Prepared Black Beans, Water, Salt, Calcium Chloride (Firming Agent).).",1,oz,24.0,0.0,0.0,,0.0,4.0,0.0,0.0,105.0,28.0,1.0,2.0,0.4,17.0,,,,,,,https://nd.api.nutrislice.com/menu/api/weeks/school/58415/menu-type/28583/2026/10/7
2026-10-07,1920550,Broccoli Florets,Fresh Broccoli..,4,z,36.0,0.4,0.0,,0.0,8.0,0.0,1.0,332.0,47.0,4.0,3.0,0.8,45.0,,,,,,,https://nd.api.nutrislice.com/menu/api/weeks/school/58415/menu-type/28583/2026/10/7
2026-10-07,1756464,Shredded Carrot,Carrots..,1,Tbsp,2.0,0.0,0.0,,0.0,1.0,0.0,0.0,17.0,4.0,0.0,0.0,0.0,2.0,,,,,,,https://nd.api.nutrislice.com/menu/api/weeks/school/58415/menu-type/28583/2026/10/7
2026-10-07,1756255,Baby Carrots,Carrots..,3,carrot,9.0,0.0,0.0,,0.0,2.0,0.0,1.0,67.0,16.0,1.0,0.0,0.1,9.0,,,,,,,https://nd.api.nutrislice.com/menu/api/weeks/school/58415/menu-type/28583/2026/10/7
2026-10-07,1756268,Celery Sticks,celery.,1,oz,4.0,0.1,0.0,,0.0,1.0,0.0,0.0,74.0,23.0,1.0,0.0,0.1,11.0,,,,,,,https://nd.api.nutrislice.com/menu/api/weeks/school/58415/menu-type/28583/2026/10/7
2026-10-07,1756363,Mild Cheddar,"Cheddar Cheese (Cultured Pasteurized Milk, Salt, Enzymes, Color Added, Anti-cake (Potato Starch, Powdered Cellulose). Common Allergens Present: Milk..",1,oz,111.0,9.0,5.0,,30.0,1.0,0.0,0.0,20.0,192.0,0.0,6.0,0.0,204.0,,,,,,,https://nd.api.nutrislice.com/menu/api/weeks/school/58415/menu-type/28583/2026/10/7
2026-10-07,1756321,Cottage Cheese,"Skim Milk, Milk, Cream, Lactose, Salt, Stabilizer (Guar Gum, Mono and Diglycerides, Xanthan Gum, Carrageenan, Carob Bean Gum), Citric Acid, Carbon Dioxide and Potassium Sorbate (Maintain Freshness) and Cheese Cultures..",0.5,cups,105.0,4.9,3.2,,24.0,5.0,1.0,4.0,0.0,486.0,0.0,11.0,0.3,65.0,,,,,,,https://nd.api.nutrislice.com/menu/api/weeks/school/58415/menu-type/28583/2026/10/7
2026-10-07,1758025,Feta Cheese,"Feta Cheese (Pasteurized Part-Skim Milk, Salt, Cheese Culture, Enzymes), Powdered Cellulose (To Prevent Caking), Natamycin (Natural Mold Inhibitor). COMMON ALLERGENS PRESENT: Milk..",1,oz,71.0,6.0,3.5,,25.0,1.0,0.0,0.0,17.0,324.0,0.0,4.0,0.0,140.0,,,,,,,https://nd.api.nutrislice.com/menu/api/weeks/school/58415/menu-type/28583/2026/10/7
2026-10-07,1755996,Plant Based Mozzarella,"Filtered Water, Coconut Oil, Food Starch-Modified (Potato & Corn), Corn Starch, Salt (Sea Salt), Mozzarella Flavor (Vegan Sources), Olive Extract, Beta Carotene (Color), Vitamin B12, Powdered Cellulose Added to Prevent Caking..",1,oz,90.0,7.0,7.0,,0.0,6.0,0.0,0.0,0.0,510.0,0.0,0.0,0.0,0.0,,,,,,,https://nd.api.nutrislice.com/menu/api/weeks/school/58415/menu-type/28583/2026/10/7
2026-10-07,1756114,Croutons,"Enriched Flour (Wheat Flour, Malted Barley Flour, Niacin, Reduced Iron, Thiamin Mononitrate, Riboflavin, Folic Acid), Canola And/Or Sunflower Oil (With Rosemary Extract And Ascorbic Acid [To Preserve Freshness]), Whey, Yeast, Sugar, 2% Or Less Of Salt, Corn Syrup Solids, Onion Powder, Dehydrated Parsley, Garlic Powder, Autolyzed Yeast Extract, Enzymes. Common Allergens Present: Wheat, Milk. May Contain: Tree Nuts..",1,oz,121.0,4.1,0.0,,0.0,20.0,0.0,0.0,53.0,304.0,0.0,4.0,0.0,16.0,,,,,,,https://nd.api.nutrislice.com/menu/api/weeks/school/58415/menu-type/28583/2026/10/7
2026-10-07,1756322,Mushroom,Fresh White Mushrooms..,1,Tbsp,2.0,0.0,0.0,,0.0,0.0,0.0,0.0,37.0,1.0,0.0,0.0,0.0,0.5,,,,,,,https://nd.api.nutrislice.com/menu/api/weeks/school/58415/menu-type/28583/2026/10/7
2026-10-07,1795968,Tri Color Peppers,"Large Green Bell Peppers (Green Bell Peppers.), Red Bell Peppers (Red Bell Pepper.), Fresh Yellow Peppers (Yellow Bell Pepper.).",1,serving,11.0,0.0,0.0,,0.0,2.0,0.0,1.0,87.0,0.0,1.0,0.0,0.2,4.0,,,,,,,https://nd.api.nutrislice.com/menu/api/weeks/school/58415/menu-type/28583/2026/10/7
2026-10-07,1756486,Iceberg Lettuce,Fresh Iceberg Salad Mix..,1,cups,6.0,0.0,0.0,,0.0,2.0,0.0,1.0,0.0,0.0,0.0,0.0,0.1,8.0,,,,,,,https://nd.api.nutrislice.com/menu/api/weeks/school/58415/menu-type/28583/2026/10/7
2026-10-07,1756135,Spring Mix,"50% Baby Green Leaf, 30% Baby Red Leaf & 20% Baby Arugula..",1,oz,5.0,0.1,0.0,,0.0,1.0,0.0,0.0,82.0,8.0,1.0,0.0,0.3,14.0,,,,,,,https://nd.api.nutrislice.com/menu/api/weeks/school/58415/menu-type/28583/2026/10/7
2026-10-07,1756299,Spinach,Spinach..,1,oz,5.0,0.0,0.0,,0.0,1.0,0.0,0.0,150.0,23.0,1.0,1.0,0.9,26.3,,,,,,,https://nd.api.nutrislice.com/menu/api/weeks/school/58415/menu-type/28583/2026/10/7
2026-10-07,2076893,Chopped Hard Cooked Eggs,Large Fresh Egg (Shelled Eggs. COMMON ALLERGENS PRESENT: Eggs.).,0.5,z,20.0,1.6,0.4,,53.0,0.0,0.0,0.0,20.0,20.0,0.0,2.0,0.3,9.0,,,,,,,https://nd.api.nutrislice.com/menu/api/weeks/school/58415/menu-type/28583/2026/10/7
2026-10-07,2135288,Light Red Kidney Bean,"Light Red Kidney Beans, Water, Sugar, Salt, Calcium Chloride..",1,oz,26.0,0.0,0.0,,0.0,5.0,0.0,0.0,110.0,31.0,2.0,2.0,0.7,12.0,,,,,,,https://nd.api.nutrislice.com/menu/api/weeks/school/58415/menu-type/28583/2026/10/7
2026-10-07,1756496,Red Grape Tomato,Red Grape Tomatoes..,1,oz,8.0,0.2,0.0,,0.0,2.0,0.0,0.0,74.0,2.0,1.0,0.0,0.1,3.0,,,,,,,https://nd.api.nutrislice.com/menu/api/weeks/school/58415/menu-type/28583/2026/10/7
2026-10-07,1755964,Captain Crunch Wildberries,"CORN FLOUR, SUGAR, OAT FLOUR, BROWN SUGAR, PALM AND/OR COCONUT OIL, SALT, SODIUM CITRATE, NATURAL AND ARTIFICIAL FLAVOR, STRAWBERRY JUICE CONCENTRATE, RED 40, REDUCED IRON, YELLOW 5, NIACINAMIDE*, MALIC ACID,ZINC OXIDE, BLUE 1, YELLOW 6, THIAMINE MONONITRATE*, RIBOFLAVIN*, BHT (A PRESERVATIVE), PYRIDOXINE HYDROCHLORIDE*, FOLIC ACID*. *ONE OF THE B VITAMINS. COMMON ALLERGENS PRESENT: None..",1,cups,177.0,2.7,0.9,,0.0,39.0,0.0,19.0,88.0,336.0,2.0,2.0,8.0,0.0,,,,,,,https://nd.api.nutrislice.com/menu/api/weeks/school/58415/menu-type/28583/2026/10/7
2026-10-07,1755968,Cheerios,"Whole Grain Oats, Corn Starch, Sugar, Salt, Tripotassium Phosphate. Vitamin E (Mixed Tocopherols) Added To Preserve Freshness. Vitamins And Minerals: Calcium Carbonate, Iron And Zinc (Mineral Nutrients), Vitamin C (Sodium Ascorbate), A B Vitamin (Niacinamide), Vitamin B6 (Pyridoxine Hydrochloride), Vitamin A (Palmitate), Vitamin B1 (Thiamin Mononitrate), A B Vitamin (Folic Acid), Vitamin B12, Vitamin D3..",1,cups,110.0,2.1,0.3,,0.0,22.0,1.0,2.0,196.0,149.0,3.0,4.0,9.6,100.0,,,,,,,https://nd.api.nutrislice.com/menu/api/weeks/school/58415/menu-type/28583/2026/10/7
2026-10-07,1755969,Honey Cheerios,"Whole Grain Oats, Sugar, Corn Starch, Honey, Brown Sugar Syrup, Salt, Tripotassium Phosphate, Canola And/Or Sunflower Oil, Natural Flavor. Vitamin E (Mixed Tocopherols) Added To Preserve Freshness. Vitamins And Minerals: Calcium Carbonate, Vitamin C (Sodium Ascorbate), Iron And Zinc (Mineral Nutrients), A B Vitamin (Niacinamide), Vitamin B6 (Pyridoxine Hydrochloride), Vitamin B1 (Thiamin Mononitrate), Vitamin A (Palmitate), Vitamin B2 (Riboflavin), A B Vitamin (Folic Acid), Vitamin B12, Vitamin D3..",0.25,cups,160.0,2.5,0.4,,0.0,33.0,9.0,9.0,196.0,253.0,4.0,4.0,4.2,150.0,,,,,,,https://nd.api.nutrislice.com/menu/api/weeks/school/58415/menu-type/28583/2026/10/7
2026-10-07,1755970,Rice Chex,"Whole Grain Rice, Rice, Sugar, Salt, Molasses. Vitamin E (Mixed Tocopherols) Added To Preserve Freshness. Vitamins And Minerals: Tricalcium Phosphate, Iron And Zinc (Mineral Nutrients), Vitamin C (Sodium Ascorbate), A B Vitamin (Niacinamide), Vitamin B2 (Riboflavin), Vitamin B6 (Pyridoxine Hydrochloride), Vitamin B1 (Thiamin Mononitrate), Vitamin A (Palmitate), A B Vitamin (Folic Acid), Vitamin B12, Vitamin D3..",1,cups,172.0,0.9,0.5,,0.0,40.0,3.0,4.0,92.0,356.0,2.0,3.0,16.6,149.0,,,,,,,https://nd.api.nutrislice.com/menu/api/weeks/school/58415/menu-type/28583/2026/10/7
2026-10-07,1755971,Cinnamon Toast Crunch,"Whole Grain Wheat, Sugar, Rice Flour, Canola And/Or Sunflower Oil, Fructose, Maltodextrin, Dextrose, Salt, Cinnamon, Trisodium Phosphate, Soy Lecithin, Caramel Color, Rosemary Extract. Bht Added To Preserve Freshness. Vitamins And Minerals: Calcium Carbonate, Vitamin C (Sodium Ascorbate), Iron And Zinc (Mineral Nutrients), A B Vitamin (Niacinamide), Vitamin B6 (Pyridoxine Hydrochloride), Vitamin B1 (Thiamin Mononitrate), Vitamin A (Palmitate), Vitamin B2 (Riboflavin), A B Vitamin (Folic Acid), Vitamin B12, Vitamin D3..",1,cups,207.0,4.9,0.0,,0.0,40.0,15.0,15.0,0.0,280.0,4.0,2.0,4.9,159.0,,,,,,,https://nd.api.nutrislice.com/menu/api/weeks/school/58415/menu-type/28583/2026/10/7
2026-10-07,1755972,Cocoa Puffs,"Whole Grain Corn, Sugar, Rice Flour, Corn Meal, Corn Syrup, Cocoa Processed With Alkali, Canola And/Or Sunflower Oil, Color (Caramel Color And Annatto Extract), Salt, Baking Soda, Natural Flavor, Rosemary Extract. Vitamins And Minerals: Tricalcium Phosphate, Calcium Carbonate, Vitamin C (Sodium Ascorbate), Iron And Zinc (Mineral Nutrients), A B Vitamin (Niacinamide), Vitamin B6 (Pyridoxine Hydrochloride), Vitamin B1 (Thiamin Mononitrate), Vitamin A (Palmitate), Vitamin B2 (Riboflavin), A B Vitamin (Folic Acid), Vitamin B12, Vitamin D3. May Contain: Wheat.",1,cups,177.0,2.3,0.5,,0.0,40.0,15.0,15.0,128.0,166.0,3.0,2.0,4.6,166.0,,,,,,,https://nd.api.nutrislice.com/menu/api/weeks/school/58415/menu-type/28583/2026/10/7
2026-10-07,1755974,Froot Loops,"Corn Flour Blend (Whole Grain Yellow Corn Flour, Degerminated Yellow Corn Flour), Sugar, Wheat Flour, Whole Grain Oat Flour, Modified Food Starch, Contains 2% Or Less Of Vegetable Oil (Hydrogenated Coconut, Soybean And/Or Cottonseed), Oat Fiber, Maltodextrin, Salt,Soluble Corn Fiber, Natural Flavor, Red 40, Yellow 5, Blue 1, Yellow 6, Bht For Freshness.Vitamins And Minerals: Vitamin C (Ascorbic Acid), Reduced Iron, Niacinamide, Vitamin B6 (Pyridoxine Hydrochloride), Vitamin B2 (Riboflavin), Vitamin B1 (Thiamin Hydrochloride), Folic Acid, Vitamin D3, Vitamin B12. Common Allergens Present: Wheat..",1,cups,205.0,1.5,1.0,,5.0,42.0,12.0,21.0,331.0,273.0,2.0,8.0,4.4,214.0,,,,,,,https://nd.api.nutrislice.com/menu/api/weeks/school/58415/menu-type/28583/2026/10/7
2026-10-07,1755973,Frosted Flakes,"Milled corn, sugar, malt flavor, contains 2% or less of salt.Vitamins and Minerals: Iron (ferric phosphate), niacinamide, vitamin B6 (pyridoxine hydrochloride), vitamin B2 (riboflavin), vitamin B1 (thiamin hydrochloride), folic acid, vitamin D3, vitamin B12. COMMON ALLERGENS PRESENT: None..",1,cups,318.0,0.0,0.0,,8.0,67.0,19.0,35.0,509.0,429.0,2.0,13.0,11.5,350.0,,,,,,,https://nd.api.nutrislice.com/menu/api/weeks/school/58415/menu-type/28583/2026/10/7
2026-10-07,1755975,Lucky Charms,"Whole Grain Oats, Sugar, Corn Starch, Modified Corn Starch, Corn Syrup, Dextrose. Contains 2% or less of: Salt, Gelatin, Trisodium Phosphate, Red 40, Yellow 5 & 6, Blue 1, Natural and Artificial Flavor. Vitamin E (mixed tocopherols) Added to Preserve Freshness. Vitamins and Minerals: Calcium Carbonate, Vitamin C (sodium ascorbate), Iron and Zinc (mineral nutrients), A B Vitamin (niacinamide), Vitamin B6 (pyridoxine hydrochloride), Vitamin B1 (thiamin mononitrate), Vitamin A (palmitate), Vitamin B2 (riboflavin), A B Vitamin (folic acid), Vitamin B12, Vitamin D3. COMMON ALLERGENS PRESENT: None..",1,cups,148.0,1.6,0.0,,0.0,32.0,13.0,13.0,0.0,243.0,2.0,3.0,3.8,137.0,,,,,,,https://nd.api.nutrislice.com/menu/api/weeks/school/58415/menu-type/28583/2026/10/7
2026-10-07,1755980,Raisin Bran,"WHOLE GRAIN WHEAT, RAISINS, WHEAT BRAN, SUGAR, BROWN SUGAR SYRUP. CONTAINS 2% OR LESS Of malt flavor, salt. COMMON ALLERGENS PRESENT: Wheat..",1,cups,245.0,1.3,0.0,,0.0,61.0,12.0,22.0,361.0,258.0,9.0,6.0,2.3,26.0,,,,,,,https://nd.api.nutrislice.com/menu/api/weeks/school/58415/menu-type/28583/2026/10/7
2026-10-07,1755981,Special K with Red Berries,"Whole grain wheat, rice, sugar, freeze-dried strawberries, wheat bran, contains 2% or less of brown sugar syrup, salt, malt flavor.Vitaminsand Minerals: Vitamin C (ascorbic acid), reduced iron, vitamin E acetate, niacinamide, beta-carotene, vitamin B6 (pyridoxine hydrochloride),vitamin B1 (thiamin hydrochloride), vitamin B2 (riboflavin), folic acid, vitamin D3, vitamin B12. COMMON ALLERGENS PRESENT: Wheat..",1,cups,361.0,0.9,0.0,,9.0,78.0,18.0,38.0,650.0,578.0,5.0,16.0,19.5,415.0,,,,,,,https://nd.api.nutrislice.com/menu/api/weeks/school/58415/menu-type/28583/2026/10/7
2026-10-07,1755976,Trix,"Whole Grain Corn, Sugar, Rice Flour, Corn Syrup, Canola and/or Sunflower Oil, Salt, Trisodium Phosphate, Natural and Artificial Flavor, Red 40, Yellow 6, Blue 1 and Other Color Added, Citric Acid, Malic Acid. Vitamins and Minerals: Calcium Carbonate, Tricalcium Phosphate, Vitamin C (sodium ascorbate), Iron and Zinc (mineral nutrients), A B Vitamin (niacinamide), Vitamin B6 (pyridoxine hydrochloride), Vitamin B2 (riboflavin), Vitamin B1 (thiamin mononitrate), Vitamin A (palmitate), A B Vitamin (folic acid), Vitamin B12, Vitamin D3. COMMON ALLERGENS PRESENT: None..",1,cups,156.0,2.0,0.0,,0.0,32.0,12.0,12.0,0.0,175.0,1.0,2.0,3.5,127.0,,,,,,,https://nd.api.nutrislice.com/menu/api/weeks/school/58415/menu-type/28583/2026/10/7
2026-10-07,2265924,Brewed Coffee,"Water (Filtered Tap Water.), Coffee Chokoleti (100% Arabica).",6,z,0.0,0.0,0.0,,0.0,0.0,0.0,0.0,0.0,7.0,0.0,0.0,0.0,5.0,,,,,,,https://nd.api.nutrislice.com/menu/api/weeks/school/58415/menu-type/28583/2026/10/7
2026-10-07,1756033,Coffeemate Hazelnut Creamer,"WATER, SUGAR, COCONUT OIL, SODIUM CASEINATE (A MILK DERIVATIVE), DIPOTASSIUM PHOSPHATE, DATEM, ARTIFICIAL FLAVOR, MONO- AND DIGLYCERIDES, BETACAROTENE COLOR, RIBOFLAVIN COLOR. COMMON ALLERGENS PRESENT: Milk..",1,fl oz,11.0,0.5,0.0,,0.0,2.0,2.0,2.0,0.0,2.0,0.0,0.0,0.0,0.0,,,,,,,https://nd.api.nutrislice.com/menu/api/weeks/school/58415/menu-type/28583/2026/10/7
2026-10-07,1756038,Coffeemate Original Creamer,"WATER, COCONUT OIL, SUGAR, SODIUM CASEINATE (A MILK DERIVATIVE), DIPOTASSIUM PHOSPHATE, DATEM, MONO- AND DIGLYCERIDES, ARTIFICIAL FLAVOR, BETA-CAROTENE COLOR. COMMON ALLERGENS PRESENT: Milk..",1,fl oz,30.0,3.0,3.0,,0.0,0.0,0.0,0.0,0.0,0.0,0.0,0.0,0.0,0.0,,,,,,,https://nd.api.nutrislice.com/menu/api/weeks/school/58415/menu-type/28583/2026/10/7
2026-10-07,1778110,French Vanilla Coffee Creamer,Removed: FRENCH VANILLA NON-DAIRY CREAMER POWDER COFFEE-MATE.,1,fl oz,162.0,2.5,0.0,,0.0,9.0,0.0,7.0,0.0,15.0,0.0,0.0,0.0,0.0,,,,,,,https://nd.api.nutrislice.com/menu/api/weeks/school/58415/menu-type/28583/2026/10/7
2026-10-07,1756336,Honey,Honey. COMMON ALLERGENS PRESENT: None.,1,pkt,25.0,0.0,0.0,,0.0,7.0,0.0,7.0,5.0,0.0,0.0,0.0,0.0,0.0,,,,,,,https://nd.api.nutrislice.com/menu/api/weeks/school/58415/menu-type/28583/2026/10/7
2026-10-07,1756210,ecoStick Blue Sugar Substitute,"DEXTROSE, ASPARTAME.PHENYLKETONURICS: CONTAINS PHENYLALANINE.COMMON ALLERGENS PRESENT: None.",1,stick,0.0,0.0,0.0,,0.0,0.0,0.0,0.0,0.0,0.0,0.0,0.0,0.0,0.0,,,,,,,https://nd.api.nutrislice.com/menu/api/weeks/school/58415/menu-type/28583/2026/10/7
2026-10-07,1756219,ecoStick Pink Sugar Substitute,"DEXTROSE, SACCHARIN, CREAM OF TARTAR, CALCIUM SILICATE (AN ANTI-CAKING AGENT). COMMON ALLERGENS PRESENT: None..",1,stick,0.0,0.0,0.0,,0.0,1.0,1.0,1.0,1.0,0.0,0.0,0.0,0.0,0.0,,,,,,,https://nd.api.nutrislice.com/menu/api/weeks/school/58415/menu-type/28583/2026/10/7
2026-10-07,1756225,ecoStick Yellow Sugar Substitute,"Dextrose, Sucralose. COMMON ALLERGENS PRESENT: None..",1,stick,0.0,0.0,0.0,,0.0,1.0,0.0,1.0,0.0,0.0,0.0,0.0,0.0,0.0,,,,,,,https://nd.api.nutrislice.com/menu/api/weeks/school/58415/menu-type/28583/2026/10/7
2026-10-07,1756231,Cafe Delight Cane Sugar Pc,ORGANIC CANE SUGAR. COMMON ALLERGENS PRESENT: None..,1,stick,10.0,0.0,0.0,,0.0,3.0,3.0,3.0,0.0,0.0,0.0,0.0,0.0,0.0,,,,,,,https://nd.api.nutrislice.com/menu/api/weeks/school/58415/menu-type/28583/2026/10/7
2026-10-07,1755966,Black Tea Bag,Decaffeinated Orange Pekoe And Pekoe Cut Black Tea..,1,tea bag,0.0,0.0,0.0,,0.0,0.0,0.0,0.0,2.0,0.0,0.0,0.0,0.0,0.0,,,,,,,https://nd.api.nutrislice.com/menu/api/weeks/school/58415/menu-type/28583/2026/10/7
2026-10-07,1756253,Lipton Decaf Tea Bag,Decaffeinated Orange Pekoe And Pekoe Cut Black Tea..,1,tea bag,0.0,0.0,0.0,,0.0,0.0,0.0,0.0,2.0,0.0,0.0,0.0,0.0,0.0,,,,,,,https://nd.api.nutrislice.com/menu/api/weeks/school/58415/menu-type/28583/2026/10/7
2026-10-07,1756007,Cherry Coke,"Water (Filtered Tap Water.), Cherry Coke (High Fructose Corn Syrup, Caramel Color, Phosphoric Acid, Natural Flavors, Caffeine.).",12,z cup,144.0,0.0,0.0,,0.0,40.0,40.0,40.0,0.0,45.0,0.0,0.0,0.0,9.0,,,,,,,https://nd.api.nutrislice.com/menu/api/weeks/school/58415/menu-type/28583/2026/10/7
2026-10-07,1755990,Coke Classic,"Water (Filtered Tap Water.), Classic Coke Syrup (High Fructose Corn Syrup, Caramel Color, Phosphoric Acid, Natural Flavors, Caffeine.).",12,z cup,140.0,0.0,0.0,,0.0,18.0,39.0,39.0,0.0,57.0,0.0,0.0,0.0,9.0,,,,,,,https://nd.api.nutrislice.com/menu/api/weeks/school/58415/menu-type/28583/2026/10/7
2026-10-07,1756000,Diet Coke,"Water (Filtered Tap Water.), Syrup Coke Diet BIB (Caramel Color, Aspartame, Phosphoric Acid, Potassium Benzoate (To Protect Taste), Natural Flavors, Citric Acid, Caffeine.Phenylketonurics: Contains Phenylalanine).",12,z cup,0.0,0.0,0.0,,0.0,0.0,0.0,0.0,0.0,50.0,0.0,0.0,0.0,9.0,,,,,,,https://nd.api.nutrislice.com/menu/api/weeks/school/58415/menu-type/28583/2026/10/7
2026-10-07,1756012,Coke Zero,"Water (Filtered Tap Water.), Syrup Coke Zero BIB (Caramel Color, Phosphoric Acid, Aspartame, Potassium Benzoate (To Protect Taste), Natural Flavors, Potassium Citrate, Acesulfame Potassium, Caffeine, Stevia Extract. Phenylketonurics: Contains Phenylalanine. Zero Sugar.).",12,z cup,0.0,0.0,0.0,,0.0,0.0,0.0,0.0,58.0,50.0,0.0,0.0,0.0,9.0,,,,,,,https://nd.api.nutrislice.com/menu/api/weeks/school/58415/menu-type/28583/2026/10/7
2026-10-07,2265925,Lemonade 12z Cup,"Water (Filtered Tap Water.), Lemonade (High Fructose Corn Syrup, Lemon Juice from Concentrate, Less than 0.5% of: Natural Flavors, Citric Acid (Provides Tartness), Modified Cornstarch, Glycerol, Ester of Rosin, Sodium Benzoate and Potassium Sorbate and Calcium Disodium EDTA (to Protect Taste), Yellow 5.).",12,z cup,144.0,0.0,0.0,,0.0,40.0,38.0,38.0,0.0,60.0,0.0,0.0,0.0,9.0,,,,,,,https://nd.api.nutrislice.com/menu/api/weeks/school/58415/menu-type/28583/2026/10/7
2026-10-07,1756187,Barq's Root Beer,"Water (Filtered Tap Water.), Syrup Root Beer BIB Barqs (Carbonated Water, High Fructose Corn Syrup, Caramel Color, Sodium Benzoate (To Protect Taste), Citric Acid, Caffeine, Artificial And Natural Flavors, Acacia.).",12,z cup,173.0,0.0,0.0,,0.0,42.0,42.0,42.0,0.0,74.0,0.0,0.0,0.0,9.0,,,,,,,https://nd.api.nutrislice.com/menu/api/weeks/school/58415/menu-type/28583/2026/10/7
2026-10-07,1756194,Diet Sprite,"Water (Filtered Tap Water.), Syrup Sprite Diet BIB (Carbonated Water, Citric Acid, Potassium Citrate, Natural Flavors, Potassium Benzoate (To Protect Taste), Aspartame, Acesulfame Potassium. Phenylketonurics: Contains Phenylalanine).",12,z cup,0.0,0.0,0.0,,0.0,0.0,0.0,0.0,106.0,45.0,0.0,0.0,0.0,9.0,,,,,,,https://nd.api.nutrislice.com/menu/api/weeks/school/58415/menu-type/28583/2026/10/7
2026-10-07,1756163,Pibb Extra,"Water (Filtered Tap Water.), Pibb Xtra.",12,flz cup,0.0,0.0,0.0,,0.0,0.0,0.0,0.0,0.0,12.0,0.0,0.0,0.0,9.0,,,,,,,https://nd.api.nutrislice.com/menu/api/weeks/school/58415/menu-type/28583/2026/10/7
2026-10-07,1756169,Powerade Mountain Blast,"Water (Filtered Tap Water.), Syrup Powerade Mountain Blast BIB (High Fructose Corn Syrup, Less Than 0.5% Of: Citric Acid, Electrolytes (Salt, Sodium Citrate, Magnesium And Calcium Chlorides, Mono-Potassium Phosphate), Vitamins B12 And C (Cyanocobalamin And Ascorbic Acid), Natural Flavors, Modified Food Starch, Calcium Disodium Edta (To Protect Color), Medium Chain Triglycerides, Sucrose Acetate Isobutyrate, Blue 1.).",12,flz cup,80.0,0.0,0.0,,0.0,21.0,21.0,21.0,80.0,252.0,21.0,0.0,0.0,9.0,,,,,,,https://nd.api.nutrislice.com/menu/api/weeks/school/58415/menu-type/28583/2026/10/7
2026-10-07,1756202,Sprite,"Water (Filtered Tap Water.), Syrup Sprite BIB (High Fructose Corn Syrup, Citric Acid, Natural Flavors, Sodium Citrate, Sodium Benzoate (To Protect Taste). 100% Natural Flavors No Caffeine).",12,flz cup,129.0,0.0,0.0,,0.0,35.0,35.0,35.0,0.0,71.0,35.0,0.0,0.0,9.0,,,,,,,https://nd.api.nutrislice.com/menu/api/weeks/school/58415/menu-type/28583/2026/10/7
2026-10-07,2265922,Gala Apples,Fresh Gala Apples..,1,apple,119.0,0.3,0.0,,0.0,29.0,0.0,22.0,225.0,0.0,5.0,1.0,0.3,15.0,,,,,,,https://nd.api.nutrislice.com/menu/api/weeks/school/58415/menu-type/28583/2026/10/7
2026-10-07,1756316,Bananas,Fresh Banana..,1,banana,141.0,0.0,0.0,,0.0,35.0,0.0,18.0,541.0,0.0,4.0,1.0,0.4,8.0,,,,,,,https://nd.api.nutrislice.com/menu/api/weeks/school/58415/menu-type/28583/2026/10/7
2026-10-07,1756327,Orange,Orange..,1,orange,96.0,0.2,0.0,,0.0,24.0,0.0,19.0,369.0,0.0,5.0,2.0,0.2,82.0,,,,,,,https://nd.api.nutrislice.com/menu/api/weeks/school/58415/menu-type/28583/2026/10/7
2026-10-07,1756065,Apple Juice,"Water (Filtered Tap Water.), Apple Juice (Frozen Concentrated Apple Juice. COMMON ALLERGENS PRESENT: None.).",6,flz cup,14.0,0.0,0.0,,0.0,4.0,0.0,3.0,0.0,6.0,0.0,0.0,0.0,4.0,,,,,,,https://nd.api.nutrislice.com/menu/api/weeks/school/58415/menu-type/28583/2026/10/7
2026-10-07,1756074,Cranberry,"Water (Filtered Tap Water.), Cranberry Juice (High Fructose Corn Syrup, Sugar, Water, Concentrated Cranberry Juice, Citric Acid (provides tartness), Vitamin C (Ascorbic Acid).).",6,flz cup,67.0,0.0,0.0,,0.0,18.0,0.0,16.0,0.0,6.0,0.0,0.0,0.0,4.0,,,,,,,https://nd.api.nutrislice.com/menu/api/weeks/school/58415/menu-type/28583/2026/10/7
2026-10-07,1756082,Orange,"Water (Filtered Tap Water.), Orange Juice (100% Orange Juice From Concentrate Contains Pure Filtered Water, Premium Concentrated Orange Juice. .).",6,flz cup,17.0,0.0,0.0,,0.0,4.0,0.0,4.0,68.0,8.0,0.0,0.0,0.0,7.0,,,,,,,https://nd.api.nutrislice.com/menu/api/weeks/school/58415/menu-type/28583/2026/10/7
2026-10-07,1756090,2% Milk,"Grade A Reduced Fat Milk, Vitamin A Palmitate & Vitamin D3.",8,flz,118.0,4.9,3.5,,20.0,11.0,0.0,11.0,345.0,118.0,0.0,8.0,0.0,296.0,,,,,,,https://nd.api.nutrislice.com/menu/api/weeks/school/58415/menu-type/28583/2026/10/7
2026-10-07,2265923,1% Chocolate Milk,"Low Fat Milk, Sugar, Cornstarch, Cocoa, Alkalized Cocoa, Salt, Carrageenan, Natural Flavor, Vitamin A Palmitate, Vitamin D3. Contains: Milk..",1,cups,148.0,2.5,1.5,,10.0,24.0,11.0,22.0,345.0,227.0,0.0,8.0,0.2,276.0,,,,,,,https://nd.api.nutrislice.com/menu/api/weeks/school/58415/menu-type/28583/2026/10/7
2026-10-07,1756105,Oat Milk,"Oatmilk (Water, Oat), Sunflower Oil, Dipotassium Phosphate, Calcium Carbonate, Tricalcium Phosphate, Sea Salt, Gellan Gum, Vitamin A Palmitate, Vitamin D2..",1,cups,111.0,6.0,1.0,,0.0,13.0,2.0,2.0,384.0,106.0,1.0,1.0,0.0,263.0,,,,,,,https://nd.api.nutrislice.com/menu/api/weeks/school/58415/menu-type/28583/2026/10/7
2026-10-07,1756113,Chocolate Pea,"Water, Cane Sugar, Pea Protein, Sunflower Oil, Alkalized Cocoa Powder, Calcium Carbonate, Natural Flavor, Sea Salt, Potassium Citrate, Sunflower Lecithin, Natural Vanilla Flavor With Other Natural Flavor, Guar Gum, Gellan Gum, Vitamin A Palmitate, Vitamin D2..",1,cups,140.0,5.0,0.5,,0.0,15.0,13.0,13.0,180.0,140.0,2.0,8.0,2.2,400.0,,,,,,,https://nd.api.nutrislice.com/menu/api/weeks/school/58415/menu-type/28583/2026/10/7
2026-10-07,1756121,Skim,"Grade A Fat Free (Skim) Milk, Vitamin A Palmitate & Vitamin D3..",8,flz,79.0,0.0,0.0,,5.0,11.0,0.0,11.0,355.0,118.0,0.0,8.0,0.1,296.0,,,,,,,https://nd.api.nutrislice.com/menu/api/weeks/school/58415/menu-type/28583/2026/10/7
2026-10-07,1756129,Soy,"Soymilk (Water, Organic Soybeans), Cane Sugar, Calcium Carbonate, Sea Salt, Dipotassium Phosphate, Natural Flavor, Gellan Gum, Vitamin A Palmitate, Vitamin D2..",1,cups,101.0,3.0,1.0,,0.0,10.0,5.0,7.0,385.0,81.0,3.0,8.0,1.0,264.0,,,,,,,https://nd.api.nutrislice.com/menu/api/weeks/school/58415/menu-type/28583/2026/10/7
2026-10-07,2293503,Chocolate Soft Serve Ice Cream,"Chocolate Soft Serve (Milk, Sugar, Cream, Corn Syrup, High Fructose Corn Syrup, Whey, Cocoa, Nonfat Milk, Mono & Diglycerides, Guar Gum, Tetrasodium Pyrophosphate, Dextrose, Carrageenan, And Vitamin A Palmitate. COMMON ALLERGENS PRESENT: Milk.).",4,z,169.0,6.0,3.9,,19.0,26.0,0.0,25.0,0.0,130.0,1.0,4.0,0.5,130.0,,,,,,,https://nd.api.nutrislice.com/menu/api/weeks/school/58415/menu-type/28583/2026/10/7
2026-10-07,2293504,Vanilla Soft Serve Ice Cream,"Vanilla Soft Serve Ice Cream Mix (Milk, Sugar, Cream, Corn Syrup, High Fructose Corn Syrup, Whey, Nonfat Milk, Mono & Diglycerides, Guar Gum, Tetra Sodium Pyrophosphate, Dextrose, Carrageenan, Vanillin (Artificial Flavor), Vanilla, Annatto Color, And Vitamin A Palmitate. Common Allergens Present: Milk.).",4,z,182.0,6.0,4.5,,26.0,25.0,0.0,25.0,0.0,136.0,0.0,4.0,0.0,130.0,,,,,,,https://nd.api.nutrislice.com/menu/api/weeks/school/58415/menu-type/28583/2026/10/7
2026-10-07,2293505,Pineapple DH Dole Whip,"Water (Filtered Tap Water.), Dole Pineapple Whip (Sugar, Dextrose, Stabilizers (Hydroxypropyl Methylcellulose, Locust Bean Gum, Guar Gum, Karaya Gum, Pectin, Cellulose Gum, Xanthan Gum), Coconut Oil, Contains 2% Or Less Of Each Of The Following: Maltodextrin, Citric Acid, Natural & Artificial Flavor, Modified Food Starch, Malic Acid, Beta Carotene (Color), Mono & Diglycerides, Silicon Dioxide (Anticaking).).",4,flz,123.0,0.6,0.6,,0.0,29.0,28.0,28.0,1.0,15.0,0.0,0.0,0.0,13.0,,,,,,,https://nd.api.nutrislice.com/menu/api/weeks/school/58415/menu-type/28583/2026/10/7
2026-10-07,2293501,Strawberry Dole Whip,"Water (Filtered Tap Water.), Dole Strawberry Whip (Sugar, Dextrose, Maltodextrin, Stabilizers (Hydroxypropyl Methylcellulose, Locust Bean Gum, Guar Gum, Karaya Gum, Pectin, Cellulose Gum, Xanthan Gum), Coconut Oil, Contains 2% Or Less Of Each Of The Following: Citric Acid, Color (Dehydrated Blackcurrant, Caramel Color, Carrot Extract), Natural Flavor, Modified Food Starch, Mono & Diglycerides, Silicon Dioxide (Anticaking).).",4,flz,125.0,0.0,0.6,,0.0,30.0,29.0,28.0,6.0,15.0,0.0,0.0,0.0,14.0,,,,,,,https://nd.api.nutrislice.com/menu/api/weeks/school/58415/menu-type/28583/2026/10/7
2026-10-07,1755988,Unsalted Butter,"Cream, SaltContains Milk.",1,oz,28.0,3.1,2.0,,9.0,0.0,0.0,0.0,1.0,27.0,0.0,0.0,0.0,1.0,,,,,,,https://nd.api.nutrislice.com/menu/api/weeks/school/58415/menu-type/28583/2026/10/7
2026-10-07,1756157,Peanut Butter,"PEANUTS, SUGAR, PEANUT OIL, CONTAINS 2% OR LESS OF: PALM OIL, SALT. COMMON ALLERGENS PRESENT: Peanuts.",0.75,z,122.0,10.0,2.3,,0.0,6.0,2.0,3.0,110.0,103.0,1.0,4.0,0.3,13.0,,,,,,,https://nd.api.nutrislice.com/menu/api/weeks/school/58415/menu-type/28583/2026/10/7
2026-10-07,1755977,Plain Bagels,"Wheat Flour Enriched (Wheat Flour, Malted Barley Flour, Niacin, Reduced Iron, Thiamine Mononitrate, Riboflavin, Folic Acid), Water, Sugar, Salt, Cultured Wheat Flour, Yeast, Vinegar, Palm Oil, Non-GMO Soybean Oil, Sunflower Oil, Ascorbic Acid, Enzymes, Cornmeal..",4.5,z,316.0,1.0,0.0,,0.0,65.0,3.0,5.0,90.0,575.0,2.0,11.0,4.0,103.0,,,,,,,https://nd.api.nutrislice.com/menu/api/weeks/school/58415/menu-type/28583/2026/10/7
2026-10-07,1755979,Whole Wheat Bagels,"Wheat Flour Enriched (Wheat Flour, Malted Barley Flour, Niacin, Reduced Iron, Thiamine Mononitrate, Riboflavin, Folic Acid), Water, Whole Wheat Flour, Sugar, Salt, Cultured Wheat Flour, Yeast, Vinegar, Palm Oil, Caramel Color, Non-GMO Soybean Oil, Sunflower Oil, Ascorbic Acid, Enzymes, Cornmeal..",1,bagel,316.0,1.7,0.0,,0.0,65.0,2.0,2.0,135.0,587.0,3.0,11.0,3.7,102.0,,,,,,,https://nd.api.nutrislice.com/menu/api/weeks/school/58415/menu-type/28583/2026/10/7
2026-10-07,1755995,Cream Cheese,"Pasteurized Milk And Cream, Cheese Culture, Salt, Guar Gum, Xanthan Gum, Carob Bean Gum. Common Allergens Present: Milk..",1,oz,90.0,9.0,6.0,,30.0,2.0,0.0,1.0,40.0,95.0,0.0,2.0,0.0,30.0,,,,,,,https://nd.api.nutrislice.com/menu/api/weeks/school/58415/menu-type/28583/2026/10/7
2026-10-07,1756050,Grape Jelly,"Concord Grape Juice (Water, Concord Grape Juice Concentrate), Corn Syrup, High Fructose Corn Syrup, Contains Less Than 2% Of Fruit Pectin, Citric Acid, Sodium Citrate..",1,Tbsp,50.0,0.0,0.0,,0.0,13.0,7.0,9.0,0.0,5.0,0.0,0.0,0.0,0.0,,,,,,,https://nd.api.nutrislice.com/menu/api/weeks/school/58415/menu-type/28583/2026/10/7
2026-10-07,1756057,Strawberry Jelly,"Strawberries, High Fructose Corn Syrup, Corn Syrup, Sugar, Contains 2% Or Less Of: Fruit Pectin, Citric Acid..",1,Tbsp,50.0,0.0,0.0,,0.0,13.0,9.0,10.0,0.0,0.0,0.0,0.0,0.0,0.0,,,,,,,https://nd.api.nutrislice.com/menu/api/weeks/school/58415/menu-type/28583/2026/10/7
2026-10-07,1756149,Chocolate Chips,"Sugar, Unsweetened Chocolate, Cocoa Butter, Soy Lecithin (an emulsifier), Natural Vanilla Extract, Milk. COMMON ALLERGENS PRESENT: Milk, Soy..",1,oz,132.0,8.0,3.8,,0.0,19.0,15.0,15.0,0.0,0.0,2.0,2.0,1.9,9.0,,,,,,,https://nd.api.nutrislice.com/menu/api/weeks/school/58415/menu-type/28583/2026/10/7
2026-10-07,1778846,Dried Sweetened Cranberry,"Cranberries, Sugar. Refined Sunflower Oil is used as a processing aid..",1,oz,92.0,0.0,0.0,,0.0,23.0,18.0,21.0,0.0,0.0,2.0,0.0,0.0,0.0,,,,,,,https://nd.api.nutrislice.com/menu/api/weeks/school/58415/menu-type/28583/2026/10/7
2026-10-07,1756389,Rainbow Sprinkles,"Sugar, Corn Starch, Palm Oil & Palm Kernel Oil, Soy Lecithin, Dextrin,Carnauba Wax, Confectioners Glaze, FD&C Yellow #5 Lake, Yellow #6 Lake,Blue #1 Lake, Red #40 Lake, Red #3. COMMON ALLERGENS PRESENT: Soy..",1,oz,142.0,7.0,3.5,,0.0,21.0,14.0,14.0,0.0,0.0,0.0,0.0,0.0,0.0,,,,,,,https://nd.api.nutrislice.com/menu/api/weeks/school/58415/menu-type/28583/2026/10/7
2026-10-07,1756237,Chocolate Syrup,"High Fructose Corn Syrup, Water, Cocoa And Cocoa Processed With Alkali, Modified Food Starch, Caramel Color, Salt, Potassium Sorbate- A Preservative, Xanthan Gum, Titanium Dioxide (Color), Artificial Colors (Yellow 5, Red 3 And Blue 1), And Natural And Artificial Flavors..",1,oz,67.0,0.0,0.0,,0.0,16.0,0.0,15.0,0.0,15.0,1.0,1.0,0.4,0.0,,,,,,,https://nd.api.nutrislice.com/menu/api/weeks/school/58415/menu-type/28583/2026/10/7
2026-10-07,1756259,Caramel Syrup,"CORN SYRUP, HIGH FRUCTOSE CORN SYRUP, SUGAR, CONDENSED NONFAT MILK, WATER, HEAVY WHIPPING CREAM, CONTAINS 2% OR LESS OF SALT, PECTIN, ARTIFICIAL FLAVORS, POTASSIUM SORBATE - A PRESERVATIVE, CARAMEL COLOR AND DISODIUM PHOSPHATE. COMMON ALLERGENS PRESENT: Milk..",1,oz,81.0,0.3,0.0,,0.0,18.0,12.0,12.0,15.0,40.0,0.0,0.0,0.0,8.0,,,,,,,https://nd.api.nutrislice.com/menu/api/weeks/school/58415/menu-type/28583/2026/10/7
2026-10-07,1756393,Oreo Cookie Crumble,"Unbleached Enriched Flour (Wheat Flour, Niacin, Reduced Iron, Thiamine Mononitrate {Vitamin B1}, Riboflavin {Vitamin B2}, Folic Acid), Sugar, Palm And/Or Canola Oil, Cocoa (Processed With Alkali), Invert Sugar, Leavening (Baking Soda And/Or Calcium Phosphate), Soy Lecithin, Salt, Chocolate, Natural Flavor. Common Allergens Present: Soy, Wheat..",1,oz,136.0,5.0,1.6,,0.0,21.0,12.0,12.0,42.0,94.0,1.0,1.0,1.2,10.0,,,,,,,https://nd.api.nutrislice.com/menu/api/weeks/school/58415/menu-type/28583/2026/10/7
2026-10-07,1756427,Ketchup,"Tomato Concentrate, Sugar, Distilled Vinegar, Less than 2% of: Salt, Natural Flavors, *Potassium Chloride, Onion Powder, Citric Acid, Garlic Powder, Spices..",1,oz,6.0,0.0,0.0,,0.0,1.0,0.0,1.0,18.0,14.0,0.0,0.0,0.0,0.0,,,,,,,https://nd.api.nutrislice.com/menu/api/weeks/school/58415/menu-type/28583/2026/10/7
2026-10-07,1756436,Spicy Brown Mustard,"Vinegar, Water, Mustard Seed, Salt, Less than 2% of: Spices, Turmeric..",1,oz,28.0,0.0,0.0,,0.0,0.0,0.0,0.0,0.0,283.0,0.0,0.0,0.0,0.0,,,,,,,https://nd.api.nutrislice.com/menu/api/weeks/school/58415/menu-type/28583/2026/10/7
2026-10-07,1756258,Mayonnaise,"Soybean Oil, Distilled Vinegar, Egg Yolk, High Fructose Corn Syrup, Contains Less Than 2% Of Salt, Water, Mustard Seed, Calcium Disodium Edta (To Protect Flavor). Contains: Egg.",1,Tbsp,100.0,11.0,2.0,,10.0,1.0,1.0,1.0,0.0,75.0,0.0,0.0,0.0,0.0,,,,,,,https://nd.api.nutrislice.com/menu/api/weeks/school/58415/menu-type/28583/2026/10/7
2026-10-07,1756437,Yellow Mustard,"Distilled White Vinegar, Water, Mustard Seed, Mustard Bram, Salt, Turmeric, Spices..",1,tsp,0.0,0.0,0.0,,0.0,0.0,0.0,0.0,0.0,60.0,0.0,0.0,0.0,0.0,,,,,,,https://nd.api.nutrislice.com/menu/api/weeks/school/58415/menu-type/28583/2026/10/7
2026-10-08,1800139,Quinoa,"Pre Washed White Quinoa (Quinoa.), Coarse Kosher Salt (Salt), Water (Filtered Tap Water.).",4,z,403.0,5.0,0.0,,0.0,76.0,0.0,3.0,829.0,159.0,8.0,15.0,7.6,66.0,,,,,,,https://nd.api.nutrislice.com/menu/api/weeks/school/58415/menu-type/28583/2026/10/7
2026-10-08,1784208,Steamed Broccoli,Broccoli (Broccoli.).,4,z,35.0,0.0,0.0,,0.0,7.0,0.0,1.0,298.0,21.0,4.0,4.0,1.4,49.0,,,,,,,https://nd.api.nutrislice.com/menu/api/weeks/school/58415/menu-type/28583/2026/10/7
2026-10-08,1756337,Baked Sweet Potato,"Sweet Potato (Sweet Potatoes), Allergen Free Pan Coating Spray (Canola Oil, Canola Lecithin, Mono- and Diglycerides, Natural Flavor, and Propellant.).",1,potatoe,124.0,0.9,0.1,,0.0,27.0,0.0,8.0,611.0,45.0,4.0,3.0,0.9,49.0,,,,,,,https://nd.api.nutrislice.com/menu/api/weeks/school/58415/menu-type/28583/2026/10/7
2026-10-08,1757441,Green Beans w/Julienne Red Peppers,"French Green Beans (Green Beans.), Red Bell Peppers (Red Bell Pepper.), Oil Blend Canola & EVOO 75/25 (Canola Oil & Extra Virgin Olive Oil.), Basil (Basil.), Coarse Kosher Salt (Salt), Ground Black Pepper (Ground Black Pepper.), Water (Filtered Tap Water.).",3,z,84.0,6.0,0.8,,0.0,6.0,0.0,2.0,163.0,170.0,2.0,2.0,0.7,35.0,,,,,,,https://nd.api.nutrislice.com/menu/api/weeks/school/58415/menu-type/28583/2026/10/7
2026-10-08,1925982,Emil's Oatmeal Bread,"Water (Filtered Tap Water.), High Gluten Whole Wheat Flour (Wheat flour, malted barley flour, niacin, reduced iron, thiamin mononitrate, riboflavin, folic acid. COMMON ALLERGENS PRESENT: Wheat.), Quaker Kettle Hearty Oat (Whole Grain Rolled Oats.), Salad Oil (Soybean Oil.), Granulated Sugar (Granulated Beet Sugar), Coarse Kosher Salt (Salt), Yeast Instant (Yeast, Sorbitan Monostearate, Ascorbic Acid.).",1,roll,194.0,5.0,0.9,,0.0,29.0,0.0,4.0,81.0,462.0,2.0,5.0,1.5,59.0,,,,,,,https://nd.api.nutrislice.com/menu/api/weeks/school/58415/menu-type/28583/2026/10/7
2026-10-08,2262413,Pasta Carbonara,"Frozen Bucatini (Enriched Bleached Unbromated Flour (Bleached Wheat Flour,Malted Barley Flour, Iron, Niacin, Thiamine Mononitrate, Riboflavin, Folic Acid), Semolina Flour (Durum Enriched Milled Wheat, Niacin, Iron, Thiamine Moninitrate, Riboflavin, Folic Acid), Organic Gluten, Salt, Pasteurized Liquid Egg Yolk, Purified Water, Rice Flour.CONTAINS: Wheat, Eggs. This facility processes: Wheat, Dairy, Eggs, Soy, Seafood and Tree Nuts.), Water (Filtered Tap Water.), Romano Pecorino Grated Cheese (Pasteurized Sheep's Milk, Cheese Cultures, Salt, Enzymes, Powdered Cellulose Added To Prevent Caking. Contains: Milk. May Contains: Eggs, Peanuts, Tree Nuts, Wheat, Soy, Sesame.), Plain Egg Yolk Liquid (Egg Yolks. COMMON ALLERGENS PRESENT: Egg.), Pork Bacon Jowl (Pork, Water, Salt, Sugar, Sodium Nitrite, Sodium Erythorbate, Coriander, Black Pepper. Contains: Pork), Ground Black Pepper (Ground Black Pepper.), Coarse Kosher Salt (Salt).",8,oz portion,652.0,39.0,18.0,,502.0,42.0,0.0,1.0,216.0,1451.0,2.0,26.0,4.7,422.0,,,,,,,https://nd.api.nutrislice.com/menu/api/weeks/school/58415/menu-type/28583/2026/10/7
2026-10-08,2246522,Pasta with Alfredo Sauce,"Cavatappi Pasta (Durum wheat semolina, niacin, iron (ferrous sulfate), thiamin mononitrate, riboflavin, folic acid. COMMON ALLERGENS PRESENT: Wheat. MAY CONTAIN: Egg.), Half & Half UHT 32z Bottle (Milk, Cream, Dipotassium Phosphate. Contains: Milk.), Fresh Heavy Whipping Cream 0.5gal (Cream, Carrageenan. Contains: Milk.), Water (Filtered Tap Water.), Grated Romano (Domestic Romano Cheese: (Pasteurized Cow's Milk, Cheese Cultures, Salt, Enzymes), Powdered Cellulose added to prevent caking, Natamycin (A Natural Mold Inhibitor). Contains: MilkMay Contain: Eggs), Large Fresh Egg (Shelled Eggs. COMMON ALLERGENS PRESENT: Eggs.), All Purpose Bleached Gold Medal Flour (Bleached Wheat Flour, Malted Barley Flour, Niacin, Iron, Thiamin Mononitrate, Riboflavin, Folic Acid.), Plant Based Unsalted Butter (Palm And Palm Kernel Oil, Water, Sunflower Oil, Pea Protein, Sunflower Lecithin, Lactic Acid, Natural Flavor, Annatto (Color), Vitamin A Palmitate.), Coarse Kosher Salt (Salt), Salad Oil (Soybean Oil.), Ground White Pepper (White Pepper.).",8,z,600.0,25.0,15.0,,97.0,77.0,0.0,5.0,328.0,815.0,4.0,17.0,3.3,212.0,,,,,,,https://nd.api.nutrislice.com/menu/api/weeks/school/58415/menu-type/28583/2026/10/7
2026-10-08,1756378,Cheese Pizza,"20z Pizza Dough Ball (Enriched Flour Bleached (Wheat our, Malted Barley Flour, Niacin, Reduced Iron, Thiamine Mononitrate, Riboavin, Folic Acid), Water, Sugar, Salt, Soybean Oil with Mono & Di-glycerides, Wheat Gluten, Yeast, Enzymes, Ascorbic Acid, L-cysteine.), Fresh Shredded Mozzarella Cheese (Cultured Pasteurized Milk, Salt, Enzymes.), Whole Peeled Plum Tomato (San Marzano D.O.P. Plum Peeled Tomatoes, San Marzano D.O.P. Tomato Puree.), Water (Filtered Tap Water.), Tomato Paste (Tomatoes and Citric Acid.), Allergen Free Pan Coating Spray (Canola Oil, Canola Lecithin, Mono- and Diglycerides, Natural Flavor, and Propellant.), Grated Parmesan Cheese (Cultured Milk, Salt, Enzymes, Cellulose to prevent caking, Natamycin to protect flavor. Contains: Milk), Oil Blend Canola & EVOO 75/25 (Canola Oil & Extra Virgin Olive Oil.), Coarse Kosher Salt (Salt), Granulated Garlic (Dried Garlic.), Ground Black Pepper (Ground Black Pepper.), Ground Basil Leaf (Basil.), Oregano Ground (Oregano.), Parsley Flakes (Parsley.).",1,pizza,2473.0,112.0,48.0,,199.0,274.0,0.0,33.0,748.0,6690.0,25.0,116.0,18.2,1623.0,,,,,,,https://nd.api.nutrislice.com/menu/api/weeks/school/58415/menu-type/28583/2026/10/7
2026-10-08,2262415,Elote Pizza,"20z Pizza Dough Ball (Enriched Flour Bleached (Wheat our, Malted Barley Flour, Niacin, Reduced Iron, Thiamine Mononitrate, Riboavin, Folic Acid), Water, Sugar, Salt, Soybean Oil with Mono & Di-glycerides, Wheat Gluten, Yeast, Enzymes, Ascorbic Acid, L-cysteine.), Fresh Shredded Mozzarella Cheese (Cultured Pasteurized Milk, Salt, Enzymes.), Flame Roasted Sweet Corn (Corn.), Sour Cream (Milk, Cream, Food Starch-Modified (Corn), Grade A Whey, Sodium Tripolyphosphate, Mono And Diglycerides, Guar Gum, Carrageenan, And Locust Bean Gum, Citric Acid Blend (Water, Citric Acid, Lactic Acid, Phosphoric Acid, And Natural Flavors), Salt, Potassium Sorbate. Common Allergens Present: Milk. May Contain: Egg, Soy.), Mayonnaise Premium Kens (Soybean Oil, Water, Egg, Distilled Vinegar, Egg Yolk, Contains Less Than 2% Of Salt, Sugar, Lemon Juice Concentrate, Calcium Disodium EDTA (To Protect Flavor), Paprika Extract (Color), Natural Flavor. Contains: Egg), Grated Cotija Cheese (Pasteurized Milk, Salt, Cheese Cultures, Enzymes, Anti Caking Agent [Potato Starch, Corn Starch, Cellulose, Natamycin (an all natural mold inhibitor)]. COMMON ALLERGENS PRESENT: Milk.), Lime Juice (Water, 100% Lime Juice from Concentrate.), Allergen Free Pan Coating Spray (Canola Oil, Canola Lecithin, Mono- and Diglycerides, Natural Flavor, and Propellant.), Garlic Powder (Garlic Powder.), Cilantro (Fresh Cilantro.), Coarse Kosher Salt (Salt), Lime (Limes.).",1,pizza,3996.0,267.0,84.0,,350.0,322.0,0.0,36.0,122.0,8642.0,28.0,126.0,16.7,1682.0,,,,,,,https://nd.api.nutrislice.com/menu/api/weeks/school/58415/menu-type/28583/2026/10/7
2026-10-08,1756381,Pepperoni Pizza,"20z Pizza Dough Ball (Enriched Flour Bleached (Wheat our, Malted Barley Flour, Niacin, Reduced Iron, Thiamine Mononitrate, Riboavin, Folic Acid), Water, Sugar, Salt, Soybean Oil with Mono & Di-glycerides, Wheat Gluten, Yeast, Enzymes, Ascorbic Acid, L-cysteine.), Fresh Shredded Mozzarella Cheese (Cultured Pasteurized Milk, Salt, Enzymes.), Halal Chicken & Beef Pepperoni (Green Mabha, Bht With Citric Acid Added To Help Protect Flavor.Smoke Flavoring Added Ingredients: Chicken, Beef, Turkey, Salt, Contains 2% OrLess Of Water, Dextrose, Spices, Smoke Flavoring, Flavoring, Garlic Powder,Oleoresin Of Paprika, Rosemary Extract, Sodium Ascorbate, Spice Extractive, CitricAcid, Lactic Acid Starter Culture, Bha, Bht, Sodium Nitrite.), Whole Peeled Plum Tomato (San Marzano D.O.P. Plum Peeled Tomatoes, San Marzano D.O.P. Tomato Puree.), Water (Filtered Tap Water.), Tomato Paste (Tomatoes and Citric Acid.), Allergen Free Pan Coating Spray (Canola Oil, Canola Lecithin, Mono- and Diglycerides, Natural Flavor, and Propellant.), Grated Parmesan Cheese (Cultured Milk, Salt, Enzymes, Cellulose to prevent caking, Natamycin to protect flavor. Contains: Milk), Oil Blend Canola & EVOO 75/25 (Canola Oil & Extra Virgin Olive Oil.), Coarse Kosher Salt (Salt), Granulated Garlic (Dried Garlic.), Ground Black Pepper (Ground Black Pepper.), Ground Basil Leaf (Basil.), Oregano Ground (Oregano.), Parsley Flakes (Parsley.).",1,pizza,3682.0,225.0,94.0,,501.0,274.0,0.0,33.0,748.0,11226.0,25.0,161.0,21.2,1623.0,,,,,,,https://nd.api.nutrislice.com/menu/api/weeks/school/58415/menu-type/28583/2026/10/7
2026-10-08,1756345,French Fries,"French Fries (Potatoes, Vegetable Oil (Contains One Or More Of The Following Oils: Canola, Soybean, Cottonseed, Sunflower, Corn). Contains 2% or less of Baking Soda, Dextrin, Dextrose, Potato Starch - Modified, Rice Flour, Salt, Sodium Acid Pyrophosphate (Maintains Natural Color & Leavening), Xanthan Gum. COMMON ALLERGENS PRESENT: None.), Canola Oil (Canola Oil, TBHQ and Citric Acid Added To Protect Flavor, Dimethylpolysiloxanes, An Anti-Foaming Agent Added.).",3,z,194.0,14.0,0.8,,0.0,17.0,0.0,1.0,218.0,322.0,1.0,1.0,0.3,9.0,,,,,,,https://nd.api.nutrislice.com/menu/api/weeks/school/58415/menu-type/28583/2026/10/7
2026-10-08,2326978,Smash Burger,"4z Beef Patties (Beef.), Hamburger Bun (Unbleached Enriched Flour (Wheat Flour, Malted BarleyFlour, Niacin, Iron, Thiamin Mononitrate, Riboflavin, Folic Acid), Water, HighFructose Corn Syrup, Yeast, Soybean Oil, Wheat Gluten, Contains 2% orless of the following: Salt, Calcium Propionate (Preservative), MonocalciumPhosphate, Wheat Starch, Sesame, Enzymes, Ascorbic Acid. Contains: Wheat, Sesame.), Ground Black Pepper (Ground Black Pepper.), Coarse Kosher Salt (Salt), Granulated Garlic (Dried Garlic.), Onion Granulated Spice (Dried Onion.).",1,burger,569.0,27.0,10.0,,81.0,51.0,7.0,7.0,402.0,1176.0,2.0,28.0,4.8,112.0,,,,,,,https://nd.api.nutrislice.com/menu/api/weeks/school/58415/menu-type/28583/2026/10/7
2026-10-08,1769875,Garden Herb Grilled Chicken,"Chix Tndrln Jumbo Raw CVP Fs (Chicken Tenderloins.), Water (Filtered Tap Water.), Salad Oil (Soybean Oil.), Marinade Garden Herb & Tomato (Blended of Salt, Dehydrated Garlic, Sugar, Dehydrated Tomatoes, Vinegar Powder (Maltodextrin, Food Starch Modified, And Vinegar Solids), Sodium Phosphate (10.34%) Spice, Lemon Juice Powder (Corn Syrup Solids And Lemon Juice Solids), Onion Powder, Modified Food Starch, Deydrated Bell Peppers, Citric Acid.).",1,tender,112.0,2.5,0.4,,57.0,0.0,0.0,0.0,333.0,39.0,0.0,21.0,0.3,8.0,,,,,,,https://nd.api.nutrislice.com/menu/api/weeks/school/58415/menu-type/28583/2026/10/7
2026-10-08,1759920,Philly Cheesesteak,"Sliced Italian Roll 7"" (Enriched Wheat Flour (Wheat flour, malted barley flour,niacin, iron, thiamine mononitrate, riboflavin, folic acid), Water, DoughConditioner (Salt, Sugar, Enriched Wheat Flour (Wheat Flour, Dextrose,Soybean Oil, Calcium Stearoyl Lactylate (CSL) and 2% or Less of Each ofthe Following: Malt Powder (Dried Corn Syrup, Barley Malt Extract), DiacetylTartaric Acid Esters of Mono-Diglycerides (DATEM), Mono- AndDiglycerides, Ascorbic Acid (Vitamin C), Potassium Iodate, EthoxylatedMono- and Diglycerides, Calcium Sulfate, Enzymes), and Yeast, SoybeanOil, Blend of Enzymes (Calcium Sulfate, Wheat Starch), Yellow Cornmeal,Vital Wheat Gluten, Hydrated Distilled Monoglyceride (Water,Monoglycerides and 2% or Less of Each of the Following: PreservativesPropionic Acid and Phosphoric Acid), Calcium Propionate, Citric Acid,Carnuaba Wax, Sorbic Acid, Fully Hydrogenated Soybean Oil.), Shaved Ribeye (Beef.), Nacho Cheese Sauce (Skim Milk, Water, Canola Oil, Modified Corn Starch, Tomato Paste, Cheddar Cheese (Milk, Cheese Cultures, Salt, Enzymes), Natural Flavors, and less than 2% of the Following: Maltodextrin (Made from Corn), Jalapeño Peppers, Salt, Vinegar, Disodium Phosphate, Yeast Extract, Sodium Citrate, Annatto, Monosodium Glutamate, Cellulose Gum, Acetic Acid, Onion Powder, DATEM, Garlic Powder, Chili Powder, Spices and Citric Acid), Diced Onion (Fresh Yellow Onions.), Pan & Grill Butter Flavored Liquid Oil (Soybean Oil, Hydrogenated Soybean Oil, Soy Lecithin, Natural and Artificial Flavors, Artificial Color. COMMON ALLERGENS PRESENT: Soy.), Granulated Garlic (Dried Garlic.), Ground Black Pepper (Ground Black Pepper.), Coarse Kosher Salt (Salt), Salad Oil (Soybean Oil.).",1,sandwich,549.0,26.0,6.0,,34.0,52.0,1.0,3.0,264.0,1751.0,3.0,24.0,4.1,189.0,,,,,,,https://nd.api.nutrislice.com/menu/api/weeks/school/58415/menu-type/28583/2026/10/7
2026-10-08,2035834,Beef Pad See Ew,"Noodle Rice Wide Fs Quon Yick (Water, Rice, Wheat Flour, Corn Starch, Tapioca Starch, Soybean & Corn Oil, Lecithin. (Keep Refrigerated)), Beef Rnd Knuckle Strip Ch Bnls Fs (Beef Strip), Broccoli (Broccoli.), Large Fresh Egg (Shelled Eggs. COMMON ALLERGENS PRESENT: Eggs.), Snow Pea Pods (Fresh Snow Peas), Red Bell Peppers (Red Bell Pepper.), Sweet Soy Sauce (Sugar (contains Sodium Metabisulphite), Soy Extract (Water, Salt, Soybeans, Wheat), Water, Caramel Color, Sodium Benzoate 9as a Preservative), Citric Acid, Xantham Gum.), Salad Oil (Soybean Oil.), Vegetarian Oyster Sauce (Mushroom Extract, Water, Sugar, Salt, Modified Tapioca Starch, Caramel, Stabilizer (Xanthan Gum), Vinegar.), Granulated Sugar (Granulated Beet Sugar), Peeled Garlic (Garlic.), Pepper Wht Ground Spiceology (White Pepper), Thai Fish Sauce (Anchovies, Salt, Sugar and Water. Contains: Anchovy.).",6,z,311.0,6.0,1.3,,40.0,52.0,3.0,4.0,195.0,435.0,1.0,12.0,1.1,52.0,,,,,,,https://nd.api.nutrislice.com/menu/api/weeks/school/58415/menu-type/28583/2026/10/7
2026-10-08,1796656,Steamed Brown Rice,"Long Grain Brown Rice (Long Grain Brown Rice), Water (Filtered Tap Water.).",4,z,424.0,3.7,0.0,,0.0,85.0,0.0,0.0,282.0,0.0,5.0,7.0,2.5,10.0,,,,,,,https://nd.api.nutrislice.com/menu/api/weeks/school/58415/menu-type/28583/2026/10/7
2026-10-08,1887249,Roti Paratha,"Roti Paratha Plain Fz Spring Home (Roti Paratha Plain: Wheat Flour (50%), Water, Vegetable Margarine [Palm Oil, Water, Salt, Emulsifier (E471 Monoglycerides, E475 Polyglycerol Esters), Natural Rosemary Flavor, Butter Flavor], Sugar, Salt, Raising Agent [E500ii) Sodium Bicarbonate, E170(i) Calcium Carbonate, E450(i) Sodium Acid Pyrophosphate, Corn Starch, E341(i) Monocalcium Phosphate]. Contains: Wheat [Cereal Containing Gluten].), Allergen Free Pan Coating Spray (Canola Oil, Canola Lecithin, Mono- and Diglycerides, Natural Flavor, and Propellant.).",1,roti,217.0,11.0,8.0,,0.0,24.0,0.0,2.0,0.0,176.0,2.0,5.0,0.0,0.0,,,,,,,https://nd.api.nutrislice.com/menu/api/weeks/school/58415/menu-type/28583/2026/10/7
2026-10-08,1763069,Steamed Basmati Rice,"Basamati Rice (White Basmati Rice.), Water (Filtered Tap Water.).",4,z,180.0,0.0,0.0,,0.0,40.0,0.0,0.0,58.0,0.0,0.0,3.0,0.4,0.0,,,,,,,https://nd.api.nutrislice.com/menu/api/weeks/school/58415/menu-type/28583/2026/10/7
2026-10-08,2327001,Chocolate Chunk Cookie,"Hope's Chocolate Chunk Cookie Dough (Chocolate Chunks (Sugar, Unsweetened Chocolate, Cocoa Butter, Anhydrous Dextrose, Unsweetened Chocolate [Processed With Alkali], Soya Lecithin, Vanillin, Vanilla Extract.[May Contain Milk]), Enriched Wheat Flour (Bleached And Unbleached Wheat Flour, Niacin, Reduced Iron, Thiamine Mononitrate, Riboflavin, And Folic Acid), Butter, Brown Sugar, Sugar, Eggs (Pasteurized), Water, Invert Sugar, Modified Food Starch, Salt, Vanilla, Baking Soda, Soy Lecithin, Guar Gum. Contains A Bioengineered Food Ingredient. Contains Egg, Milk, Soy, Wheat. (May Contain Trace Amounts Of Tree Nuts And Peanuts).).",1,cookie,178.0,8.0,4.9,,20.0,28.0,11.0,18.0,64.0,134.0,0.0,2.0,1.0,10.0,,,,,,,https://nd.api.nutrislice.com/menu/api/weeks/school/58415/menu-type/28583/2026/10/7
2026-10-08,2327003,Lemon Cookie,"Hope's Lemon Cooler Cookie Dough (Enriched Wheat Flour (Bleached Wheat Flour, Niacin, Reduced Iron, Thiamine Mononitrate, Riboflavin, And Folic Acid), Sugar, White Confectionery Chunks (Sugar, Palm Kernel Oil, Nonfat Milk Powder, Whey Powder, Palm Oil, Soy Lecithin, Vanilla), Butter, Coconut, Eggs (Pasteurized), Water, Invert Sugar, N & A Flavoring, Modified Food Starch, Baking Soda, Salt, Soy Lecithin, Guar Gum, Fd&C Food Coloring (Yellow #5). Contains A Bioengineered Food Ingredient. Contains Egg, Milk, Soy, Wheat, Coconut. (May Contain Trace Amounts Of Tree Nuts And Peanuts).).",1,cookie,188.0,9.0,6.0,,25.0,26.0,11.0,17.0,42.0,148.0,0.0,2.0,1.0,16.0,,,,,,,https://nd.api.nutrislice.com/menu/api/weeks/school/58415/menu-type/28583/2026/10/7
2026-10-08,2032599,Southwest Salad,"Double Grilled Chicken Breast Chunks (Boneless Skinless Chicken Breast Chunks With Rib Meat, Water, Contains 2% Or Less Of The Following: Citric Acid, Dehydrated Parsley, Dehydrated Red Bell Pepper, Dextrose, Garlic Powder, Grill Flavor (From Sunflower Oil), Lemon Juice Solids, Maltodextrin, Modified Food Starch, Natural Flavors, Onion Powder, Salt, Sodium Phosphates, Spices, Sugar, Vinegar Solids, Xanthan Gum, Yeast Extract.), Breaded Chicken Breast Fritter (Boneless chicken breast with rib meat, water, seasoning [salt, flavors, maltodextrin, sugar, vegetable stock (carrot, onion, celery), garlic powder], salt, sodium phosphates. BREADED WITH: Wheat flour, water, salt, wheat gluten, leavening (sodium bicarbonate, sodiumaluminum phosphate, monocalcium phosphate, sodium acid pyrophosphate), spices, garlic powder, onion powder, disodium inosinate and disodium guanylate, natural flavor. Breading set in vegetable oil. COMMON ALLERGENS PRESENT: WHEAT.), Spring Mix (50% Baby Green Leaf, 30% Baby Red Leaf & 20% Baby Arugula.), Chipotle Ranch (Soybean Oil, Water, Cultured Lowfat Buttermilk, Distilled Vinegar, Chipotle In Adobo Sauce (Chipotle Pepper [Water, Dried Chipotle Pepper], Tomato Paste, Distilled Vinegar, Soybean Oil, Sugar, Salt, Spices, Onion*, Garlic*, Sodium Benzoate [A Preservative] Caramel Color), Sugar, Contains Less Than 2% Of Egg Yolks, Salt, Xanthan Gum, Spices, Onion*, Garlic*, Parsley*, Buttermilk, Polysorbate 60, Lactic Acid, Sodium Benzoate (A Preservative), Calcium Disodium Edta Added To Protect Flavor. *Dehydrated.. Common Allergens Present: Egg, Milk.), Low Sodium Black Bean (Prepared Black Beans, Water, Salt, Calcium Chloride (Firming Agent).), Shredded Pepper Jack (Cultured Pasteurized Milk, Jalapeno Peppers, Salt, Enzymes, And Anti cake.), Tri-Color Tortilla Strips (Corn Masa Flour, Vegetable Oil (Sunflower, Safflower And/Or Canola Oil), Salt, Red 40, Blue 1, Blue 2.), Flame Roasted Corn & Peppers (Sweet Corn, Cooked Black Beans, Tomato, Onion, Green Bell Pepper, Red Bell Pepper, Contains Less Than 2% Of Brown Sugar, Citric Acid, Dehydrated Vegetables (Onion, Bell Pepper, Garlic), Lime Juice Powder (Lime Juice Concentrate, Modified Food Starch, Maltodextrin, Citric Acid), Natural Flavor (Including Grill And Smoke), Olive Oil, Salt, Spices, Sugar, Yeast Extract.), Lime (Limes.), Tomato (Tomato.), Dressing Ranch (Soybean Oil, Water, Cultured Buttermilk, Egg Yolk, Distilled Vinegar, Contains Less Than 2% Of Salt, Monosodium Glutamate, Modified Corn Starch, Buttermilk Solids, Sugar, Garlic,* Xanthan Gum, Spice, Citric Acid, Onion,* Sorbic Acid (Preservative), Calcium Disodium Edta (To Protect Flavor), Milk, Natural Flavor, Egg Whites. *Dried Contains Egg, Milk.), Lime Juice (Lime Juice From Concentrate (Water, Concentrated Lime Juice) And Less Than 2% Of Lime Oil, Sodium Benzoate (Preservative), Sodium Metabisulfite (Preservative). Contains: Sulfites.), Cilantro (Fresh Cilantro.).",1,varies with choice,745.0,48.0,10.0,,127.0,36.0,0.0,5.0,988.0,1820.0,3.0,42.0,2.8,179.0,,,,,,,https://nd.api.nutrislice.com/menu/api/weeks/school/58415/menu-type/28583/2026/10/7
2026-10-08,1759927,Gremolata Asparagus,"Asparagus (Asparagus.), Lemon (Fresh Lemons.), Salad Oil (Soybean Oil.), Peeled Garlic (Garlic.), Fresh Italian Parsley (Italian Parsley.), Coarse Kosher Salt (Salt), Ground Black Pepper (Ground Black Pepper.).",3,oz,100.0,7.0,1.1,,0.0,7.0,0.0,1.0,202.0,353.0,3.0,1.0,0.9,28.0,,,,,,,https://nd.api.nutrislice.com/menu/api/weeks/school/58415/menu-type/28583/2026/10/7
2026-10-08,1756596,Vegetarian Black Beans,"Low Sodium Black Bean (Prepared Black Beans, Water, Salt, Calcium Chloride (Firming Agent).), Onion (Fresh Yellow Onions.), Salad Oil (Soybean Oil.), Cilantro (Fresh Cilantro.), Peeled Garlic (Garlic.).",2,z,59.0,1.8,0.3,,0.0,8.0,0.0,1.0,185.0,46.0,2.0,2.0,0.6,31.0,,,,,,,https://nd.api.nutrislice.com/menu/api/weeks/school/58415/menu-type/28583/2026/10/7
2026-10-08,1765029,Cochinita Pibil,"Boneless Boston Pork Butt (Fresh Pork.), 100% Pineapple Juice (Water, Pineapple Juice Concentrate, Ascorbic Acid (Vitamin C).), Salad Oil (Soybean Oil.), Water (Filtered Tap Water.), Pineapple (Pineapple, Unsweetened Pineapple Juice.), Coarse Kosher Salt (Salt), 100% Lemon Juice (Lemon Juice from Concentrate (Water, Concentrated Lemon Juice), Sodium Benzoate (Preservative) and Lemon Oil.), Granulated Sugar (Granulated Beet Sugar), Peeled Garlic (Garlic.), Premium Achiote Paste (Vinegar, Annatto Seed, Spices, Salt, Garlic.), Orange Juice (100% Orange Juice From Concentrate Contains Pure Filtered Water, Premium Concentrated Orange Juice. .), Lime (Limes.), Fresh Habanero Peppers (Fresh Habanero Peppers.), Cilantro (Fresh Cilantro.), Granulated Orange Peel (Orange Peel.), 1/4"" Diced Red Pepper (Red Bell Pepper.), Fresh Mint Leaf (Mint.), Red Onion (Red Onions.), Ground Cumin (Cumin Seed.), Oregano Mexican Whole Spiceology (Oregano), Extra Lite Amber Honey (Honey.).",4,z,329.0,23.0,6.0,,69.0,8.0,0.0,6.0,53.0,1622.0,0.0,20.0,0.9,7.0,,,,,,,https://nd.api.nutrislice.com/menu/api/weeks/school/58415/menu-type/28583/2026/10/7
2026-10-08,2262412,Sweet Fried Plantains,"Plantain (Fresh Plantains.), Canola Oil (Canola Oil, TBHQ and Citric Acid Added To Protect Flavor, Dimethylpolysiloxanes, An Anti-Foaming Agent Added.), Coarse Kosher Salt (Salt).",1,z,0.0,0.0,0.0,,0.0,0.0,0.0,0.0,0.0,0.0,0.0,0.0,0.0,0.0,,,,,,,https://nd.api.nutrislice.com/menu/api/weeks/school/58415/menu-type/28583/2026/10/7
2026-10-08,2262412,Sweet Fried Plantains,"Plantain (Fresh Plantains.), Canola Oil (Canola Oil, TBHQ and Citric Acid Added To Protect Flavor, Dimethylpolysiloxanes, An Anti-Foaming Agent Added.), Coarse Kosher Salt (Salt).",1,lbs,0.0,6.0,0.6,,0.0,4.0,0.0,2.0,0.0,0.0,0.0,0.0,0.0,0.0,,,,,,,https://nd.api.nutrislice.com/menu/api/weeks/school/58415/menu-type/28583/2026/10/7
2026-10-08,1770364,Steamed Jasmine Rice,"Long Grain Jasmine Rice (Long Grain Jasmine Rice.), Water (Filtered Tap Water.).",4,z,402.0,0.0,0.0,,0.0,91.0,0.0,0.0,131.0,0.0,0.0,8.0,0.9,0.0,,,,,,,https://nd.api.nutrislice.com/menu/api/weeks/school/58415/menu-type/28583/2026/10/7
2026-10-08,1756396,White Corn Tortilla,"Whole Grain Corn, Water, Contains 2% Or Less Of Each Of The Following: Preservatives (Propionic Acid, Sodium Hydroxide, Benzoic Acid), Xantham Gum And Traces Of Food Grade Lime..",6,in tortilla,57.0,0.5,0.0,,0.0,12.0,0.0,0.0,34.0,8.0,2.0,1.0,0.5,10.0,,,,,,,https://nd.api.nutrislice.com/menu/api/weeks/school/58415/menu-type/28583/2026/10/7
2026-10-08,1756400,Flour Tortilla,"Enriched Unbleached Flour (Wheat Flour, Niacin, Reduced Iron, Thiamine Mononitrate, Riboflavin And Folic Acid), Water, Vegetable Shortening (Contains One Or More Of The Following: Palm Oil And/Or Corn Oil), Contains 2% Or Less Of The Following: Salt, Aluminum-Free Leavening (Sodium Acid Pyrophosphate, Sodium Bicarbonate, Cornstarch, Monocalcium Phosphate), Wheat Protein, Preservatives (Calcium Propionate, Sorbic Acid), Dough Conditioner (Fumaric Acid, Xanthan Gum, Mono- And Diglycerides, Sodium Metabisulphite). Common Allergens Present: Wheat..",6,in tortilla,99.0,2.8,1.1,,0.0,15.0,0.0,0.0,24.0,188.0,1.0,2.0,1.1,40.0,,,,,,,https://nd.api.nutrislice.com/menu/api/weeks/school/58415/menu-type/28583/2026/10/7
2026-10-08,1756415,Jalapeno Monterey Jack,"Pasteurized milk, Jalapeno Peppers, cheese culture, salt and enzymes. COMMON ALLERGENS PRESENT: Milk..",1,slice,63.0,5.0,3.2,,18.0,0.0,0.0,0.0,9.0,108.0,0.0,5.0,0.0,131.0,,,,,,,https://nd.api.nutrislice.com/menu/api/weeks/school/58415/menu-type/28583/2026/10/7
2026-10-08,2114662,Cucumber Slices,Cucumber (Cucumber.).,1,slice,2.0,0.0,0.0,,0.0,0.0,0.0,0.0,0.0,0.0,0.0,0.0,0.0,2.0,,,,,,,https://nd.api.nutrislice.com/menu/api/weeks/school/58415/menu-type/28583/2026/10/7
2026-10-08,1756303,Tomato,Tomato..,1,tomatoe,19.0,0.0,0.0,,0.0,4.0,0.0,3.0,269.0,6.0,1.0,1.0,0.3,11.0,,,,,,,https://nd.api.nutrislice.com/menu/api/weeks/school/58415/menu-type/28583/2026/10/7
2026-10-08,1755985,Wheat Bread,"Unbleached Enriched Flour (Wheat Flour, Malted Barley Flour, Niacin, Iron, Thiamin Mononitrate, Riboflavin, Folic Acid), Water, Wheat Bran, High Fructose Corn Syrup, Yeast, Whole Wheat Flour, Contains 2% or less of the following: Wheat Gluten, Soybean Oil, Salt, Calcium Propionate (Preservative), Potassium Sorbate (Preservative), Caramel Color, Wheat Starch, Enzymes, Ascorbic Acid. Contains Wheat. Manufactured in a plantthat handles Sesame..",1,slice,77.0,0.9,0.1,,0.0,15.0,1.0,1.0,51.0,154.0,1.0,3.0,0.9,26.0,,,,,,,https://nd.api.nutrislice.com/menu/api/weeks/school/58415/menu-type/28583/2026/10/7
2026-10-08,1756291,White Bread,"Unbleached Enriched Flour (Wheat Flour, Malted Barley Flour, Niacin, Iron, Thiamin Mononitrate, Riboflavin, Folic Acid), Water, Yeast, Sugar, Contains 2% or less of the following: Salt, Soybean Oil, Wheat Gluten, Calcium Propionate (Preservative), Potassium Sorbate (Preservative), Wheat Starch, Enzymes Ascorbic Acid..",1,slice,59.0,0.5,0.1,,0.0,12.0,1.0,1.0,27.0,135.0,1.0,2.0,0.8,22.0,,,,,,,https://nd.api.nutrislice.com/menu/api/weeks/school/58415/menu-type/28583/2026/10/7
2026-10-08,1888384,Sliced Smoked Turkey,"Turkey Breast Meat, Water, Salt, Turbinado Sugar, Carrageenan (from seaweed), Baking Soda..",2.5,z,76.0,1.9,0.6,,32.0,1.0,0.0,1.0,0.0,456.0,0.0,13.0,0.5,0.0,,,,,,,https://nd.api.nutrislice.com/menu/api/weeks/school/58415/menu-type/28583/2026/10/7
2026-10-08,1756441,Dill Pickle,"Fresh Cucumbers, water, vinegar, salt, calcium chloride, sodium benzoate (preservative), spices, turmeric, polysorbate 80. COMMON ALLERGENS PRESENT: None..",1,slice,0.0,0.0,0.0,,0.0,0.0,0.0,0.0,0.0,49.0,0.0,0.0,0.0,0.0,,,,,,,https://nd.api.nutrislice.com/menu/api/weeks/school/58415/menu-type/28583/2026/10/7
2026-10-08,2135076,Tomatoes Sliced,Tomato (Tomato.).,1,lbs,76.0,0.0,0.0,,0.0,18.0,0.0,13.0,1077.0,25.0,5.0,5.0,1.2,45.0,,,,,,,https://nd.api.nutrislice.com/menu/api/weeks/school/58415/menu-type/28583/2026/10/7
2026-10-08,1756276,Pita Chips,"Enriched Wheat Flour [Wheat Flour, Malted Barley Niacin, Reduced Iron, Thiamine Mononitrate (B1), Riboflavin (B2), Folic Acid], Water, Soybean Oil and/or Canola Oil, Contains 2% or less of: Salt, Sugar, Dough Conditioner (Calcium Sulfate, Acacia Gum, Vegetable Mono- and Diglycerides, and Enzymes), Calcium Propionate and Potassium Sorbate (Preservatives). COMMON ALLERGENS PRESENT: Wheat..",1,oz,71.0,0.5,0.0,,0.0,13.0,0.0,0.0,1.0,56.0,0.0,2.0,3.3,46.0,,,,,,,https://nd.api.nutrislice.com/menu/api/weeks/school/58415/menu-type/28583/2026/10/7
2026-10-08,1917102,Hummus,"Dry Garbanzo Bean (Garbanzo Beans.), Tahini (Sesame Seed) Paste (Sesame Seed. Contains: Sesame Seed.), Salad Oil (Soybean Oil.), 100% Lemon Juice (Lemon Juice from Concentrate (Water, Concentrated Lemon Juice), Sodium Benzoate (Preservative) and Lemon Oil.), Coarse Kosher Salt (Salt), Water (Filtered Tap Water.), Peeled Garlic (Garlic.), Baking Soda (Sodium Bicarbonate.).",2,oz,249.0,14.0,1.7,,0.0,23.0,0.0,4.0,234.0,457.0,5.0,8.0,2.2,22.0,,,,,,,https://nd.api.nutrislice.com/menu/api/weeks/school/58415/menu-type/28583/2026/10/7
2026-10-08,1917104,Hummus Red Pepper,"Garbanzo Beans (Prepared Chick Peas, Water, Salt, Calcium Chloride (Firming Agent), Disodium EDTA (Promotes Color Retention).), Tahini (Sesame Seed) Paste (Sesame Seed. Contains: Sesame Seed.), Roasted Italian Red Pepper (Red Peppers, Water, Salt, Citric Acid, Calcium Chloride.), 100% Lemon Juice (Lemon Juice from Concentrate (Water, Concentrated Lemon Juice), Sodium Benzoate (Preservative) and Lemon Oil.), Oil Blend Canola & EVOO 75/25 (Canola Oil & Extra Virgin Olive Oil.), Coarse Kosher Salt (Salt), Peeled Garlic (Garlic.), Roasted Garlic Base Concentrate (Roasted Garlic, Water, Sauteed Vegetable Puree Mix (Carrots, Onions, Celery), Dextrose, Salt, Dried Garlic, 2% Or Less Of Canola Oil, Dried Onions, Potassium Chloride, Celery Juice Concentrate.), Tabasco Sauce (Distilled Vinegar, Red Pepper and Salt.), Ground Cayenne Pepper (Cayenne Peppers.), Mild Chili Powder (Chili Pepper, Salt, Spices, Dehydrated Garlic.).",1,z,66.0,4.8,0.6,,0.0,4.0,0.0,1.0,27.0,147.0,1.0,2.0,0.8,7.0,,,,,,,https://nd.api.nutrislice.com/menu/api/weeks/school/58415/menu-type/28583/2026/10/7
2026-10-08,2135289,Garlic Roasted Hummus,"Garbanzo Beans (Prepared Chick Peas, Water, Salt, Calcium Chloride (Firming Agent), Disodium EDTA (Promotes Color Retention).), Tahini (Sesame Seed) Paste (Sesame Seed. Contains: Sesame Seed.), 100% Lemon Juice (Lemon Juice from Concentrate (Water, Concentrated Lemon Juice), Sodium Benzoate (Preservative) and Lemon Oil.), Oil Blend Canola & EVOO 75/25 (Canola Oil & Extra Virgin Olive Oil.), Roasted Garlic Base Concentrate (Roasted Garlic, Water, Sauteed Vegetable Puree Mix (Carrots, Onions, Celery), Dextrose, Salt, Dried Garlic, 2% Or Less Of Canola Oil, Dried Onions, Potassium Chloride, Celery Juice Concentrate.), Coarse Kosher Salt (Salt), Peeled Garlic (Garlic.), Fresh Italian Parsley (Italian Parsley.), Spanish Paprika (Paprika, Silicon Dioxide (To Prevent Caking).), Ground Cayenne Pepper (Cayenne Peppers.).",1,z,83.0,6.0,0.8,,0.0,4.0,0.0,1.0,26.0,187.0,1.0,2.0,1.0,6.0,,,,,,,https://nd.api.nutrislice.com/menu/api/weeks/school/58415/menu-type/28583/2026/10/7
2026-10-08,1756339,Bacon,"Ingredients: Bacon (Cured With Water, Salt, Sugar, Sodium Erythorbate, Sodium Nitrite. May also containSmoke Flavoring, Dextrose, Sodium Phosphate, Potassium Chloride, Sodium Diacetate, Flavoring, Honey)..",1,Tbsp,61.0,4.6,2.0,,25.0,0.0,0.0,0.0,0.0,324.0,0.0,5.0,0.0,0.0,,,,,,,https://nd.api.nutrislice.com/menu/api/weeks/school/58415/menu-type/28583/2026/10/7
2026-10-08,1892281,Sliced Red Onion,Red Onions..,1,oz,10.0,0.0,0.0,,0.0,3.0,0.0,1.0,39.0,0.0,0.0,0.0,0.0,7.0,,,,,,,https://nd.api.nutrislice.com/menu/api/weeks/school/58415/menu-type/28583/2026/10/7
2026-10-08,1892281,Sliced Red Onion,Red Onions..,1,z slice,10.0,0.0,0.0,,0.0,3.0,0.0,1.0,39.0,0.0,0.0,0.0,0.0,7.0,,,,,,,https://nd.api.nutrislice.com/menu/api/weeks/school/58415/menu-type/28583/2026/10/7
2026-10-08,1756413,Mild Cheddar,"Pasteurized milk, cheese culture, salt, enzyme, color added. COMMON ALLERGENS PRESENT: Milk..",1,slice,81.0,7.0,4.1,,20.0,0.0,0.0,0.0,20.0,137.0,0.0,5.0,0.0,152.0,,,,,,,https://nd.api.nutrislice.com/menu/api/weeks/school/58415/menu-type/28583/2026/10/7
2026-10-08,1756418,Provolone Cheese Slice,"Pasteurized Milk, Cheese Culture, Salt, Enzymes. Common Allergens Present: Milk..",1,slice,71.0,6.0,3.5,,15.0,0.0,0.0,0.0,30.0,192.0,0.0,5.0,0.1,162.0,,,,,,,https://nd.api.nutrislice.com/menu/api/weeks/school/58415/menu-type/28583/2026/10/7
2026-10-08,1756425,Smoked Sliced Ham,"Pork, Water, Natural Salt Blend (Potassium Chloride, Sea Salt), Turbinado Sugar, Salt, Cultured Celery Powder, Cherry Powder..",1,oz,30.0,0.8,0.3,,15.0,1.0,0.0,1.0,0.0,177.0,0.0,5.0,0.2,0.0,,,,,,,https://nd.api.nutrislice.com/menu/api/weeks/school/58415/menu-type/28583/2026/10/7
2026-10-08,2042095,Genoa Salami Slices,"Pork, Beef, Salt, Dextrose, Lactic Acid Starter Culture, Spices, Sodium Ascorbate,Sodium Nitrite, Garlic Powder, BHA, BHT, Citric Acid..",2,z,223.0,20.0,7.0,,46.0,2.0,2.0,2.0,172.0,850.0,0.0,10.0,0.8,20.0,,,,,,,https://nd.api.nutrislice.com/menu/api/weeks/school/58415/menu-type/28583/2026/10/7
2026-10-08,1756401,Tuna Salad,"Tuna (Light tuna, water, vegetable broth, salt), Lemon (Fresh Lemons.), Mayonnaise Premium Kens (Soybean Oil, Water, Egg, Distilled Vinegar, Egg Yolk, Contains Less Than 2% Of Salt, Sugar, Lemon Juice Concentrate, Calcium Disodium EDTA (To Protect Flavor), Paprika Extract (Color), Natural Flavor. Contains: Egg), Celery (Celery.), Coarse Kosher Salt (Salt), Ground Black Pepper (Ground Black Pepper.).",1,z,49.0,3.9,0.5,,10.0,0.0,0.0,0.0,60.0,116.0,0.0,4.0,0.2,2.0,,,,,,,https://nd.api.nutrislice.com/menu/api/weeks/school/58415/menu-type/28583/2026/10/7
2026-10-08,1949357,Green Leaf Lettuce,Leaf Lettuce (Green Leaf Lettuce.).,1,leaf,3.0,0.0,0.0,,0.0,1.0,0.0,0.0,41.0,6.0,1.0,1.0,0.2,8.0,,,,,,,https://nd.api.nutrislice.com/menu/api/weeks/school/58415/menu-type/28583/2026/10/7
2026-10-08,2349932,Shaved Ribeye,Beef..,1,lbs,745.0,32.0,8.0,,194.0,0.0,0.0,0.0,1174.0,292.0,0.0,97.0,10.2,0.0,,,,,,,https://nd.api.nutrislice.com/menu/api/weeks/school/58415/menu-type/28583/2026/10/7
2026-10-08,2349933,Charred-Aromatic Pho Broth,"Water (Filtered Tap Water.), Ginger Root (Fresh Ginger Root), Beef Pho Liquid Concentrated Broth Base (Beef Stock, Maltodextrin, Sugar, Salt, Natural Flavor, Yeast Extract, and Xanthan Gum.), Peeled Garlic (Garlic.), Batavia Cinnamon Stick (Cinnamon.), Star Anise (Star Anise), Whole Clove (Clove.).",1,gallons,108.0,0.0,0.0,,0.0,22.0,0.0,2.0,220.0,805.0,5.0,2.0,1.8,159.0,,,,,,,https://nd.api.nutrislice.com/menu/api/weeks/school/58415/menu-type/28583/2026/10/7
2026-10-08,2016300,Cilantro,Cilantro (Fresh Cilantro.).,1,oz,0.0,0.0,0.0,,0.0,0.0,0.0,0.0,142.0,0.0,0.0,0.0,0.0,21.0,,,,,,,https://nd.api.nutrislice.com/menu/api/weeks/school/58415/menu-type/28583/2026/10/7
2026-10-08,2349935,Fresh Mint,Fresh Mint Leaf (Mint.).,1,oz,0.0,0.0,0.0,,0.0,0.0,0.0,0.0,94.0,0.0,0.0,0.0,0.0,38.0,,,,,,,https://nd.api.nutrislice.com/menu/api/weeks/school/58415/menu-type/28583/2026/10/7
2026-10-08,1889798,Shiitake Mushroom,Fresh Shiitake Mushrooms..,1,lbs,252.0,0.0,0.0,,0.0,63.0,0.0,19.0,536.0,0.0,6.0,6.0,2.1,14.0,,,,,,,https://nd.api.nutrislice.com/menu/api/weeks/school/58415/menu-type/28583/2026/10/7
2026-10-08,2349934,Banh Pho Rice Noodles,"Rice, Potato Starch, Water, Soybean Oil, Sodium Benzoate As Preservative..",1,lbs,1134.0,7.0,0.0,,0.0,240.0,0.0,0.0,27.0,159.0,9.0,27.0,0.0,0.0,,,,,,,https://nd.api.nutrislice.com/menu/api/weeks/school/58415/menu-type/28583/2026/10/7
2026-10-08,2349936,Serrano Chili Peppers,Serrano Peppers..,1,pepper,3.0,0.0,0.0,,0.0,1.0,0.0,0.0,30.0,1.0,0.0,0.0,0.1,1.0,,,,,,,https://nd.api.nutrislice.com/menu/api/weeks/school/58415/menu-type/28583/2026/10/7
2026-10-08,1909453,Sweet Chili Sauce,"Sugar, Water, Pickled Red Chili, Distilled Vinegar, Garlic, Salt, Xanthan Gum as a stabilizer..",1,oz,76.0,0.0,0.0,,0.0,19.0,0.0,18.0,0.0,501.0,0.0,0.0,0.0,0.0,,,,,,,https://nd.api.nutrislice.com/menu/api/weeks/school/58415/menu-type/28583/2026/10/7
2026-10-08,1889801,Hoisin Sauce,"Sugar, Water, Fermentred Soybean (Water, Soybean, Salt, Wheat Flour), Salt, Modified Tapioca Starch, Garlic, Sesame Paste, Lemon, Cane Vinegar, Spices (Star Anise, Cinnamon, Fennel, Szechuan Pepper, Clove), Caramel Color, Chili (Chili, Water, Salt), Xanthan Gum, Citric Acid. COMMON ALLERGENS PRESENT: Soy, Wheat..",1,fl oz,71.0,0.0,0.0,,0.0,19.0,13.0,13.0,0.0,598.0,0.0,0.0,0.0,0.0,,,,,,,https://nd.api.nutrislice.com/menu/api/weeks/school/58415/menu-type/28583/2026/10/7
2026-10-08,2084256,Green Onion,Green Onion (Fresh Green Onions.).,1,lbs,252.0,0.0,0.0,,0.0,50.0,0.0,25.0,0.0,252.0,25.0,0.0,0.0,0.0,,,,,,,https://nd.api.nutrislice.com/menu/api/weeks/school/58415/menu-type/28583/2026/10/7
2026-10-08,1889803,Shrimp,"Shrimp, Salt, Sodium Tripolyphosphate (to retain moisture). COMMON ALLERGENS PRESENT: Shrimp.",1,oz,18.0,0.1,0.0,,34.0,0.0,0.0,0.0,36.0,213.0,0.0,4.0,0.0,17.0,,,,,,,https://nd.api.nutrislice.com/menu/api/weeks/school/58415/menu-type/28583/2026/10/7
2026-10-08,2015588,Lime Wedges,Lime (Limes.).,1,wedge,2.0,0.0,0.0,,0.0,1.0,0.0,0.0,6.0,0.0,0.0,0.0,0.0,2.0,,,,,,,https://nd.api.nutrislice.com/menu/api/weeks/school/58415/menu-type/28583/2026/10/7
2026-10-08,2266050,Basil,Basil (Basil.).,1,lbs,0.0,0.0,0.0,,0.0,0.0,0.0,0.0,907.0,0.0,0.0,0.0,0.0,0.0,,,,,,,https://nd.api.nutrislice.com/menu/api/weeks/school/58415/menu-type/28583/2026/10/7
2026-10-08,1756394,Bean Sprouts,Fresh Bean Sprouts..,1,oz,9.0,0.1,0.0,,0.0,2.0,0.0,1.0,42.0,2.0,1.0,1.0,0.3,4.0,,,,,,,https://nd.api.nutrislice.com/menu/api/weeks/school/58415/menu-type/28583/2026/10/7
2026-10-08,1756408,Sriracha,"Chili, Sugar, Garlic, Salt, Water, Acetic Acid, Lactic Acid, Xanthan Gum, Citric Acid, Potassium Sorbate, Ascorbic Acid..",1,oz,0.0,0.0,0.0,,21.0,0.0,0.0,0.0,0.0,0.0,0.0,0.0,0.0,0.0,,,,,,,https://nd.api.nutrislice.com/menu/api/weeks/school/58415/menu-type/28583/2026/10/7
2026-10-08,2322212,Shamrock Sub Sandwich,"French Baguette (Enriched Flour (Wheat Flour, Malted Barley Flour, Niacin, Reduced Iron, Thiamin Mononitrate, Riboflavin, Folic Acid), Water, Contains Less Than 2% Of Yeast, Salt, Soybean Oil, Dextrose, Calcium Sulfate, Ascorbic Acid, Calcium Peroxide, Azodicarbonamide, Mono- And Diglycerides, Wheat Gluten, Enzymes, Calcium Propionate (Preservative), Soy Lecithin, Yellow Cornmeal. Contains Soy, Wheat.), Sliced City Ham (Pork Leg, Water, Salt, Cane Sugar, Celery Powder, Cherry Powder, Spices (Black Pepper, Allspice, Clove, Juniper Berries), Garlic, Bay Leaf.), Prosciutto Ham (Cured with Salt, Sugar, Spices, Sodium Nitrate, Sodium Nitrite, Flavoring.), Pepperoni (Pork, Beef, Salt, Dextrose, Spices, Lactic Acid Starter Culture, Oleoresin of Paprika, Dehydrated Garlic, Sodium Nitrite, BHA, BHT, Citric Acid.), Genoa Salami Slices (Pork, Beef, Salt, Dextrose, Lactic Acid Starter Culture, Spices, Sodium Ascorbate,Sodium Nitrite, Garlic Powder, BHA, BHT, Citric Acid.), Oil-Browned Pan-Roasted Turkey Breasts (Turkey Breast, Turkey Broth And 2% Or Less Of: Sea Salt, Dextrose, Yeast Extract, Natural Flavors. Browned in Vegetable Oil.), 10"" Wheat Baguettes (Enriched Wheat Flour (Malted Barley Flour, Niacin, Reduced Iron, Thiamine Mononitrate, Riboflavin, Folic Acid), Whole Wheat Flour, Yeast, Poolish (Flour, Water, Yeast), Barley, Malt Syrup, Rye Flour, Starter Culture (Lactobacillus), Water, Salt, Ascorbic Acid, Sorbitan Monostearate (Processing Aid), Enzymes. Contains: Wheat, Rye Product.), Mayonnaise Premium Kens (Soybean Oil, Water, Egg, Distilled Vinegar, Egg Yolk, Contains Less Than 2% Of Salt, Sugar, Lemon Juice Concentrate, Calcium Disodium EDTA (To Protect Flavor), Paprika Extract (Color), Natural Flavor. Contains: Egg), Sliced Tomato (Tomato.), Honey Mustard Dressing (Soybean Oil, High Fructose Corn Syrup, Spicy Brown Mustard (Distilled Vinegar, Water, Mustard Seed, Salt, Turmeric, Spices), Honey, Distilled Vinegar, Egg Yolk, Contains Less Than 2% Of Salt, Water, Propylene Glycol Alginate, Mustard Flour, Calcium Disodium Edta (To Protect Flavor). Contains Egg.), Fat Free Italian Dressing (Water, Distilled Vinegar, Sugar, Salt, Maltodextrin, Contains Less Than 2% Of Cellulose Gel And Gum, Onion*, Xanthan Gum, Potassium Sorbate And Sodium Benzoate (Preservatives), Garlic*, Carrageenan, Citric Acid, Red Bell Pepper*, Spice, Autolyzed Yeast Extract, Natural Flavor, Yeast Extract, Beta Carotene (Color). *Dried), Chicago-Style Hot Giardiniera (Soybean Oil, Hot Peppers, Carrots, Cauliflower, Celery, Gherkins, Spices, Vinegar, Sodium Benzoate, Sodium Bisulfite.), Shredded Iceberg Lettuce (Iceberg Lettuce.), Mild Cheddar (Pasteurized milk, cheese culture, salt, enzyme, color added. COMMON ALLERGENS PRESENT: Milk.), Provolone Cheese Slice (Pasteurized Milk, Cheese Culture, Salt, Enzymes. Common Allergens Present: Milk.), Swiss Cheese Slice (Swiss Cheese (Cultured Pasteurized Milk, Salt, Enzymes). Common Allergens Present: Milk.), Jalapeno Monterey Jack (Pasteurized milk, Jalapeno Peppers, cheese culture, salt and enzymes. COMMON ALLERGENS PRESENT: Milk.), Dill Pickle Chips, Sliced Red Onion (Red Onions.), 1% Low Fat Buttermilk 0.5gal (Cultured Lowfat Milk, Stabilizer (Mono And Diglycerides, Carob Bean Gum, Carrageenan, Calcium Sulfate, Modified Corn and Tapioca Starches), Salt, Vitamin A Palmitate, Vitamin D3. Contains: Milk.), Sour Cream (Milk, Cream, Whey, Modified Cornstarch, Sodium Phosphate, Guar Gum, Carrageenan, Calcium Sulfate, Carob Bean Gum, Nonfat Dry Milk. Contains: Milk), Roasted Garlic Base Concentrate (Roasted Garlic, Water, Sauteed Vegetable Puree Mix (Carrots, Onions, Celery), Dextrose, Salt, Dried Garlic, 2% Or Less Of Canola Oil, Dried Onions, Potassium Chloride, Celery Juice Concentrate.), Onion Granulated Spice (Dried Onion.), Dill (Fresh Dill.), Granulated Garlic (Dried Garlic.), Coarse Kosher Salt (Salt).",1,sub,3444.0,210.0,59.0,,2443.0,245.0,21.0,33.0,1702.0,10023.0,10.0,156.0,23.9,1116.0,,,,,,,https://nd.api.nutrislice.com/menu/api/weeks/school/58415/menu-type/28583/2026/10/7
2026-10-08,1758036,Clubhouse Potato Chips,"Skin On Potato Chip Cut (Potatoes, Vegetable Oil (Contains One Or More Of The Following Oils: Canola, Soybean, Cottonseed, Sunflower, Corn). Contains 2% or less of Dextrose, Salt, Sodium Acid Pyrophosphate Added To Maintain Natural Color.), Canola Oil (Canola Oil, TBHQ and Citric Acid Added To Protect Flavor, Dimethylpolysiloxanes, An Anti-Foaming Agent Added.), Coarse Kosher Salt (Salt), Whole Black Peppercorns (Black Peppercorns.).",2,z,125.0,10.0,1.0,,0.0,10.0,0.0,1.0,147.0,549.0,1.0,1.0,0.1,6.0,,,,,,,https://nd.api.nutrislice.com/menu/api/weeks/school/58415/menu-type/28583/2026/10/7
2026-10-08,1762488,Coleslaw,"Cabbage, Sugar, Soybean Oil, Water, Contains Less Than 2% of Carrots, White Distilled Vinegar, Eggs, Salt, Egg Yolks (Egg Yolks, Salt), Erythorbic Acid (to Retain Color), Potassium Sorbate (to Retard Spoilage), Citric Acid, Sodium Benzoate (Preservative), Xanthan Gum, Lemon Juice Concentrate, Spices, Mayonnaise Spice Blend Flavor (Medium Chain Triglycerides, Natural and Artificial Flavors)..",1,oz,45.0,2.8,0.4,,3.0,5.0,4.0,4.0,50.0,95.0,1.0,0.0,0.1,8.0,,,,,,,https://nd.api.nutrislice.com/menu/api/weeks/school/58415/menu-type/28583/2026/10/7
2026-10-08,1769209,Vegetarian Macaroni Pasta Salad,"Cooked Enriched Macaroni Product (Semolina [Wheat], Enriched With Niacin, Iron [Ferrous Sulfate], Thiamin Mononitrate, Riboflavin, Folic Acid), Eggs, Fructose, Soybean Oil, Water, High Fructose Corn Syrup, Onions, Celery, Contains Less Than 2% Of White Distilled Vinegar, Apple Cider Vinegar, Mustard (Distilled Vinegar, Mustard Seed, Salt, Turmeric, Spices), Red Bell Peppers (Red Bell Peppers, Water, Citric Acid), Carrots, Egg Yolks (Egg Yolks, Salt), Salt, Modified Corn Starch, Sugar, Potassium Sorbate (To Retard Spoilage), Dextrose, Spices, Xanthan Gum, Guar Gum, Color (Water, Coloring [Yellow 5, Yellow 6, Red 40], Sodium Benzoate [Preservative], Citric Acid), Propylene Glycol Alginate, Onion Powder, Paprika (Color). Contains: Egg, Wheat..",0.75,cups,240.0,11.0,2.0,,75.0,30.0,13.0,14.0,150.0,550.0,1.0,5.0,1.1,20.0,,,,,,,https://nd.api.nutrislice.com/menu/api/weeks/school/58415/menu-type/28583/2026/10/7
2026-10-08,1756499,Potato Salad,"Potatoes, Soybean Oil, Water, Sour Cream (Cultured Milk And Cream), Green Onions, Egg Yolks (Egg Yolks, Salt), Contains Less Than 2% Of High Fructose Corn Syrup, Fully Cooked Bacon Bits With Smoke Flavor Added (Bacon Bits [Cured With Water, Salt, Sugar, Sodium Phosphates, Sodium Erythorbate, Sodium Nitrite], Smoke Flavor. May Contain Dextrose, Potassium Chloride), White Distilled Vinegar, Salt, Mustard (Water, Distilled Vinegar, Mustard Seed, Salt, Spices), Glucono Delta Lactone, Potassium Sorbate (To Retard Spoilage), Sugar, Spices. Common Allergens Present: Egg, Milk..",4,oz,269.0,22.0,4.2,,25.0,15.0,2.0,3.0,328.0,554.0,1.0,3.0,0.5,17.0,,,,,,,https://nd.api.nutrislice.com/menu/api/weeks/school/58415/menu-type/28583/2026/10/7
2026-10-08,1756374,Shredded Pepper Jack,"Cultured Pasteurized Milk, Jalapeno Peppers, Salt, Enzymes, And Anti cake..",1,oz,110.0,9.0,5.0,,30.0,1.0,0.0,0.0,0.0,170.0,0.0,7.0,0.3,181.0,,,,,,,https://nd.api.nutrislice.com/menu/api/weeks/school/58415/menu-type/28583/2026/10/7
2026-10-08,1756376,Tri-Color Tortilla Strips,"Corn Masa Flour, Vegetable Oil (Sunflower, Safflower And/Or Canola Oil), Salt, Red 40, Blue 1, Blue 2..",1,oz,142.0,8.0,0.0,,0.0,16.0,0.0,0.0,24.0,61.0,0.0,0.0,0.0,20.0,,,,,,,https://nd.api.nutrislice.com/menu/api/weeks/school/58415/menu-type/28583/2026/10/7
2026-10-08,1800757,Double Grilled Chicken Breast Chunks,"Boneless Skinless Chicken Breast Chunks With Rib Meat, Water, Contains 2% Or Less Of The Following: Citric Acid, Dehydrated Parsley, Dehydrated Red Bell Pepper, Dextrose, Garlic Powder, Grill Flavor (From Sunflower Oil), Lemon Juice Solids, Maltodextrin, Modified Food Starch, Natural Flavors, Onion Powder, Salt, Sodium Phosphates, Spices, Sugar, Vinegar Solids, Xanthan Gum, Yeast Extract..",3,z,120.0,3.5,1.0,,55.0,3.0,0.0,1.0,330.0,590.0,0.0,18.0,0.6,10.0,,,,,,,https://nd.api.nutrislice.com/menu/api/weeks/school/58415/menu-type/28583/2026/10/7
2026-10-08,2015585,Homestyle Breaded Chicken Breast Fritter,"Boneless, skinless, chicken breast filets with rib meat CONTAINING: Up to 18% of a solution of water, seasoning [salt, flavors, maltodextrin, sugar, vegetable stock (carrot, onion, celery), garlic powder], modified food starch, sodium phosphates. BREADED WITH: Wheat flour, water, salt, wheat gluten, leavening (sodium bicarbonate, sodium aluminum phosphate, monocalcium phosphate, sodium acid pyrophosphate), spices, garlic powder, onion powder, disodium inosinate and disodium guanylate, natural flavor. Breading set in vegetable oil. COMMON ALLERGENS PRESENT: WHEAT..",1,patty,468.0,26.0,4.3,,57.0,30.0,0.0,0.0,326.0,1148.0,1.0,27.0,1.3,28.0,,,,,,,https://nd.api.nutrislice.com/menu/api/weeks/school/58415/menu-type/28583/2026/10/7
2026-10-08,1756175,"Roasted Corn, Black Beans & Peppers","Flame Roasted Corn & Peppers (Sweet Corn, Cooked Black Beans, Tomato, Onion, Green Bell Pepper, Red Bell Pepper, Contains Less Than 2% Of Brown Sugar, Citric Acid, Dehydrated Vegetables (Onion, Bell Pepper, Garlic), Lime Juice Powder (Lime Juice Concentrate, Modified Food Starch, Maltodextrin, Citric Acid), Natural Flavor (Including Grill And Smoke), Olive Oil, Salt, Spices, Sugar, Yeast Extract.), Salad Oil (Soybean Oil.).",4,z,123.0,3.6,0.7,,0.0,19.0,0.0,6.0,292.0,163.0,5.0,5.0,1.2,0.0,,,,,,,https://nd.api.nutrislice.com/menu/api/weeks/school/58415/menu-type/28583/2026/10/7
2026-10-08,2015588,Lime Wedges,Lime (Limes.).,1,wedge,2.0,0.0,0.0,,0.0,1.0,0.0,0.0,6.0,0.0,0.0,0.0,0.0,2.0,,,,,,,https://nd.api.nutrislice.com/menu/api/weeks/school/58415/menu-type/28583/2026/10/7
2026-10-08,1756120,Black Beans,"Low Sodium Black Bean (Prepared Black Beans, Water, Salt, Calcium Chloride (Firming Agent).).",1,oz,24.0,0.0,0.0,,0.0,4.0,0.0,0.0,105.0,28.0,1.0,2.0,0.4,17.0,,,,,,,https://nd.api.nutrislice.com/menu/api/weeks/school/58415/menu-type/28583/2026/10/7
2026-10-08,1756347,Tomato,Tomato..,1,oz,5.0,0.0,0.0,,0.0,1.0,0.0,1.0,67.0,2.0,0.0,0.0,0.1,3.0,,,,,,,https://nd.api.nutrislice.com/menu/api/weeks/school/58415/menu-type/28583/2026/10/7
2026-10-08,1756135,Spring Mix,"50% Baby Green Leaf, 30% Baby Red Leaf & 20% Baby Arugula..",1,oz,5.0,0.1,0.0,,0.0,1.0,0.0,0.0,82.0,8.0,1.0,0.0,0.3,14.0,,,,,,,https://nd.api.nutrislice.com/menu/api/weeks/school/58415/menu-type/28583/2026/10/7
2026-10-08,1756383,Chipotle Ranch,"Soybean Oil, Water, Cultured Lowfat Buttermilk, Distilled Vinegar, Chipotle In Adobo Sauce (Chipotle Pepper [Water, Dried Chipotle Pepper], Tomato Paste, Distilled Vinegar, Soybean Oil, Sugar, Salt, Spices, Onion*, Garlic*, Sodium Benzoate [A Preservative] Caramel Color), Sugar, Contains Less Than 2% Of Egg Yolks, Salt, Xanthan Gum, Spices, Onion*, Garlic*, Parsley*, Buttermilk, Polysorbate 60, Lactic Acid, Sodium Benzoate (A Preservative), Calcium Disodium Edta Added To Protect Flavor. *Dehydrated.. Common Allergens Present: Egg, Milk..",1,oz,152.0,16.0,2.5,,5.0,1.0,0.0,1.0,0.0,202.0,0.0,0.0,0.0,0.0,,,,,,,https://nd.api.nutrislice.com/menu/api/weeks/school/58415/menu-type/28583/2026/10/7
2026-10-08,1756500,Tuna,"Light tuna, water, vegetable broth, salt.",0.25,cups,34.0,0.2,0.0,,17.0,0.0,0.0,0.0,103.0,146.0,0.0,8.0,0.3,0.0,,,,,,,https://nd.api.nutrislice.com/menu/api/weeks/school/58415/menu-type/28583/2026/10/7
2026-10-08,1756341,Quinoa & Lentil Salad,"Cooked Quinoa (Water, Quinoa), Lentils (Water, Lentils), Water, Cooked Split Peas, Expeller Pressed Canola Oil, Lemon Juice, Spices, Sugar, Contains Less Than 2% Of Extra Virgin Olive Oil With Lemon Oil, Salt..",3,z,196.0,9.0,0.9,,0.0,21.0,3.0,3.0,247.0,680.0,4.0,6.0,2.1,17.0,,,,,,,https://nd.api.nutrislice.com/menu/api/weeks/school/58415/menu-type/28583/2026/10/7
2026-10-08,2191948,Sweetened Applesauce,"Apples, High Fructose Corn Syrup, Corn Syrup and Water. Ascorbic Acid to maintain color..",1,#10 can,2187.0,0.0,0.0,,0.0,535.0,0.0,437.0,0.0,243.0,49.0,0.0,0.0,0.0,,,,,,,https://nd.api.nutrislice.com/menu/api/weeks/school/58415/menu-type/28583/2026/10/7
2026-10-08,1756284,Avocado,Avocado..,1,oz,47.0,4.4,0.5,,0.0,2.0,0.0,0.0,143.0,3.0,2.0,0.0,0.2,3.5,,,,,,,https://nd.api.nutrislice.com/menu/api/weeks/school/58415/menu-type/28583/2026/10/7
2026-10-08,1756284,Avocado,Avocado..,2,z,94.0,9.0,1.0,,0.0,5.0,0.0,0.0,286.0,5.0,4.0,1.0,0.5,7.0,,,,,,,https://nd.api.nutrislice.com/menu/api/weeks/school/58415/menu-type/28583/2026/10/7
2026-10-08,1758049,Garbanzo Beans,"Prepared Chick Peas, Water, Salt, Calcium Chloride (Firming Agent), Disodium EDTA (Promotes Color Retention)..",1,oz,28.0,0.4,0.0,,0.0,5.0,0.0,1.0,52.0,31.0,1.0,2.0,0.3,7.0,,,,,,,https://nd.api.nutrislice.com/menu/api/weeks/school/58415/menu-type/28583/2026/10/7
2026-10-08,1920550,Broccoli Florets,Fresh Broccoli..,4,z,36.0,0.4,0.0,,0.0,8.0,0.0,1.0,332.0,47.0,4.0,3.0,0.8,45.0,,,,,,,https://nd.api.nutrislice.com/menu/api/weeks/school/58415/menu-type/28583/2026/10/7
2026-10-08,1756464,Shredded Carrot,Carrots..,1,Tbsp,2.0,0.0,0.0,,0.0,1.0,0.0,0.0,17.0,4.0,0.0,0.0,0.0,2.0,,,,,,,https://nd.api.nutrislice.com/menu/api/weeks/school/58415/menu-type/28583/2026/10/7
2026-10-08,1756255,Baby Carrots,Carrots..,3,carrot,9.0,0.0,0.0,,0.0,2.0,0.0,1.0,67.0,16.0,1.0,0.0,0.1,9.0,,,,,,,https://nd.api.nutrislice.com/menu/api/weeks/school/58415/menu-type/28583/2026/10/7
2026-10-08,1756268,Celery Sticks,celery.,1,oz,4.0,0.1,0.0,,0.0,1.0,0.0,0.0,74.0,23.0,1.0,0.0,0.1,11.0,,,,,,,https://nd.api.nutrislice.com/menu/api/weeks/school/58415/menu-type/28583/2026/10/7
2026-10-08,1756363,Mild Cheddar,"Cheddar Cheese (Cultured Pasteurized Milk, Salt, Enzymes, Color Added, Anti-cake (Potato Starch, Powdered Cellulose). Common Allergens Present: Milk..",1,oz,111.0,9.0,5.0,,30.0,1.0,0.0,0.0,20.0,192.0,0.0,6.0,0.0,204.0,,,,,,,https://nd.api.nutrislice.com/menu/api/weeks/school/58415/menu-type/28583/2026/10/7
2026-10-08,1756321,Cottage Cheese,"Skim Milk, Milk, Cream, Lactose, Salt, Stabilizer (Guar Gum, Mono and Diglycerides, Xanthan Gum, Carrageenan, Carob Bean Gum), Citric Acid, Carbon Dioxide and Potassium Sorbate (Maintain Freshness) and Cheese Cultures..",0.5,cups,105.0,4.9,3.2,,24.0,5.0,1.0,4.0,0.0,486.0,0.0,11.0,0.3,65.0,,,,,,,https://nd.api.nutrislice.com/menu/api/weeks/school/58415/menu-type/28583/2026/10/7
2026-10-08,1758025,Feta Cheese,"Feta Cheese (Pasteurized Part-Skim Milk, Salt, Cheese Culture, Enzymes), Powdered Cellulose (To Prevent Caking), Natamycin (Natural Mold Inhibitor). COMMON ALLERGENS PRESENT: Milk..",1,oz,71.0,6.0,3.5,,25.0,1.0,0.0,0.0,17.0,324.0,0.0,4.0,0.0,140.0,,,,,,,https://nd.api.nutrislice.com/menu/api/weeks/school/58415/menu-type/28583/2026/10/7
2026-10-08,1755996,Plant Based Mozzarella,"Filtered Water, Coconut Oil, Food Starch-Modified (Potato & Corn), Corn Starch, Salt (Sea Salt), Mozzarella Flavor (Vegan Sources), Olive Extract, Beta Carotene (Color), Vitamin B12, Powdered Cellulose Added to Prevent Caking..",1,oz,90.0,7.0,7.0,,0.0,6.0,0.0,0.0,0.0,510.0,0.0,0.0,0.0,0.0,,,,,,,https://nd.api.nutrislice.com/menu/api/weeks/school/58415/menu-type/28583/2026/10/7
2026-10-08,1756114,Croutons,"Enriched Flour (Wheat Flour, Malted Barley Flour, Niacin, Reduced Iron, Thiamin Mononitrate, Riboflavin, Folic Acid), Canola And/Or Sunflower Oil (With Rosemary Extract And Ascorbic Acid [To Preserve Freshness]), Whey, Yeast, Sugar, 2% Or Less Of Salt, Corn Syrup Solids, Onion Powder, Dehydrated Parsley, Garlic Powder, Autolyzed Yeast Extract, Enzymes. Common Allergens Present: Wheat, Milk. May Contain: Tree Nuts..",1,oz,121.0,4.1,0.0,,0.0,20.0,0.0,0.0,53.0,304.0,0.0,4.0,0.0,16.0,,,,,,,https://nd.api.nutrislice.com/menu/api/weeks/school/58415/menu-type/28583/2026/10/7
2026-10-08,1756322,Mushroom,Fresh White Mushrooms..,1,Tbsp,2.0,0.0,0.0,,0.0,0.0,0.0,0.0,37.0,1.0,0.0,0.0,0.0,0.5,,,,,,,https://nd.api.nutrislice.com/menu/api/weeks/school/58415/menu-type/28583/2026/10/7
2026-10-08,1795968,Tri Color Peppers,"Large Green Bell Peppers (Green Bell Peppers.), Red Bell Peppers (Red Bell Pepper.), Fresh Yellow Peppers (Yellow Bell Pepper.).",1,serving,11.0,0.0,0.0,,0.0,2.0,0.0,1.0,87.0,0.0,1.0,0.0,0.2,4.0,,,,,,,https://nd.api.nutrislice.com/menu/api/weeks/school/58415/menu-type/28583/2026/10/7
2026-10-08,1756486,Iceberg Lettuce,Fresh Iceberg Salad Mix..,1,cups,6.0,0.0,0.0,,0.0,2.0,0.0,1.0,0.0,0.0,0.0,0.0,0.1,8.0,,,,,,,https://nd.api.nutrislice.com/menu/api/weeks/school/58415/menu-type/28583/2026/10/7
2026-10-08,1756299,Spinach,Spinach..,1,oz,5.0,0.0,0.0,,0.0,1.0,0.0,0.0,150.0,23.0,1.0,1.0,0.9,26.3,,,,,,,https://nd.api.nutrislice.com/menu/api/weeks/school/58415/menu-type/28583/2026/10/7
2026-10-08,2076893,Chopped Hard Cooked Eggs,Large Fresh Egg (Shelled Eggs. COMMON ALLERGENS PRESENT: Eggs.).,0.5,z,20.0,1.6,0.4,,53.0,0.0,0.0,0.0,20.0,20.0,0.0,2.0,0.3,9.0,,,,,,,https://nd.api.nutrislice.com/menu/api/weeks/school/58415/menu-type/28583/2026/10/7
2026-10-08,2135288,Light Red Kidney Bean,"Light Red Kidney Beans, Water, Sugar, Salt, Calcium Chloride..",1,oz,26.0,0.0,0.0,,0.0,5.0,0.0,0.0,110.0,31.0,2.0,2.0,0.7,12.0,,,,,,,https://nd.api.nutrislice.com/menu/api/weeks/school/58415/menu-type/28583/2026/10/7
2026-10-08,1756496,Red Grape Tomato,Red Grape Tomatoes..,1,oz,8.0,0.2,0.0,,0.0,2.0,0.0,0.0,74.0,2.0,1.0,0.0,0.1,3.0,,,,,,,https://nd.api.nutrislice.com/menu/api/weeks/school/58415/menu-type/28583/2026/10/7
2026-10-08,1778846,Dried Sweetened Cranberry,"Cranberries, Sugar. Refined Sunflower Oil is used as a processing aid..",1,oz,92.0,0.0,0.0,,0.0,23.0,18.0,21.0,0.0,0.0,2.0,0.0,0.0,0.0,,,,,,,https://nd.api.nutrislice.com/menu/api/weeks/school/58415/menu-type/28583/2026/10/7
2026-10-08,1755964,Captain Crunch Wildberries,"CORN FLOUR, SUGAR, OAT FLOUR, BROWN SUGAR, PALM AND/OR COCONUT OIL, SALT, SODIUM CITRATE, NATURAL AND ARTIFICIAL FLAVOR, STRAWBERRY JUICE CONCENTRATE, RED 40, REDUCED IRON, YELLOW 5, NIACINAMIDE*, MALIC ACID,ZINC OXIDE, BLUE 1, YELLOW 6, THIAMINE MONONITRATE*, RIBOFLAVIN*, BHT (A PRESERVATIVE), PYRIDOXINE HYDROCHLORIDE*, FOLIC ACID*. *ONE OF THE B VITAMINS. COMMON ALLERGENS PRESENT: None..",1,cups,177.0,2.7,0.9,,0.0,39.0,0.0,19.0,88.0,336.0,2.0,2.0,8.0,0.0,,,,,,,https://nd.api.nutrislice.com/menu/api/weeks/school/58415/menu-type/28583/2026/10/7
2026-10-08,1755968,Cheerios,"Whole Grain Oats, Corn Starch, Sugar, Salt, Tripotassium Phosphate. Vitamin E (Mixed Tocopherols) Added To Preserve Freshness. Vitamins And Minerals: Calcium Carbonate, Iron And Zinc (Mineral Nutrients), Vitamin C (Sodium Ascorbate), A B Vitamin (Niacinamide), Vitamin B6 (Pyridoxine Hydrochloride), Vitamin A (Palmitate), Vitamin B1 (Thiamin Mononitrate), A B Vitamin (Folic Acid), Vitamin B12, Vitamin D3..",1,cups,110.0,2.1,0.3,,0.0,22.0,1.0,2.0,196.0,149.0,3.0,4.0,9.6,100.0,,,,,,,https://nd.api.nutrislice.com/menu/api/weeks/school/58415/menu-type/28583/2026/10/7
2026-10-08,1755969,Honey Cheerios,"Whole Grain Oats, Sugar, Corn Starch, Honey, Brown Sugar Syrup, Salt, Tripotassium Phosphate, Canola And/Or Sunflower Oil, Natural Flavor. Vitamin E (Mixed Tocopherols) Added To Preserve Freshness. Vitamins And Minerals: Calcium Carbonate, Vitamin C (Sodium Ascorbate), Iron And Zinc (Mineral Nutrients), A B Vitamin (Niacinamide), Vitamin B6 (Pyridoxine Hydrochloride), Vitamin B1 (Thiamin Mononitrate), Vitamin A (Palmitate), Vitamin B2 (Riboflavin), A B Vitamin (Folic Acid), Vitamin B12, Vitamin D3..",0.25,cups,160.0,2.5,0.4,,0.0,33.0,9.0,9.0,196.0,253.0,4.0,4.0,4.2,150.0,,,,,,,https://nd.api.nutrislice.com/menu/api/weeks/school/58415/menu-type/28583/2026/10/7
2026-10-08,1755970,Rice Chex,"Whole Grain Rice, Rice, Sugar, Salt, Molasses. Vitamin E (Mixed Tocopherols) Added To Preserve Freshness. Vitamins And Minerals: Tricalcium Phosphate, Iron And Zinc (Mineral Nutrients), Vitamin C (Sodium Ascorbate), A B Vitamin (Niacinamide), Vitamin B2 (Riboflavin), Vitamin B6 (Pyridoxine Hydrochloride), Vitamin B1 (Thiamin Mononitrate), Vitamin A (Palmitate), A B Vitamin (Folic Acid), Vitamin B12, Vitamin D3..",1,cups,172.0,0.9,0.5,,0.0,40.0,3.0,4.0,92.0,356.0,2.0,3.0,16.6,149.0,,,,,,,https://nd.api.nutrislice.com/menu/api/weeks/school/58415/menu-type/28583/2026/10/7
2026-10-08,1755971,Cinnamon Toast Crunch,"Whole Grain Wheat, Sugar, Rice Flour, Canola And/Or Sunflower Oil, Fructose, Maltodextrin, Dextrose, Salt, Cinnamon, Trisodium Phosphate, Soy Lecithin, Caramel Color, Rosemary Extract. Bht Added To Preserve Freshness. Vitamins And Minerals: Calcium Carbonate, Vitamin C (Sodium Ascorbate), Iron And Zinc (Mineral Nutrients), A B Vitamin (Niacinamide), Vitamin B6 (Pyridoxine Hydrochloride), Vitamin B1 (Thiamin Mononitrate), Vitamin A (Palmitate), Vitamin B2 (Riboflavin), A B Vitamin (Folic Acid), Vitamin B12, Vitamin D3..",1,cups,207.0,4.9,0.0,,0.0,40.0,15.0,15.0,0.0,280.0,4.0,2.0,4.9,159.0,,,,,,,https://nd.api.nutrislice.com/menu/api/weeks/school/58415/menu-type/28583/2026/10/7
2026-10-08,1755972,Cocoa Puffs,"Whole Grain Corn, Sugar, Rice Flour, Corn Meal, Corn Syrup, Cocoa Processed With Alkali, Canola And/Or Sunflower Oil, Color (Caramel Color And Annatto Extract), Salt, Baking Soda, Natural Flavor, Rosemary Extract. Vitamins And Minerals: Tricalcium Phosphate, Calcium Carbonate, Vitamin C (Sodium Ascorbate), Iron And Zinc (Mineral Nutrients), A B Vitamin (Niacinamide), Vitamin B6 (Pyridoxine Hydrochloride), Vitamin B1 (Thiamin Mononitrate), Vitamin A (Palmitate), Vitamin B2 (Riboflavin), A B Vitamin (Folic Acid), Vitamin B12, Vitamin D3. May Contain: Wheat.",1,cups,177.0,2.3,0.5,,0.0,40.0,15.0,15.0,128.0,166.0,3.0,2.0,4.6,166.0,,,,,,,https://nd.api.nutrislice.com/menu/api/weeks/school/58415/menu-type/28583/2026/10/7
2026-10-08,1755974,Froot Loops,"Corn Flour Blend (Whole Grain Yellow Corn Flour, Degerminated Yellow Corn Flour), Sugar, Wheat Flour, Whole Grain Oat Flour, Modified Food Starch, Contains 2% Or Less Of Vegetable Oil (Hydrogenated Coconut, Soybean And/Or Cottonseed), Oat Fiber, Maltodextrin, Salt,Soluble Corn Fiber, Natural Flavor, Red 40, Yellow 5, Blue 1, Yellow 6, Bht For Freshness.Vitamins And Minerals: Vitamin C (Ascorbic Acid), Reduced Iron, Niacinamide, Vitamin B6 (Pyridoxine Hydrochloride), Vitamin B2 (Riboflavin), Vitamin B1 (Thiamin Hydrochloride), Folic Acid, Vitamin D3, Vitamin B12. Common Allergens Present: Wheat..",1,cups,205.0,1.5,1.0,,5.0,42.0,12.0,21.0,331.0,273.0,2.0,8.0,4.4,214.0,,,,,,,https://nd.api.nutrislice.com/menu/api/weeks/school/58415/menu-type/28583/2026/10/7
2026-10-08,1755973,Frosted Flakes,"Milled corn, sugar, malt flavor, contains 2% or less of salt.Vitamins and Minerals: Iron (ferric phosphate), niacinamide, vitamin B6 (pyridoxine hydrochloride), vitamin B2 (riboflavin), vitamin B1 (thiamin hydrochloride), folic acid, vitamin D3, vitamin B12. COMMON ALLERGENS PRESENT: None..",1,cups,318.0,0.0,0.0,,8.0,67.0,19.0,35.0,509.0,429.0,2.0,13.0,11.5,350.0,,,,,,,https://nd.api.nutrislice.com/menu/api/weeks/school/58415/menu-type/28583/2026/10/7
2026-10-08,1755975,Lucky Charms,"Whole Grain Oats, Sugar, Corn Starch, Modified Corn Starch, Corn Syrup, Dextrose. Contains 2% or less of: Salt, Gelatin, Trisodium Phosphate, Red 40, Yellow 5 & 6, Blue 1, Natural and Artificial Flavor. Vitamin E (mixed tocopherols) Added to Preserve Freshness. Vitamins and Minerals: Calcium Carbonate, Vitamin C (sodium ascorbate), Iron and Zinc (mineral nutrients), A B Vitamin (niacinamide), Vitamin B6 (pyridoxine hydrochloride), Vitamin B1 (thiamin mononitrate), Vitamin A (palmitate), Vitamin B2 (riboflavin), A B Vitamin (folic acid), Vitamin B12, Vitamin D3. COMMON ALLERGENS PRESENT: None..",1,cups,148.0,1.6,0.0,,0.0,32.0,13.0,13.0,0.0,243.0,2.0,3.0,3.8,137.0,,,,,,,https://nd.api.nutrislice.com/menu/api/weeks/school/58415/menu-type/28583/2026/10/7
2026-10-08,1756047,Granola,"Whole Grain Oats, Sugar, Canola Oil, Rice Flour, Honey, Salt, Brown Sugar Syrup, Baking Soda, Soy Lecithin, Natural Flavor. Common Allergens Present: Soy..",1,oz,126.0,4.7,0.5,,0.0,20.0,7.0,7.0,0.0,100.0,1.0,2.0,0.6,0.0,,,,,,,https://nd.api.nutrislice.com/menu/api/weeks/school/58415/menu-type/28583/2026/10/7
2026-10-08,1755980,Raisin Bran,"WHOLE GRAIN WHEAT, RAISINS, WHEAT BRAN, SUGAR, BROWN SUGAR SYRUP. CONTAINS 2% OR LESS Of malt flavor, salt. COMMON ALLERGENS PRESENT: Wheat..",1,cups,245.0,1.3,0.0,,0.0,61.0,12.0,22.0,361.0,258.0,9.0,6.0,2.3,26.0,,,,,,,https://nd.api.nutrislice.com/menu/api/weeks/school/58415/menu-type/28583/2026/10/7
2026-10-08,1755981,Special K with Red Berries,"Whole grain wheat, rice, sugar, freeze-dried strawberries, wheat bran, contains 2% or less of brown sugar syrup, salt, malt flavor.Vitaminsand Minerals: Vitamin C (ascorbic acid), reduced iron, vitamin E acetate, niacinamide, beta-carotene, vitamin B6 (pyridoxine hydrochloride),vitamin B1 (thiamin hydrochloride), vitamin B2 (riboflavin), folic acid, vitamin D3, vitamin B12. COMMON ALLERGENS PRESENT: Wheat..",1,cups,361.0,0.9,0.0,,9.0,78.0,18.0,38.0,650.0,578.0,5.0,16.0,19.5,415.0,,,,,,,https://nd.api.nutrislice.com/menu/api/weeks/school/58415/menu-type/28583/2026/10/7
2026-10-08,1755976,Trix,"Whole Grain Corn, Sugar, Rice Flour, Corn Syrup, Canola and/or Sunflower Oil, Salt, Trisodium Phosphate, Natural and Artificial Flavor, Red 40, Yellow 6, Blue 1 and Other Color Added, Citric Acid, Malic Acid. Vitamins and Minerals: Calcium Carbonate, Tricalcium Phosphate, Vitamin C (sodium ascorbate), Iron and Zinc (mineral nutrients), A B Vitamin (niacinamide), Vitamin B6 (pyridoxine hydrochloride), Vitamin B2 (riboflavin), Vitamin B1 (thiamin mononitrate), Vitamin A (palmitate), A B Vitamin (folic acid), Vitamin B12, Vitamin D3. COMMON ALLERGENS PRESENT: None..",1,cups,156.0,2.0,0.0,,0.0,32.0,12.0,12.0,0.0,175.0,1.0,2.0,3.5,127.0,,,,,,,https://nd.api.nutrislice.com/menu/api/weeks/school/58415/menu-type/28583/2026/10/7
2026-10-08,2265924,Brewed Coffee,"Water (Filtered Tap Water.), Coffee Chokoleti (100% Arabica).",6,z,0.0,0.0,0.0,,0.0,0.0,0.0,0.0,0.0,7.0,0.0,0.0,0.0,5.0,,,,,,,https://nd.api.nutrislice.com/menu/api/weeks/school/58415/menu-type/28583/2026/10/7
2026-10-08,1756033,Coffeemate Hazelnut Creamer,"WATER, SUGAR, COCONUT OIL, SODIUM CASEINATE (A MILK DERIVATIVE), DIPOTASSIUM PHOSPHATE, DATEM, ARTIFICIAL FLAVOR, MONO- AND DIGLYCERIDES, BETACAROTENE COLOR, RIBOFLAVIN COLOR. COMMON ALLERGENS PRESENT: Milk..",1,fl oz,11.0,0.5,0.0,,0.0,2.0,2.0,2.0,0.0,2.0,0.0,0.0,0.0,0.0,,,,,,,https://nd.api.nutrislice.com/menu/api/weeks/school/58415/menu-type/28583/2026/10/7
2026-10-08,1756038,Coffeemate Original Creamer,"WATER, COCONUT OIL, SUGAR, SODIUM CASEINATE (A MILK DERIVATIVE), DIPOTASSIUM PHOSPHATE, DATEM, MONO- AND DIGLYCERIDES, ARTIFICIAL FLAVOR, BETA-CAROTENE COLOR. COMMON ALLERGENS PRESENT: Milk..",1,fl oz,30.0,3.0,3.0,,0.0,0.0,0.0,0.0,0.0,0.0,0.0,0.0,0.0,0.0,,,,,,,https://nd.api.nutrislice.com/menu/api/weeks/school/58415/menu-type/28583/2026/10/7
2026-10-08,1778110,French Vanilla Coffee Creamer,Removed: FRENCH VANILLA NON-DAIRY CREAMER POWDER COFFEE-MATE.,1,fl oz,162.0,2.5,0.0,,0.0,9.0,0.0,7.0,0.0,15.0,0.0,0.0,0.0,0.0,,,,,,,https://nd.api.nutrislice.com/menu/api/weeks/school/58415/menu-type/28583/2026/10/7
2026-10-08,1756336,Honey,Honey. COMMON ALLERGENS PRESENT: None.,1,pkt,25.0,0.0,0.0,,0.0,7.0,0.0,7.0,5.0,0.0,0.0,0.0,0.0,0.0,,,,,,,https://nd.api.nutrislice.com/menu/api/weeks/school/58415/menu-type/28583/2026/10/7
2026-10-08,1756210,ecoStick Blue Sugar Substitute,"DEXTROSE, ASPARTAME.PHENYLKETONURICS: CONTAINS PHENYLALANINE.COMMON ALLERGENS PRESENT: None.",1,stick,0.0,0.0,0.0,,0.0,0.0,0.0,0.0,0.0,0.0,0.0,0.0,0.0,0.0,,,,,,,https://nd.api.nutrislice.com/menu/api/weeks/school/58415/menu-type/28583/2026/10/7
2026-10-08,1756219,ecoStick Pink Sugar Substitute,"DEXTROSE, SACCHARIN, CREAM OF TARTAR, CALCIUM SILICATE (AN ANTI-CAKING AGENT). COMMON ALLERGENS PRESENT: None..",1,stick,0.0,0.0,0.0,,0.0,1.0,1.0,1.0,1.0,0.0,0.0,0.0,0.0,0.0,,,,,,,https://nd.api.nutrislice.com/menu/api/weeks/school/58415/menu-type/28583/2026/10/7
2026-10-08,1756225,ecoStick Yellow Sugar Substitute,"Dextrose, Sucralose. COMMON ALLERGENS PRESENT: None..",1,stick,0.0,0.0,0.0,,0.0,1.0,0.0,1.0,0.0,0.0,0.0,0.0,0.0,0.0,,,,,,,https://nd.api.nutrislice.com/menu/api/weeks/school/58415/menu-type/28583/2026/10/7
2026-10-08,1756231,Cafe Delight Cane Sugar Pc,ORGANIC CANE SUGAR. COMMON ALLERGENS PRESENT: None..,1,stick,10.0,0.0,0.0,,0.0,3.0,3.0,3.0,0.0,0.0,0.0,0.0,0.0,0.0,,,,,,,https://nd.api.nutrislice.com/menu/api/weeks/school/58415/menu-type/28583/2026/10/7
2026-10-08,1755966,Black Tea Bag,Decaffeinated Orange Pekoe And Pekoe Cut Black Tea..,1,tea bag,0.0,0.0,0.0,,0.0,0.0,0.0,0.0,2.0,0.0,0.0,0.0,0.0,0.0,,,,,,,https://nd.api.nutrislice.com/menu/api/weeks/school/58415/menu-type/28583/2026/10/7
2026-10-08,1756253,Lipton Decaf Tea Bag,Decaffeinated Orange Pekoe And Pekoe Cut Black Tea..,1,tea bag,0.0,0.0,0.0,,0.0,0.0,0.0,0.0,2.0,0.0,0.0,0.0,0.0,0.0,,,,,,,https://nd.api.nutrislice.com/menu/api/weeks/school/58415/menu-type/28583/2026/10/7
2026-10-08,1756007,Cherry Coke,"Water (Filtered Tap Water.), Cherry Coke (High Fructose Corn Syrup, Caramel Color, Phosphoric Acid, Natural Flavors, Caffeine.).",12,z cup,144.0,0.0,0.0,,0.0,40.0,40.0,40.0,0.0,45.0,0.0,0.0,0.0,9.0,,,,,,,https://nd.api.nutrislice.com/menu/api/weeks/school/58415/menu-type/28583/2026/10/7
2026-10-08,1755990,Coke Classic,"Water (Filtered Tap Water.), Classic Coke Syrup (High Fructose Corn Syrup, Caramel Color, Phosphoric Acid, Natural Flavors, Caffeine.).",12,z cup,140.0,0.0,0.0,,0.0,18.0,39.0,39.0,0.0,57.0,0.0,0.0,0.0,9.0,,,,,,,https://nd.api.nutrislice.com/menu/api/weeks/school/58415/menu-type/28583/2026/10/7
2026-10-08,1756000,Diet Coke,"Water (Filtered Tap Water.), Syrup Coke Diet BIB (Caramel Color, Aspartame, Phosphoric Acid, Potassium Benzoate (To Protect Taste), Natural Flavors, Citric Acid, Caffeine.Phenylketonurics: Contains Phenylalanine).",12,z cup,0.0,0.0,0.0,,0.0,0.0,0.0,0.0,0.0,50.0,0.0,0.0,0.0,9.0,,,,,,,https://nd.api.nutrislice.com/menu/api/weeks/school/58415/menu-type/28583/2026/10/7
2026-10-08,1756012,Coke Zero,"Water (Filtered Tap Water.), Syrup Coke Zero BIB (Caramel Color, Phosphoric Acid, Aspartame, Potassium Benzoate (To Protect Taste), Natural Flavors, Potassium Citrate, Acesulfame Potassium, Caffeine, Stevia Extract. Phenylketonurics: Contains Phenylalanine. Zero Sugar.).",12,z cup,0.0,0.0,0.0,,0.0,0.0,0.0,0.0,58.0,50.0,0.0,0.0,0.0,9.0,,,,,,,https://nd.api.nutrislice.com/menu/api/weeks/school/58415/menu-type/28583/2026/10/7
2026-10-08,2265925,Lemonade 12z Cup,"Water (Filtered Tap Water.), Lemonade (High Fructose Corn Syrup, Lemon Juice from Concentrate, Less than 0.5% of: Natural Flavors, Citric Acid (Provides Tartness), Modified Cornstarch, Glycerol, Ester of Rosin, Sodium Benzoate and Potassium Sorbate and Calcium Disodium EDTA (to Protect Taste), Yellow 5.).",12,z cup,144.0,0.0,0.0,,0.0,40.0,38.0,38.0,0.0,60.0,0.0,0.0,0.0,9.0,,,,,,,https://nd.api.nutrislice.com/menu/api/weeks/school/58415/menu-type/28583/2026/10/7
2026-10-08,1756187,Barq's Root Beer,"Water (Filtered Tap Water.), Syrup Root Beer BIB Barqs (Carbonated Water, High Fructose Corn Syrup, Caramel Color, Sodium Benzoate (To Protect Taste), Citric Acid, Caffeine, Artificial And Natural Flavors, Acacia.).",12,z cup,173.0,0.0,0.0,,0.0,42.0,42.0,42.0,0.0,74.0,0.0,0.0,0.0,9.0,,,,,,,https://nd.api.nutrislice.com/menu/api/weeks/school/58415/menu-type/28583/2026/10/7
2026-10-08,1756194,Diet Sprite,"Water (Filtered Tap Water.), Syrup Sprite Diet BIB (Carbonated Water, Citric Acid, Potassium Citrate, Natural Flavors, Potassium Benzoate (To Protect Taste), Aspartame, Acesulfame Potassium. Phenylketonurics: Contains Phenylalanine).",12,z cup,0.0,0.0,0.0,,0.0,0.0,0.0,0.0,106.0,45.0,0.0,0.0,0.0,9.0,,,,,,,https://nd.api.nutrislice.com/menu/api/weeks/school/58415/menu-type/28583/2026/10/7
2026-10-08,1756163,Pibb Extra,"Water (Filtered Tap Water.), Pibb Xtra.",12,flz cup,0.0,0.0,0.0,,0.0,0.0,0.0,0.0,0.0,12.0,0.0,0.0,0.0,9.0,,,,,,,https://nd.api.nutrislice.com/menu/api/weeks/school/58415/menu-type/28583/2026/10/7
2026-10-08,1756169,Powerade Mountain Blast,"Water (Filtered Tap Water.), Syrup Powerade Mountain Blast BIB (High Fructose Corn Syrup, Less Than 0.5% Of: Citric Acid, Electrolytes (Salt, Sodium Citrate, Magnesium And Calcium Chlorides, Mono-Potassium Phosphate), Vitamins B12 And C (Cyanocobalamin And Ascorbic Acid), Natural Flavors, Modified Food Starch, Calcium Disodium Edta (To Protect Color), Medium Chain Triglycerides, Sucrose Acetate Isobutyrate, Blue 1.).",12,flz cup,80.0,0.0,0.0,,0.0,21.0,21.0,21.0,80.0,252.0,21.0,0.0,0.0,9.0,,,,,,,https://nd.api.nutrislice.com/menu/api/weeks/school/58415/menu-type/28583/2026/10/7
2026-10-08,1756202,Sprite,"Water (Filtered Tap Water.), Syrup Sprite BIB (High Fructose Corn Syrup, Citric Acid, Natural Flavors, Sodium Citrate, Sodium Benzoate (To Protect Taste). 100% Natural Flavors No Caffeine).",12,flz cup,129.0,0.0,0.0,,0.0,35.0,35.0,35.0,0.0,71.0,35.0,0.0,0.0,9.0,,,,,,,https://nd.api.nutrislice.com/menu/api/weeks/school/58415/menu-type/28583/2026/10/7
2026-10-08,2265922,Gala Apples,Fresh Gala Apples..,1,apple,119.0,0.3,0.0,,0.0,29.0,0.0,22.0,225.0,0.0,5.0,1.0,0.3,15.0,,,,,,,https://nd.api.nutrislice.com/menu/api/weeks/school/58415/menu-type/28583/2026/10/7
2026-10-08,1756316,Bananas,Fresh Banana..,1,banana,141.0,0.0,0.0,,0.0,35.0,0.0,18.0,541.0,0.0,4.0,1.0,0.4,8.0,,,,,,,https://nd.api.nutrislice.com/menu/api/weeks/school/58415/menu-type/28583/2026/10/7
2026-10-08,1756327,Orange,Orange..,1,orange,96.0,0.2,0.0,,0.0,24.0,0.0,19.0,369.0,0.0,5.0,2.0,0.2,82.0,,,,,,,https://nd.api.nutrislice.com/menu/api/weeks/school/58415/menu-type/28583/2026/10/7
2026-10-08,1756065,Apple Juice,"Water (Filtered Tap Water.), Apple Juice (Frozen Concentrated Apple Juice. COMMON ALLERGENS PRESENT: None.).",6,flz cup,14.0,0.0,0.0,,0.0,4.0,0.0,3.0,0.0,6.0,0.0,0.0,0.0,4.0,,,,,,,https://nd.api.nutrislice.com/menu/api/weeks/school/58415/menu-type/28583/2026/10/7
2026-10-08,1756074,Cranberry,"Water (Filtered Tap Water.), Cranberry Juice (High Fructose Corn Syrup, Sugar, Water, Concentrated Cranberry Juice, Citric Acid (provides tartness), Vitamin C (Ascorbic Acid).).",6,flz cup,67.0,0.0,0.0,,0.0,18.0,0.0,16.0,0.0,6.0,0.0,0.0,0.0,4.0,,,,,,,https://nd.api.nutrislice.com/menu/api/weeks/school/58415/menu-type/28583/2026/10/7
2026-10-08,1756082,Orange,"Water (Filtered Tap Water.), Orange Juice (100% Orange Juice From Concentrate Contains Pure Filtered Water, Premium Concentrated Orange Juice. .).",6,flz cup,17.0,0.0,0.0,,0.0,4.0,0.0,4.0,68.0,8.0,0.0,0.0,0.0,7.0,,,,,,,https://nd.api.nutrislice.com/menu/api/weeks/school/58415/menu-type/28583/2026/10/7
2026-10-08,1756090,2% Milk,"Grade A Reduced Fat Milk, Vitamin A Palmitate & Vitamin D3.",8,flz,118.0,4.9,3.5,,20.0,11.0,0.0,11.0,345.0,118.0,0.0,8.0,0.0,296.0,,,,,,,https://nd.api.nutrislice.com/menu/api/weeks/school/58415/menu-type/28583/2026/10/7
2026-10-08,2265923,1% Chocolate Milk,"Low Fat Milk, Sugar, Cornstarch, Cocoa, Alkalized Cocoa, Salt, Carrageenan, Natural Flavor, Vitamin A Palmitate, Vitamin D3. Contains: Milk..",1,cups,148.0,2.5,1.5,,10.0,24.0,11.0,22.0,345.0,227.0,0.0,8.0,0.2,276.0,,,,,,,https://nd.api.nutrislice.com/menu/api/weeks/school/58415/menu-type/28583/2026/10/7
2026-10-08,1756105,Oat Milk,"Oatmilk (Water, Oat), Sunflower Oil, Dipotassium Phosphate, Calcium Carbonate, Tricalcium Phosphate, Sea Salt, Gellan Gum, Vitamin A Palmitate, Vitamin D2..",1,cups,111.0,6.0,1.0,,0.0,13.0,2.0,2.0,384.0,106.0,1.0,1.0,0.0,263.0,,,,,,,https://nd.api.nutrislice.com/menu/api/weeks/school/58415/menu-type/28583/2026/10/7
2026-10-08,1756113,Chocolate Pea,"Water, Cane Sugar, Pea Protein, Sunflower Oil, Alkalized Cocoa Powder, Calcium Carbonate, Natural Flavor, Sea Salt, Potassium Citrate, Sunflower Lecithin, Natural Vanilla Flavor With Other Natural Flavor, Guar Gum, Gellan Gum, Vitamin A Palmitate, Vitamin D2..",1,cups,140.0,5.0,0.5,,0.0,15.0,13.0,13.0,180.0,140.0,2.0,8.0,2.2,400.0,,,,,,,https://nd.api.nutrislice.com/menu/api/weeks/school/58415/menu-type/28583/2026/10/7
2026-10-08,1756121,Skim,"Grade A Fat Free (Skim) Milk, Vitamin A Palmitate & Vitamin D3..",8,flz,79.0,0.0,0.0,,5.0,11.0,0.0,11.0,355.0,118.0,0.0,8.0,0.1,296.0,,,,,,,https://nd.api.nutrislice.com/menu/api/weeks/school/58415/menu-type/28583/2026/10/7
2026-10-08,1756129,Soy,"Soymilk (Water, Organic Soybeans), Cane Sugar, Calcium Carbonate, Sea Salt, Dipotassium Phosphate, Natural Flavor, Gellan Gum, Vitamin A Palmitate, Vitamin D2..",1,cups,101.0,3.0,1.0,,0.0,10.0,5.0,7.0,385.0,81.0,3.0,8.0,1.0,264.0,,,,,,,https://nd.api.nutrislice.com/menu/api/weeks/school/58415/menu-type/28583/2026/10/7
2026-10-08,1920554,Deleted - Vinegar Balsamic Roland,"Wine Vinegar, Cooked Grape Must, Caramel Color. Contains: Sulfites. COMMON ALLERGENS PRESENT: NONE..",1,Tbsp,18.0,0.0,0.0,,0.0,4.0,1.0,4.0,21.0,0.0,0.0,0.0,0.2,4.0,,,,,,,https://nd.api.nutrislice.com/menu/api/weeks/school/58415/menu-type/28583/2026/10/7
2026-10-08,1756205,Creamy Caesar,"Soybean Oil, Distilled Vinegar, Water, Parmesan Cheese (Pasteurized Part-Skim Milk, Cheese Cultures, Salt, Enzymes), Romano Cheese (Pasteurized Part-Skim Milk, Cheese Cultures, Salt, Enzymes), Sugar, Egg Yolk, Salt, Contains Less Than 2% Of Garlic Juice, Modified Corn Starch, Spice, Natural Flavor, Garlic*, Xanthan Gum, Anchovies, Polysorbate 60, Onion*, Corn Syrup, Sodium Benzoate (Preservative), Lactic Acid, Maltodextrin, Calcium Disodium Edta (To Protect Flavor), Celery Seed, Tamarind, Autolyzed Yeast Extract. *Dried. Contains: Milk, Eggs, Fish (Anchovy)..",1,oz,113.0,11.0,1.9,,14.0,2.0,1.0,1.0,9.0,293.0,0.0,1.0,0.0,28.0,,,,,,,https://nd.api.nutrislice.com/menu/api/weeks/school/58415/menu-type/28583/2026/10/7
2026-10-08,1756472,Country French,"Soybean Oil, Sugar, Water, Distilled Vinegar, Apple Cider Vinegar, Tomato Paste, Honey, Contains Less Than 2% Of Salt, Paprika, Mustard Flour, Xanthan Gum, Onion,* Garlic,* Beetroot Juice Concentrate, Natural Flavor. *Dried..",1,oz,124.0,12.0,1.8,,0.0,6.0,5.0,6.0,0.0,204.0,0.0,0.0,0.0,0.0,,,,,,,https://nd.api.nutrislice.com/menu/api/weeks/school/58415/menu-type/28583/2026/10/7
2026-10-08,1928031,Honey Mustard Dressing,"Soybean Oil, High Fructose Corn Syrup, Spicy Brown Mustard (Distilled Vinegar, Water, Mustard Seed, Salt, Turmeric, Spices), Honey, Distilled Vinegar, Egg Yolk, Contains Less Than 2% Of Salt, Water, Propylene Glycol Alginate, Mustard Flour, Calcium Disodium Edta (To Protect Flavor). Contains Egg..",1,fl oz,146.0,14.0,2.7,,9.0,7.0,7.0,7.0,0.0,128.0,0.0,0.0,0.0,0.0,,,,,,,https://nd.api.nutrislice.com/menu/api/weeks/school/58415/menu-type/28583/2026/10/7
2026-10-08,1756213,Low Calorie Italian,"Water, Distilled Vinegar, Sugar, Vegetable Oil (Soybean And/Or Canola), Salt, Contains Less Than 2% Of Garlic*, Xanthan Gum, Onion*, Lemon Juice Concentrate, Spice, Red Bell Pepper*, Calcium Disodium Edta (To Protect Flavor), Paprika Extract (Color), Natural Flavor, Annatto Extract (Color). *Dried.",2,Tbsp,23.0,1.9,0.0,,0.0,3.0,2.0,2.0,9.0,413.0,0.0,0.0,0.0,0.0,,,,,,,https://nd.api.nutrislice.com/menu/api/weeks/school/58415/menu-type/28583/2026/10/7
2026-10-08,1756474,Buttermilk Ranch,"Soybean Oil, Water, Distilled Vinegar, Egg Yolk, Buttermilk Solids, Contains Less Than 2% Of Salt, Sugar, Lemon Juice Concentrate, Garlic*, Onion*, Xanthan Gum, Sorbic Acid (Preservative), Natural Flavor, Cream, Spice, Whey, Vinegar Powder, Buttermilk, Yeast Extract, Milk, Sour Cream Powder, Lactic Acid, Calcium Disodium Edta (To Protect Flavor), Citric Acid. *Dried. Contains: Milk, Eggs.",1,oz,132.0,13.0,2.0,,10.0,1.0,0.0,1.0,15.0,182.0,0.0,0.0,0.0,10.0,,,,,,,https://nd.api.nutrislice.com/menu/api/weeks/school/58415/menu-type/28583/2026/10/7
2026-10-08,1756477,Lite Ranch,"Cultured Buttermilk, Water, Vegetable Oil (Soybean And/Or Canola), Distilled Vinegar, Egg Yolk, Contains Less Than 2% Of Salt, Corn Starch, Sugar, Disodium Inosinate And Disodium Guanylate, Nonfat Milk Powder, Onion,* Xanthan Gum, Nonfat Milk Solids, Sorbic Acid (Preservative), Lactic Acid, Spice, Cream, Garlic,* Whey, Vinegar Powder, Mustard Flour, Guar Gum, Sour Cream Powder, Milk, Dipotassium Phosphate, Natural Flavor, Citric Acid. *Dried. Contains Egg, Milk.",1,oz,66.0,7.0,0.9,,5.0,1.0,0.0,1.0,0.0,236.0,0.0,1.0,0.0,0.0,,,,,,,https://nd.api.nutrislice.com/menu/api/weeks/school/58415/menu-type/28583/2026/10/7
2026-10-08,1756123,Balsamic Vinaigrette,"Water, High Fructose Corn Syrup, Balsamic Vinegar (Wine Vinegar, Concentrated Grape Must, Caramel Color), Red Wine Vinegar, Vegetable Oil (Soybean And/Or Canola), Olive Oil, Contains Less Than 2% Of Salt, Dried Garlic, Xanthan Gum, Spice, Sodium Alginate, Propylene Glycol Alginate, Calcium Disodium Edta (To Protect Flavor), Sulfiting Agents..",1,oz,55.0,4.6,0.9,,0.0,5.0,4.0,4.0,9.0,192.0,0.0,0.0,0.0,0.0,,,,,,,https://nd.api.nutrislice.com/menu/api/weeks/school/58415/menu-type/28583/2026/10/7
2026-10-08,1756479,Fat Free Raspberry Vinaigrette,"Water, Distilled Vinegar, Sugar, Corn Syrup Solids, Contains Less Than 2% Of Cucumber Juice, Salt, Vegetable Juice Color, Raspberry Juice Concentrate, Xanthan Gum, Onion*, Red Bell Pepper*, Citric Acid, Potassium Sorbate (Preservative), Artificial Flavor, Garlic*, Calcium Disodium Edta (To Protect Flavor), Beta Carotene (Color). *Dried..",1,fl oz,30.0,0.0,0.0,,0.0,8.0,7.0,7.0,13.0,79.0,0.0,0.0,0.0,0.0,,,,,,,https://nd.api.nutrislice.com/menu/api/weeks/school/58415/menu-type/28583/2026/10/7
2026-10-08,1920552,100% Extra Virgin Olive Oil,100% Extra Virgin Olive Oil..,1,Tbsp,118.0,14.0,2.0,,0.0,0.0,0.0,0.0,0.0,0.0,0.0,0.0,0.0,0.0,,,,,,,https://nd.api.nutrislice.com/menu/api/weeks/school/58415/menu-type/28583/2026/10/7
2026-10-08,1756510,Red Wine Vinegar,Red Wine Vinegar and Filtered Water..,1,fl oz,0.0,0.0,0.0,,0.0,0.0,0.0,0.0,0.0,0.0,0.0,0.0,0.0,0.0,,,,,,,https://nd.api.nutrislice.com/menu/api/weeks/school/58415/menu-type/28583/2026/10/7
2026-10-08,2293503,Chocolate Soft Serve Ice Cream,"Chocolate Soft Serve (Milk, Sugar, Cream, Corn Syrup, High Fructose Corn Syrup, Whey, Cocoa, Nonfat Milk, Mono & Diglycerides, Guar Gum, Tetrasodium Pyrophosphate, Dextrose, Carrageenan, And Vitamin A Palmitate. COMMON ALLERGENS PRESENT: Milk.).",4,z,169.0,6.0,3.9,,19.0,26.0,0.0,25.0,0.0,130.0,1.0,4.0,0.5,130.0,,,,,,,https://nd.api.nutrislice.com/menu/api/weeks/school/58415/menu-type/28583/2026/10/7
2026-10-08,2293504,Vanilla Soft Serve Ice Cream,"Vanilla Soft Serve Ice Cream Mix (Milk, Sugar, Cream, Corn Syrup, High Fructose Corn Syrup, Whey, Nonfat Milk, Mono & Diglycerides, Guar Gum, Tetra Sodium Pyrophosphate, Dextrose, Carrageenan, Vanillin (Artificial Flavor), Vanilla, Annatto Color, And Vitamin A Palmitate. Common Allergens Present: Milk.).",4,z,182.0,6.0,4.5,,26.0,25.0,0.0,25.0,0.0,136.0,0.0,4.0,0.0,130.0,,,,,,,https://nd.api.nutrislice.com/menu/api/weeks/school/58415/menu-type/28583/2026/10/7
2026-10-08,2293505,Pineapple DH Dole Whip,"Water (Filtered Tap Water.), Dole Pineapple Whip (Sugar, Dextrose, Stabilizers (Hydroxypropyl Methylcellulose, Locust Bean Gum, Guar Gum, Karaya Gum, Pectin, Cellulose Gum, Xanthan Gum), Coconut Oil, Contains 2% Or Less Of Each Of The Following: Maltodextrin, Citric Acid, Natural & Artificial Flavor, Modified Food Starch, Malic Acid, Beta Carotene (Color), Mono & Diglycerides, Silicon Dioxide (Anticaking).).",4,flz,123.0,0.6,0.6,,0.0,29.0,28.0,28.0,1.0,15.0,0.0,0.0,0.0,13.0,,,,,,,https://nd.api.nutrislice.com/menu/api/weeks/school/58415/menu-type/28583/2026/10/7
2026-10-08,2293501,Strawberry Dole Whip,"Water (Filtered Tap Water.), Dole Strawberry Whip (Sugar, Dextrose, Maltodextrin, Stabilizers (Hydroxypropyl Methylcellulose, Locust Bean Gum, Guar Gum, Karaya Gum, Pectin, Cellulose Gum, Xanthan Gum), Coconut Oil, Contains 2% Or Less Of Each Of The Following: Citric Acid, Color (Dehydrated Blackcurrant, Caramel Color, Carrot Extract), Natural Flavor, Modified Food Starch, Mono & Diglycerides, Silicon Dioxide (Anticaking).).",4,flz,125.0,0.0,0.6,,0.0,30.0,29.0,28.0,6.0,15.0,0.0,0.0,0.0,14.0,,,,,,,https://nd.api.nutrislice.com/menu/api/weeks/school/58415/menu-type/28583/2026/10/7
2026-10-08,1755988,Unsalted Butter,"Cream, SaltContains Milk.",1,oz,28.0,3.1,2.0,,9.0,0.0,0.0,0.0,1.0,27.0,0.0,0.0,0.0,1.0,,,,,,,https://nd.api.nutrislice.com/menu/api/weeks/school/58415/menu-type/28583/2026/10/7
2026-10-08,1756157,Peanut Butter,"PEANUTS, SUGAR, PEANUT OIL, CONTAINS 2% OR LESS OF: PALM OIL, SALT. COMMON ALLERGENS PRESENT: Peanuts.",0.75,z,122.0,10.0,2.3,,0.0,6.0,2.0,3.0,110.0,103.0,1.0,4.0,0.3,13.0,,,,,,,https://nd.api.nutrislice.com/menu/api/weeks/school/58415/menu-type/28583/2026/10/7
2026-10-08,1755977,Plain Bagels,"Wheat Flour Enriched (Wheat Flour, Malted Barley Flour, Niacin, Reduced Iron, Thiamine Mononitrate, Riboflavin, Folic Acid), Water, Sugar, Salt, Cultured Wheat Flour, Yeast, Vinegar, Palm Oil, Non-GMO Soybean Oil, Sunflower Oil, Ascorbic Acid, Enzymes, Cornmeal..",4.5,z,316.0,1.0,0.0,,0.0,65.0,3.0,5.0,90.0,575.0,2.0,11.0,4.0,103.0,,,,,,,https://nd.api.nutrislice.com/menu/api/weeks/school/58415/menu-type/28583/2026/10/7
2026-10-08,1755979,Whole Wheat Bagels,"Wheat Flour Enriched (Wheat Flour, Malted Barley Flour, Niacin, Reduced Iron, Thiamine Mononitrate, Riboflavin, Folic Acid), Water, Whole Wheat Flour, Sugar, Salt, Cultured Wheat Flour, Yeast, Vinegar, Palm Oil, Caramel Color, Non-GMO Soybean Oil, Sunflower Oil, Ascorbic Acid, Enzymes, Cornmeal..",1,bagel,316.0,1.7,0.0,,0.0,65.0,2.0,2.0,135.0,587.0,3.0,11.0,3.7,102.0,,,,,,,https://nd.api.nutrislice.com/menu/api/weeks/school/58415/menu-type/28583/2026/10/7
2026-10-08,1755995,Cream Cheese,"Pasteurized Milk And Cream, Cheese Culture, Salt, Guar Gum, Xanthan Gum, Carob Bean Gum. Common Allergens Present: Milk..",1,oz,90.0,9.0,6.0,,30.0,2.0,0.0,1.0,40.0,95.0,0.0,2.0,0.0,30.0,,,,,,,https://nd.api.nutrislice.com/menu/api/weeks/school/58415/menu-type/28583/2026/10/7
2026-10-08,1756050,Grape Jelly,"Concord Grape Juice (Water, Concord Grape Juice Concentrate), Corn Syrup, High Fructose Corn Syrup, Contains Less Than 2% Of Fruit Pectin, Citric Acid, Sodium Citrate..",1,Tbsp,50.0,0.0,0.0,,0.0,13.0,7.0,9.0,0.0,5.0,0.0,0.0,0.0,0.0,,,,,,,https://nd.api.nutrislice.com/menu/api/weeks/school/58415/menu-type/28583/2026/10/7
2026-10-08,1756057,Strawberry Jelly,"Strawberries, High Fructose Corn Syrup, Corn Syrup, Sugar, Contains 2% Or Less Of: Fruit Pectin, Citric Acid..",1,Tbsp,50.0,0.0,0.0,,0.0,13.0,9.0,10.0,0.0,0.0,0.0,0.0,0.0,0.0,,,,,,,https://nd.api.nutrislice.com/menu/api/weeks/school/58415/menu-type/28583/2026/10/7
2026-10-08,1756149,Chocolate Chips,"Sugar, Unsweetened Chocolate, Cocoa Butter, Soy Lecithin (an emulsifier), Natural Vanilla Extract, Milk. COMMON ALLERGENS PRESENT: Milk, Soy..",1,oz,132.0,8.0,3.8,,0.0,19.0,15.0,15.0,0.0,0.0,2.0,2.0,1.9,9.0,,,,,,,https://nd.api.nutrislice.com/menu/api/weeks/school/58415/menu-type/28583/2026/10/7
2026-10-08,1756389,Rainbow Sprinkles,"Sugar, Corn Starch, Palm Oil & Palm Kernel Oil, Soy Lecithin, Dextrin,Carnauba Wax, Confectioners Glaze, FD&C Yellow #5 Lake, Yellow #6 Lake,Blue #1 Lake, Red #40 Lake, Red #3. COMMON ALLERGENS PRESENT: Soy..",1,oz,142.0,7.0,3.5,,0.0,21.0,14.0,14.0,0.0,0.0,0.0,0.0,0.0,0.0,,,,,,,https://nd.api.nutrislice.com/menu/api/weeks/school/58415/menu-type/28583/2026/10/7
2026-10-08,1756237,Chocolate Syrup,"High Fructose Corn Syrup, Water, Cocoa And Cocoa Processed With Alkali, Modified Food Starch, Caramel Color, Salt, Potassium Sorbate- A Preservative, Xanthan Gum, Titanium Dioxide (Color), Artificial Colors (Yellow 5, Red 3 And Blue 1), And Natural And Artificial Flavors..",1,oz,67.0,0.0,0.0,,0.0,16.0,0.0,15.0,0.0,15.0,1.0,1.0,0.4,0.0,,,,,,,https://nd.api.nutrislice.com/menu/api/weeks/school/58415/menu-type/28583/2026/10/7
2026-10-08,1756259,Caramel Syrup,"CORN SYRUP, HIGH FRUCTOSE CORN SYRUP, SUGAR, CONDENSED NONFAT MILK, WATER, HEAVY WHIPPING CREAM, CONTAINS 2% OR LESS OF SALT, PECTIN, ARTIFICIAL FLAVORS, POTASSIUM SORBATE - A PRESERVATIVE, CARAMEL COLOR AND DISODIUM PHOSPHATE. COMMON ALLERGENS PRESENT: Milk..",1,oz,81.0,0.3,0.0,,0.0,18.0,12.0,12.0,15.0,40.0,0.0,0.0,0.0,8.0,,,,,,,https://nd.api.nutrislice.com/menu/api/weeks/school/58415/menu-type/28583/2026/10/7
2026-10-08,1756393,Oreo Cookie Crumble,"Unbleached Enriched Flour (Wheat Flour, Niacin, Reduced Iron, Thiamine Mononitrate {Vitamin B1}, Riboflavin {Vitamin B2}, Folic Acid), Sugar, Palm And/Or Canola Oil, Cocoa (Processed With Alkali), Invert Sugar, Leavening (Baking Soda And/Or Calcium Phosphate), Soy Lecithin, Salt, Chocolate, Natural Flavor. Common Allergens Present: Soy, Wheat..",1,oz,136.0,5.0,1.6,,0.0,21.0,12.0,12.0,42.0,94.0,1.0,1.0,1.2,10.0,,,,,,,https://nd.api.nutrislice.com/menu/api/weeks/school/58415/menu-type/28583/2026/10/7
2026-10-08,2135290,Deluxe Fruit Salad,"Cantaloupe, Honeydew, Pineapple, Oranges, Grapes, Water, Sugar, Citric Acid (used to lower pH)..",1,oz,12.0,0.0,0.0,,0.0,3.0,0.0,3.0,54.0,2.0,0.0,0.0,0.0,5.0,,,,,,,https://nd.api.nutrislice.com/menu/api/weeks/school/58415/menu-type/28583/2026/10/7
2026-10-08,1756055,Blueberry Yogurt,"Cultured Milk and Skim Milk, Sugar, Blueberries, Natural Flavors, Fruit and Vegetable Juice (color), Lemon Juice, Carob Bean Gum, Modified Cornstarch, Carrageenan, Pectin, Vitamin A Palmitate and Vitamin D3..",6,z cup,130.0,1.5,1.0,,10.0,24.0,12.0,18.0,240.0,85.0,0.0,5.0,0.1,170.0,,,,,,,https://nd.api.nutrislice.com/menu/api/weeks/school/58415/menu-type/28583/2026/10/7
2026-10-08,1756058,Plain Greek Yogurt,Cultured Grade A Non Fat Milk Contains Active Yogurt Cultures: S. Thermophilus & L. Bulgaricus. Common Allergens Present: Milk..,1,oz,17.0,0.0,0.0,,1.0,1.0,0.0,1.0,32.0,11.0,0.0,3.0,0.0,32.0,,,,,,,https://nd.api.nutrislice.com/menu/api/weeks/school/58415/menu-type/28583/2026/10/7
2026-10-08,1756278,Plain Fat Free Yogurt,"Cultured Milk and Skim Milk, Sugar, Modified Cornstarch, Carrageenan, Pectin, Vitamin A Palmitate and Vitamin D3. Allergens Contains: Milk..",1,oz,13.0,0.0,0.0,,1.0,2.0,0.0,2.0,53.0,18.0,0.0,1.0,0.0,40.0,,,,,,,https://nd.api.nutrislice.com/menu/api/weeks/school/58415/menu-type/28583/2026/10/7
2026-10-08,1756068,Strawberry Yogurt,"Cultured Milk and Skim Milk, Sugar, Strawberries, Natural Flavors, Carob Bean Gum, Fruit and Vegetable Juice (color), Modified Cornstarch, Carrageenan, Pectin, Vitamin A Palmitate and Vitamin D3..",6,z cup,130.0,1.5,1.0,,10.0,24.0,12.0,18.0,240.0,85.0,0.0,5.0,0.1,170.0,,,,,,,https://nd.api.nutrislice.com/menu/api/weeks/school/58415/menu-type/28583/2026/10/7
2026-10-08,1756427,Ketchup,"Tomato Concentrate, Sugar, Distilled Vinegar, Less than 2% of: Salt, Natural Flavors, *Potassium Chloride, Onion Powder, Citric Acid, Garlic Powder, Spices..",1,oz,6.0,0.0,0.0,,0.0,1.0,0.0,1.0,18.0,14.0,0.0,0.0,0.0,0.0,,,,,,,https://nd.api.nutrislice.com/menu/api/weeks/school/58415/menu-type/28583/2026/10/7
2026-10-08,1756436,Spicy Brown Mustard,"Vinegar, Water, Mustard Seed, Salt, Less than 2% of: Spices, Turmeric..",1,oz,28.0,0.0,0.0,,0.0,0.0,0.0,0.0,0.0,283.0,0.0,0.0,0.0,0.0,,,,,,,https://nd.api.nutrislice.com/menu/api/weeks/school/58415/menu-type/28583/2026/10/7
2026-10-08,1756258,Mayonnaise,"Soybean Oil, Distilled Vinegar, Egg Yolk, High Fructose Corn Syrup, Contains Less Than 2% Of Salt, Water, Mustard Seed, Calcium Disodium Edta (To Protect Flavor). Contains: Egg.",1,Tbsp,100.0,11.0,2.0,,10.0,1.0,1.0,1.0,0.0,75.0,0.0,0.0,0.0,0.0,,,,,,,https://nd.api.nutrislice.com/menu/api/weeks/school/58415/menu-type/28583/2026/10/7
2026-10-08,1756437,Yellow Mustard,"Distilled White Vinegar, Water, Mustard Seed, Mustard Bram, Salt, Turmeric, Spices..",1,tsp,0.0,0.0,0.0,,0.0,0.0,0.0,0.0,0.0,60.0,0.0,0.0,0.0,0.0,,,,,,,https://nd.api.nutrislice.com/menu/api/weeks/school/58415/menu-type/28583/2026/10/7
2026-10-09,1800139,Quinoa,"Pre Washed White Quinoa (Quinoa.), Coarse Kosher Salt (Salt), Water (Filtered Tap Water.).",4,z,403.0,5.0,0.0,,0.0,76.0,0.0,3.0,829.0,159.0,8.0,15.0,7.6,66.0,,,,,,,https://nd.api.nutrislice.com/menu/api/weeks/school/58415/menu-type/28583/2026/10/7
2026-10-09,1784208,Steamed Broccoli,Broccoli (Broccoli.).,4,z,35.0,0.0,0.0,,0.0,7.0,0.0,1.0,298.0,21.0,4.0,4.0,1.4,49.0,,,,,,,https://nd.api.nutrislice.com/menu/api/weeks/school/58415/menu-type/28583/2026/10/7
2026-10-09,1756337,Baked Sweet Potato,"Sweet Potato (Sweet Potatoes), Allergen Free Pan Coating Spray (Canola Oil, Canola Lecithin, Mono- and Diglycerides, Natural Flavor, and Propellant.).",1,potatoe,124.0,0.9,0.1,,0.0,27.0,0.0,8.0,611.0,45.0,4.0,3.0,0.9,49.0,,,,,,,https://nd.api.nutrislice.com/menu/api/weeks/school/58415/menu-type/28583/2026/10/7
2026-10-09,2084396,Vodka Sauce Pasta,"Fresh Half & Half Cream (Milk, Cream. Contains: Milk), Marinara (Vine Ripened Diced Tomatoes, Tomato Puree, Carrot Puree, Extra Virgin Olive Oil, Sugar, Garlic Puree, Dehydrated Onion, Sea Salt, Citric Acid, Spices.), Cavatappi Pasta (Durum wheat semolina, niacin, iron (ferrous sulfate), thiamin mononitrate, riboflavin, folic acid. COMMON ALLERGENS PRESENT: Wheat. MAY CONTAIN: Egg.), Feta Cheese (Feta Cheese (Pasteurized Part-Skim Milk, Salt, Cheese Culture, Enzymes), Powdered Cellulose (To Prevent Caking), Natamycin (Natural Mold Inhibitor). COMMON ALLERGENS PRESENT: Milk.), Salad Oil (Soybean Oil.), Vodka New Amsterdam 1L (Grain, Water. Alcohol: 40% ABV.), Peeled Garlic (Garlic.), Coarse Kosher Salt (Salt), Water (Filtered Tap Water.).",8,z,430.0,29.0,9.0,,46.0,32.0,1.0,5.0,305.0,744.0,2.0,10.0,1.4,173.0,,,,,,,https://nd.api.nutrislice.com/menu/api/weeks/school/58415/menu-type/28583/2026/10/7
2026-10-09,1769887,Garlic Parmesan Breadsticks,"Breadsticks (Unbleached, Enriched Flour (Wheat Flour, Malted BarleyFlour, Niacin, Iron, Thiamin Mononitrate, Riboflavin, Folic Acid), Water,Soybean Oil, Contains 2% Or Less Of: Sugar, Salt, Yeast, CalciumPropionate (Preservative), Wheat Starch, Enzymes, Ascorbic Acid. Contains: Wheat.), Grated Parmesan Cheese (Cultured Milk, Salt, Enzymes, Cellulose to prevent caking, Natamycin to protect flavor. Contains: Milk), Pan & Grill Butter Flavored Liquid Oil (Soybean Oil, Hydrogenated Soybean Oil, Soy Lecithin, Natural and Artificial Flavors, Artificial Color. COMMON ALLERGENS PRESENT: Soy.), Granulated Garlic (Dried Garlic.), Italian Seasoning No MSG (Oregano, Marjoram, Thyme, Basil, Rosemary, Sage.).",1,breadstick,141.0,4.6,1.4,,3.0,21.0,1.0,1.0,31.0,218.0,1.0,5.0,1.2,51.0,,,,,,,https://nd.api.nutrislice.com/menu/api/weeks/school/58415/menu-type/28583/2026/10/7
2026-10-09,1929257,Eggplant Parmesan,"Eggplant Brd Slcd Fz (Eggplant, Wheat Flour, Soybean Oil, Water, Yellow Corn Flour. Contains Less Than 2% of: Salt, Whey, Leavening (Sodium Acid Pyrophosphate, Sodium Bicarbonate), Dextrose, Onion Powder, Garlic Powder, Parmesan Cheese (Pasteurized Milk, Cultures, Enzymes, Salt), Dehydrated Parsley, Maltodextrin, Natural and Artificial Flavors, Spices, Modified Corn Starch, Extractives of Paprika and Annatto, Yeast, Leavening (Sodium Bicarbonate, Sodium Aluminum Phosphate). COMMON ALLERGENS PRESENT: Milk, Wheat. MAY CONTAIN: Egg.), Marinara (Vine Ripened Diced Tomatoes, Tomato Puree, Carrot Puree, Extra Virgin Olive Oil, Sugar, Garlic Puree, Dehydrated Onion, Sea Salt, Citric Acid, Spices.), Fresh Shredded Mozzarella Cheese (Cultured Pasteurized Milk, Salt, Enzymes.), Fresh Italian Parsley (Italian Parsley.).",3,z,225.0,14.0,4.7,,17.0,23.0,1.0,3.0,236.0,375.0,1.0,8.0,0.8,130.0,,,,,,,https://nd.api.nutrislice.com/menu/api/weeks/school/58415/menu-type/28583/2026/10/7
2026-10-09,2262421,Vegetable Root Panzanella,"Artisan French Baguette (Unbleached, Unbromated Wheat Flour (Malted Barley Flour, Niacin, Iron (reduced), Thiamine Mononitrate, Riboflavin, and Folic Acid), Filtered Water, Levain, Rye Flour, Contains 2% or less of: Sea Salt, Yeast, Malt), Carrot (Carrots.), Fennel (Fennel.), Celery Root (Celery.), Fresh Turnip (Fresh Turnips.), Parsnips (Fresh Parsnips.), Whole Peeled Pearl Onions (Whole Peeled Pearl Onions.), Balsamic Vinaigrette Dressing (Soybean Oil, Balsamic Vinegar (Wine Vinegar, Concentrated Grape Must, Caramel Color), Water, Sugar, Contains Less Than 2% Of Salt, Garlic Puree, Distilled Vinegar, Caramel Color, Xanthan Gum, Spice, Oleoresin Paprika (Color), Natural Flavor, Sulfiting Agents.), Pure Olive Oil (Olive Oil.), Plant Based Unsalted Butter (Palm And Palm Kernel Oil, Water, Sunflower Oil, Pea Protein, Sunflower Lecithin, Lactic Acid, Natural Flavor, Annatto (Color), Vitamin A Palmitate.), Grated Parmesan Cheese (Cultured Milk, Salt, Enzymes, Cellulose to prevent caking, Natamycin to protect flavor. Contains: Milk), Fresh Italian Parsley (Italian Parsley.), Coarse Kosher Salt (Salt), Original Balsamic Glaze (Balsamic Vinegar of Modena ""Aceto Balsamico Di Modena IGP"" 70% (Wine Vinegar, Concentrated Grape Must, Caramel Color), Glucose Syrup, Sugar, Modified Corn Starch, Xanthan Gum. Contains Sulfites.), Sage (Fresh Sage.), Ground Black Pepper (Ground Black Pepper.), Rosemary (Fresh Rosemary.), Thyme (Fresh Thyme.), Whole Black Peppercorns (Black Peppercorns.), Crushed Red Pepper (Red Pepper.).",3,z,198.0,10.0,2.8,,2.0,23.0,0.0,6.0,283.0,814.0,4.0,4.0,1.4,84.0,,,,,,,https://nd.api.nutrislice.com/menu/api/weeks/school/58415/menu-type/28583/2026/10/7
2026-10-09,1756378,Cheese Pizza,"20z Pizza Dough Ball (Enriched Flour Bleached (Wheat our, Malted Barley Flour, Niacin, Reduced Iron, Thiamine Mononitrate, Riboavin, Folic Acid), Water, Sugar, Salt, Soybean Oil with Mono & Di-glycerides, Wheat Gluten, Yeast, Enzymes, Ascorbic Acid, L-cysteine.), Fresh Shredded Mozzarella Cheese (Cultured Pasteurized Milk, Salt, Enzymes.), Whole Peeled Plum Tomato (San Marzano D.O.P. Plum Peeled Tomatoes, San Marzano D.O.P. Tomato Puree.), Water (Filtered Tap Water.), Tomato Paste (Tomatoes and Citric Acid.), Allergen Free Pan Coating Spray (Canola Oil, Canola Lecithin, Mono- and Diglycerides, Natural Flavor, and Propellant.), Grated Parmesan Cheese (Cultured Milk, Salt, Enzymes, Cellulose to prevent caking, Natamycin to protect flavor. Contains: Milk), Oil Blend Canola & EVOO 75/25 (Canola Oil & Extra Virgin Olive Oil.), Coarse Kosher Salt (Salt), Granulated Garlic (Dried Garlic.), Ground Black Pepper (Ground Black Pepper.), Ground Basil Leaf (Basil.), Oregano Ground (Oregano.), Parsley Flakes (Parsley.).",1,pizza,2473.0,112.0,48.0,,199.0,274.0,0.0,33.0,748.0,6690.0,25.0,116.0,18.2,1623.0,,,,,,,https://nd.api.nutrislice.com/menu/api/weeks/school/58415/menu-type/28583/2026/10/7
2026-10-09,2262420,White Clam Pizza,"20z Pizza Dough Ball (Enriched Flour Bleached (Wheat our, Malted Barley Flour, Niacin, Reduced Iron, Thiamine Mononitrate, Riboavin, Folic Acid), Water, Sugar, Salt, Soybean Oil with Mono & Di-glycerides, Wheat Gluten, Yeast, Enzymes, Ascorbic Acid, L-cysteine.), Fresh Shredded Mozzarella Cheese (Cultured Pasteurized Milk, Salt, Enzymes.), Grated Parmesan Cheese (Cultured Milk, Salt, Enzymes, Cellulose to prevent caking, Natamycin to protect flavor. Contains: Milk), Chopped Raw Clam Meat (Atlantic Surclam.), Oil Blend Canola & EVOO 75/25 (Canola Oil & Extra Virgin Olive Oil.), Peeled Garlic (Garlic.), Allergen Free Pan Coating Spray (Canola Oil, Canola Lecithin, Mono- and Diglycerides, Natural Flavor, and Propellant.), Crushed Red Pepper (Red Pepper.), Oregano (Oregano.), Ground Black Pepper (Ground Black Pepper.), Coarse Kosher Salt (Salt).",1,pizza,3829.0,228.0,86.0,,388.0,271.0,0.0,20.0,481.0,6936.0,22.0,185.0,21.0,3068.0,,,,,,,https://nd.api.nutrislice.com/menu/api/weeks/school/58415/menu-type/28583/2026/10/7
2026-10-09,1756857,Sausage Pizza,"20z Pizza Dough Ball (Enriched Flour Bleached (Wheat our, Malted Barley Flour, Niacin, Reduced Iron, Thiamine Mononitrate, Riboavin, Folic Acid), Water, Sugar, Salt, Soybean Oil with Mono & Di-glycerides, Wheat Gluten, Yeast, Enzymes, Ascorbic Acid, L-cysteine.), Italian Sausage (Pork, Spices, Water, Salt, Corn Syrup Solids, Garlic, Paprika, Natural Flavor (Autolyzed Yeast Extract, Lactic Acid, Spice Extractive), Sugar, Disodium Inosinate and Disodium Guanylate, Soy Lecithin used as Processing Aid.), Fresh Shredded Mozzarella Cheese (Cultured Pasteurized Milk, Salt, Enzymes.), Whole Peeled Plum Tomato (San Marzano D.O.P. Plum Peeled Tomatoes, San Marzano D.O.P. Tomato Puree.), Water (Filtered Tap Water.), Tomato Paste (Tomatoes and Citric Acid.), Allergen Free Pan Coating Spray (Canola Oil, Canola Lecithin, Mono- and Diglycerides, Natural Flavor, and Propellant.), Grated Parmesan Cheese (Cultured Milk, Salt, Enzymes, Cellulose to prevent caking, Natamycin to protect flavor. Contains: Milk), Oil Blend Canola & EVOO 75/25 (Canola Oil & Extra Virgin Olive Oil.), Coarse Kosher Salt (Salt), Granulated Garlic (Dried Garlic.), Ground Black Pepper (Ground Black Pepper.), Ground Basil Leaf (Basil.), Oregano Ground (Oregano.), Parsley Flakes (Parsley.).",1,pizza,3418.0,197.0,61.0,,373.0,289.0,0.0,33.0,748.0,10619.0,30.0,160.0,21.8,1822.0,,,,,,,https://nd.api.nutrislice.com/menu/api/weeks/school/58415/menu-type/28583/2026/10/7
2026-10-09,1756345,French Fries,"French Fries (Potatoes, Vegetable Oil (Contains One Or More Of The Following Oils: Canola, Soybean, Cottonseed, Sunflower, Corn). Contains 2% or less of Baking Soda, Dextrin, Dextrose, Potato Starch - Modified, Rice Flour, Salt, Sodium Acid Pyrophosphate (Maintains Natural Color & Leavening), Xanthan Gum. COMMON ALLERGENS PRESENT: None.), Canola Oil (Canola Oil, TBHQ and Citric Acid Added To Protect Flavor, Dimethylpolysiloxanes, An Anti-Foaming Agent Added.).",3,z,194.0,14.0,0.8,,0.0,17.0,0.0,1.0,218.0,322.0,1.0,1.0,0.3,9.0,,,,,,,https://nd.api.nutrislice.com/menu/api/weeks/school/58415/menu-type/28583/2026/10/7
2026-10-09,2326978,Smash Burger,"4z Beef Patties (Beef.), Hamburger Bun (Unbleached Enriched Flour (Wheat Flour, Malted BarleyFlour, Niacin, Iron, Thiamin Mononitrate, Riboflavin, Folic Acid), Water, HighFructose Corn Syrup, Yeast, Soybean Oil, Wheat Gluten, Contains 2% orless of the following: Salt, Calcium Propionate (Preservative), MonocalciumPhosphate, Wheat Starch, Sesame, Enzymes, Ascorbic Acid. Contains: Wheat, Sesame.), Ground Black Pepper (Ground Black Pepper.), Coarse Kosher Salt (Salt), Granulated Garlic (Dried Garlic.), Onion Granulated Spice (Dried Onion.).",1,burger,569.0,27.0,10.0,,81.0,51.0,7.0,7.0,402.0,1176.0,2.0,28.0,4.8,112.0,,,,,,,https://nd.api.nutrislice.com/menu/api/weeks/school/58415/menu-type/28583/2026/10/7
2026-10-09,1769875,Garden Herb Grilled Chicken,"Chix Tndrln Jumbo Raw CVP Fs (Chicken Tenderloins.), Water (Filtered Tap Water.), Salad Oil (Soybean Oil.), Marinade Garden Herb & Tomato (Blended of Salt, Dehydrated Garlic, Sugar, Dehydrated Tomatoes, Vinegar Powder (Maltodextrin, Food Starch Modified, And Vinegar Solids), Sodium Phosphate (10.34%) Spice, Lemon Juice Powder (Corn Syrup Solids And Lemon Juice Solids), Onion Powder, Modified Food Starch, Deydrated Bell Peppers, Citric Acid.).",1,tender,112.0,2.5,0.4,,57.0,0.0,0.0,0.0,333.0,39.0,0.0,21.0,0.3,8.0,,,,,,,https://nd.api.nutrislice.com/menu/api/weeks/school/58415/menu-type/28583/2026/10/7
2026-10-09,2227304,Hand Breaded Chicken Tenders,"Medium Chicken Tenderloins (Medium Chicken Tenders.), All Purpose Bleached Gold Medal Flour (Bleached Wheat Flour, Malted Barley Flour, Niacin, Iron, Thiamin Mononitrate, Riboflavin, Folic Acid.), Cornstarch (Corn Starch.), Rice Flour (Ingredients: Rice Flour.), Canola Oil (Canola Oil, TBHQ and Citric Acid Added To Protect Flavor, Dimethylpolysiloxanes, An Anti-Foaming Agent Added.), 1% Low Fat Buttermilk 0.5gal (Cultured Lowfat Milk, Stabilizer (Mono And Diglycerides, Carob Bean Gum, Carrageenan, Calcium Sulfate, Modified Corn and Tapioca Starches), Salt, Vitamin A Palmitate, Vitamin D3. Contains: Milk.), Coarse Kosher Salt (Salt), Tabasco Sauce (Distilled Vinegar, Red Pepper and Salt.), Large Fresh Egg (Shelled Eggs. COMMON ALLERGENS PRESENT: Eggs.), Paprika (Paprika And Less Than 2% Silicon Dioxide To Prevent Caking.), Garlic Powder (Garlic Powder.), Brine Pickling Kosher Dill (Water, White Distilled Vinegar, Salt, Maltodextrin, Contains 2% Or Less of Each Of The Following: Dehydrated Garlic, Spice (Includes Mustard Seed), Spice Extractives (Includes Turmeric Extract), Citric Acid.), Ground Black Pepper (Ground Black Pepper.), Baking Powder (Corn Starch, Sodium Bicarbonate, Sodium Aluminum Sulfate, Monocalcium Phosphate.), Ground Cayenne Pepper (Cayenne Peppers.), Onion Granulated Spice (Dried Onion.), Ground White Pepper (White Pepper.).",4,z,277.0,8.0,0.6,,66.0,30.0,0.0,0.0,339.0,831.0,1.0,19.0,0.5,14.0,,,,,,,https://nd.api.nutrislice.com/menu/api/weeks/school/58415/menu-type/28583/2026/10/7
2026-10-09,2227303,Housemade Ranch,"Mayonnaise Premium Kens (Soybean Oil, Water, Egg, Distilled Vinegar, Egg Yolk, Contains Less Than 2% Of Salt, Sugar, Lemon Juice Concentrate, Calcium Disodium EDTA (To Protect Flavor), Paprika Extract (Color), Natural Flavor. Contains: Egg), 1% Low Fat Buttermilk 0.5gal (Cultured Lowfat Milk, Stabilizer (Mono And Diglycerides, Carob Bean Gum, Carrageenan, Calcium Sulfate, Modified Corn and Tapioca Starches), Salt, Vitamin A Palmitate, Vitamin D3. Contains: Milk.), Sour Cream (Milk, Cream, Whey, Modified Cornstarch, Sodium Phosphate, Guar Gum, Carrageenan, Calcium Sulfate, Carob Bean Gum, Nonfat Dry Milk. Contains: Milk), Onion Granulated Spice (Dried Onion.), Dill (Fresh Dill.), Granulated Garlic (Dried Garlic.), Coarse Kosher Salt (Salt).",1,lbs,1758.0,202.0,38.0,,160.0,33.0,0.0,13.0,354.0,2502.0,0.0,7.0,0.1,330.0,,,,,,,https://nd.api.nutrislice.com/menu/api/weeks/school/58415/menu-type/28583/2026/10/7
2026-10-09,2327008,Coconut Curry Tilapia,"Tilapia Loin Freshwater B/S Raw Halal (Tilapia), Unsweetened Coconut Milk (Roland Coconut Milk contains Coconut Milk, Water, Stabilizer/Emulsifier(Carboxymethyl Cellulose and/or Polysorbate60), Thickener(Guar Gum and/or Xanthan Gum), Preservative (Potassium Metabisulfite).), 1/4"" Diced Red Pepper (Red Bell Pepper.), Green Onion (Fresh Green Onions.), Pure Toasted Sesame Oil (Sesame Seed Oil. Contains: Sesame Seed.), Light Brown Sugar (Sugar, Molasses), Salad Oil (Soybean Oil.), Peeled Garlic (Garlic.), Gluten Free Soy Sauce (Water, Soybeans, Salt, Alcohol (To Preserve Freshness).), Curry Powder (Spices, Turmeric (as color), Salt, Red Pepper, Spice Extractive.), Cilantro (Fresh Cilantro.), Ginger Root (Fresh Ginger Root), Ground Cumin (Cumin Seed.), Coarse Kosher Salt (Salt), Cornstarch (Corn Starch.), Crushed Red Pepper (Red Pepper.), Pepper Wht Ground Spiceology (White Pepper), Allergen Free Pan Coating Spray (Canola Oil, Canola Lecithin, Mono- and Diglycerides, Natural Flavor, and Propellant.).",6.5,z,277.0,15.0,7.0,,70.0,6.0,0.0,4.0,542.0,596.0,1.0,28.0,1.7,17.0,,,,,,,https://nd.api.nutrislice.com/menu/api/weeks/school/58415/menu-type/28583/2026/10/7
2026-10-09,1756583,Naan,"Enriched Wheat Flour (Wheat Flour, Ascorbic Acid as Dough Conditioner, Niacin, Reduced Iron, Thiamine Mononitrate, Riboflavin, Enzymes, Folic Acid), Buttermilk (Skim Milk, Dry Buttermilk, Bacterial Culture), Water, Canola and/or Soybean Oil, Eggs, Sugar, Baking Powder (Sodium Acid Pyrophosphate, Sodium Bicarbonate, Corn Starch, Monocalcium Phosphate), Sea Salt, Dextrose, Ghee (Clarified Butter), Dextrin, Vinegar, Carrot Fiber, Yeast..",1,naan,376.0,9.0,2.0,,20.0,59.0,2.0,6.0,137.0,931.0,2.0,12.0,4.0,131.0,,,,,,,https://nd.api.nutrislice.com/menu/api/weeks/school/58415/menu-type/28583/2026/10/7
2026-10-09,1796656,Steamed Brown Rice,"Long Grain Brown Rice (Long Grain Brown Rice), Water (Filtered Tap Water.).",4,z,424.0,3.7,0.0,,0.0,85.0,0.0,0.0,282.0,0.0,5.0,7.0,2.5,10.0,,,,,,,https://nd.api.nutrislice.com/menu/api/weeks/school/58415/menu-type/28583/2026/10/7
2026-10-09,1763069,Steamed Basmati Rice,"Basamati Rice (White Basmati Rice.), Water (Filtered Tap Water.).",4,z,180.0,0.0,0.0,,0.0,40.0,0.0,0.0,58.0,0.0,0.0,3.0,0.4,0.0,,,,,,,https://nd.api.nutrislice.com/menu/api/weeks/school/58415/menu-type/28583/2026/10/7
2026-10-09,2327001,Chocolate Chunk Cookie,"Hope's Chocolate Chunk Cookie Dough (Chocolate Chunks (Sugar, Unsweetened Chocolate, Cocoa Butter, Anhydrous Dextrose, Unsweetened Chocolate [Processed With Alkali], Soya Lecithin, Vanillin, Vanilla Extract.[May Contain Milk]), Enriched Wheat Flour (Bleached And Unbleached Wheat Flour, Niacin, Reduced Iron, Thiamine Mononitrate, Riboflavin, And Folic Acid), Butter, Brown Sugar, Sugar, Eggs (Pasteurized), Water, Invert Sugar, Modified Food Starch, Salt, Vanilla, Baking Soda, Soy Lecithin, Guar Gum. Contains A Bioengineered Food Ingredient. Contains Egg, Milk, Soy, Wheat. (May Contain Trace Amounts Of Tree Nuts And Peanuts).).",1,cookie,178.0,8.0,4.9,,20.0,28.0,11.0,18.0,64.0,134.0,0.0,2.0,1.0,10.0,,,,,,,https://nd.api.nutrislice.com/menu/api/weeks/school/58415/menu-type/28583/2026/10/7
2026-10-09,2327007,Triple Chocolate Cookie,"Hope's Triple Chocolate Cookie Dough (Enriched Wheat Flour (Bleached And Unbleached Wheat Flour, Niacin, Reduced Iron, Thiamine Mononitrate, Riboflavin, And Folic Acid), Sugar, White Confectionery Chunks (Sugar, Palm Kernel Oil, Nonfat Milk Powder, Whey Powder, Palm Oil, Soy Lecithin, Vanilla), Butter, Chocolate Chunks (Sugar, Unsweetened Chocolate, Cocoa Butter, Anhydrous Dextrose, Unsweetened Chocolate [Processed With Alkali], Soya Lecithin, Vanillin, Vanilla Extract.[May Contain Milk]), Eggs (Pasteurized), Cocoa (Alkalized), Water, Salt, Molasses, Baking Soda, Soy Lecithin, Vanilla. Contains A Bioengineered Food Ingredient. Contains Egg, Milk, Soy, Wheat. (May Contain Trace Amounts Of Tree Nuts And Peanuts.)).",1,cookie,188.0,8.0,6.0,,25.0,26.0,9.0,18.0,101.0,119.0,0.0,2.0,1.0,20.0,,,,,,,https://nd.api.nutrislice.com/menu/api/weeks/school/58415/menu-type/28583/2026/10/7
2026-10-09,1771862,Louisiana Rice Bowl,"Hot Cajun Sausage Andouille (Pork, Rehydrated Potatoes, Rehydrated Onions, Water, Red Pepper, Salt, Sodium Nitrate), Long Grain Brown Rice (Long Grain Brown Rice), Double Grilled Chicken Breast Chunks (Boneless Skinless Chicken Breast Chunks With Rib Meat, Water, Contains 2% Or Less Of The Following: Citric Acid, Dehydrated Parsley, Dehydrated Red Bell Pepper, Dextrose, Garlic Powder, Grill Flavor (From Sunflower Oil), Lemon Juice Solids, Maltodextrin, Modified Food Starch, Natural Flavors, Onion Powder, Salt, Sodium Phosphates, Spices, Sugar, Vinegar Solids, Xanthan Gum, Yeast Extract.), Chipotle Ranch (Soybean Oil, Water, Cultured Lowfat Buttermilk, Distilled Vinegar, Chipotle In Adobo Sauce (Chipotle Pepper [Water, Dried Chipotle Pepper], Tomato Paste, Distilled Vinegar, Soybean Oil, Sugar, Salt, Spices, Onion*, Garlic*, Sodium Benzoate [A Preservative] Caramel Color), Sugar, Contains Less Than 2% Of Egg Yolks, Salt, Xanthan Gum, Spices, Onion*, Garlic*, Parsley*, Buttermilk, Polysorbate 60, Lactic Acid, Sodium Benzoate (A Preservative), Calcium Disodium Edta Added To Protect Flavor. *Dehydrated.. Common Allergens Present: Egg, Milk.), Flame Roasted Corn & Peppers (Sweet Corn, Cooked Black Beans, Tomato, Onion, Green Bell Pepper, Red Bell Pepper, Contains Less Than 2% Of Brown Sugar, Citric Acid, Dehydrated Vegetables (Onion, Bell Pepper, Garlic), Lime Juice Powder (Lime Juice Concentrate, Modified Food Starch, Maltodextrin, Citric Acid), Natural Flavor (Including Grill And Smoke), Olive Oil, Salt, Spices, Sugar, Yeast Extract.), Shredded Pepper Jack (Cultured Pasteurized Milk, Jalapeno Peppers, Salt, Enzymes, And Anti cake.), Sour Cream (Milk, Cream, Food Starch-Modified (Corn), Grade A Whey, Sodium Tripolyphosphate, Mono And Diglycerides, Guar Gum, Carrageenan, And Locust Bean Gum, Citric Acid Blend (Water, Citric Acid, Lactic Acid, Phosphoric Acid, And Natural Flavors), Salt, Potassium Sorbate. Common Allergens Present: Milk. May Contain: Egg, Soy.), Tomato (Tomato.), Tomato Puree Fcy No Citric Acid (Vine-Ripened Fresh Tomatoes and Salt.), Diced Tomato in Juice (Diced Tomatoes, Tomato Juice, Salt, Calcium Chloride, Citric Acid.), Kidney Beans (Prepared Kidney Beans, Water, Sugar, Dextrose, Salt, Calcium Chloride (Firming Agent), and Disodium EDTA (To Promote Color Retention). COMMON ALLERGENS PRESENT: None.), Sea To Table Gulf Shrimp (Gulf Shrimp. Contains: Shellfish), Onion (Fresh Yellow Onions.), Shredded Iceberg Lettuce (Iceberg Lettuce.), Green Pepper (Green Bell Peppers.), Water (Filtered Tap Water.), Celery (Celery.), Water (Filtered Tap Water.), Magic Redfish Blackened Seasoning (Salt, Spices, Dehydrated Garlic, Paprika, and Dehydrated Onion.), Peeled Garlic (Garlic.), Tabasco Sauce (Distilled Vinegar, Red Pepper and Salt.), Granulated Sugar (Granulated Beet Sugar), Salad Oil (Soybean Oil.), Pan & Grill Butter Flavored Liquid Oil (Soybean Oil, Hydrogenated Soybean Oil, Soy Lecithin, Natural and Artificial Flavors, Artificial Color. COMMON ALLERGENS PRESENT: Soy.), Worcestershire Sauce (Distilled Vinegar, Molasses, Water, Corn Syrup, Salt, Caramel Color, Sugar, Spices, Anchovy (Fish), Natural Flavor (Soy), Tamarind Extract & Soy Lecithin. Common Allergens Present: Soy, Fish.), Parsley Flakes (Parsley.), Coarse Kosher Salt (Salt), Frank's Red Hot Sauce (Aged Cayenne Red Peppers, Distilled Vinegar, Water, Salt & Garlic Powder.), Low Sodium Vegetable Base (Vegetables (Onions, Celery, Carrots), Maltodextrin, Sugar, Corn Starch, Onion Powder, Salt, Potassium Chloride, Carrot Powder, Corn Oil, Yeast Extract, Hydrolyzed Corn Protein, Carrot Juice Concentrate, Tomato Paste, Dehydrated Garlic, Disodium Guanylate, Disodium Inosinate, Natural Flavor, Potassium Sorbate, Extractives Of Turmeric (Color).), Green Onion (Fresh Green Onions.), Thyme Leaf (Thyme Leaves.), Italian Seasoning No MSG (Oregano, Marjoram, Thyme, Basil, Rosemary, Sage.), Oregano Leaves (Oregano.), Basil Leaves No MSG (Basil Leaves.), Whole Bay Leaves (Bay leaves.).",1,bowl,1232.0,56.0,15.0,,172.0,111.0,25.0,11.0,1564.0,2443.0,8.0,60.0,5.7,232.0,,,,,,,https://nd.api.nutrislice.com/menu/api/weeks/school/58415/menu-type/28583/2026/10/7
2026-10-09,2364623,Yuca Cheese Balls,"Yuca Cheese Bite (Cassava, Mozzarella Cheese (Culturized, Pasteurized Milk, Salt and Enzymes), Powdered Cellulose (Anti-Caking Agent) and Natamycin (Natural Mold Inhibitor), Soybean Oil, Water, Salt), Canola Oil (Canola Oil, TBHQ and Citric Acid Added To Protect Flavor, Dimethylpolysiloxanes, An Anti-Foaming Agent Added.).",1,ball,44.0,1.9,0.8,,4.0,6.0,0.0,0.0,49.0,96.0,0.0,1.0,0.0,43.0,,,,,,,https://nd.api.nutrislice.com/menu/api/weeks/school/58415/menu-type/28583/2026/10/7
2026-10-09,2262388,Calabacitas,"Sweet Corn (Corn.), Zucchini (Fresh Zucchini Squash.), Yellow Squash (Yellow Squash.), Grated Cotija Cheese (Pasteurized Milk, Salt, Cheese Cultures, Enzymes, Anti Caking Agent [Potato Starch, Corn Starch, Cellulose, Natamycin (an all natural mold inhibitor)]. COMMON ALLERGENS PRESENT: Milk.), Poblano Peppers (Poblano Peppers.), Onion (Fresh Yellow Onions.), 1/4"" Diced Red Pepper (Red Bell Pepper.), Unsalted Butter (Cream, SaltContains Milk), Lime (Limes.), Fresh Heavy Whipping Cream 0.5gal (Cream, Carrageenan. Contains: Milk.), Peeled Garlic (Garlic.), Coarse Kosher Salt (Salt), Ground Black Pepper (Ground Black Pepper.).",4,oz,80.0,3.2,1.7,,10.0,10.0,0.0,3.0,230.0,377.0,1.0,4.0,0.4,44.0,,,,,,,https://nd.api.nutrislice.com/menu/api/weeks/school/58415/menu-type/28583/2026/10/7
2026-10-09,1937927,Tortilla Chips,"Unfried White Corn Tortilla Chips (Whole Grain Corn, Water, Gums, Preservatives (Propionic acid, Sorbic acid, Fumaric acid, Methyl and Propyl parabens), Lime.), Canola Oil (Canola Oil, TBHQ and Citric Acid Added To Protect Flavor, Dimethylpolysiloxanes, An Anti-Foaming Agent Added.), Coarse Kosher Salt (Salt).",1,oz,84.0,3.0,0.2,,0.0,11.0,0.0,0.0,0.0,464.0,2.0,2.0,0.3,16.0,,,,,,,https://nd.api.nutrislice.com/menu/api/weeks/school/58415/menu-type/28583/2026/10/7
2026-10-09,2262417,Curtido,"Shredded Cabbage (Green Cabbage), White Vinegar (White Distilled Vinegar and Filtered Water.), Sliced Red Onion (Red Onions), Shredded Carrot (Carrots.), Coarse Kosher Salt (Salt), Oregano Ground (Oregano.), Water (Filtered Tap Water.).",4,oz portion,27.0,0.0,0.0,,0.0,6.0,0.0,3.0,196.0,123.0,1.0,1.0,0.2,44.0,,,,,,,https://nd.api.nutrislice.com/menu/api/weeks/school/58415/menu-type/28583/2026/10/7
2026-10-09,2054800,Bean and Cheese Pupusa,"Pupusa Bean & Cheese Ckd Fz (Masa: Whole Cooked Corn, Canola Oil, Cultured Dextrose, Salt, Trace of Lime. Filling: Beans [Water, Pinto Beans, Jalapeno Pepper (Jalapeno Pepper, Water, Vinegar, Salt), Salt, Chile Powder (Chili Pepper and Spices)], Mozzarella Cheese (Pasteurized Part Skim Milk, Cheese Culture, Salt, Enzyme).), Allergen Free Pan Coating Spray (Canola Oil, Canola Lecithin, Mono- and Diglycerides, Natural Flavor, and Propellant.).",2,pupusa,486.0,19.0,6.0,,25.0,58.0,0.0,2.0,549.0,799.0,7.0,22.0,1.7,416.0,,,,,,,https://nd.api.nutrislice.com/menu/api/weeks/school/58415/menu-type/28583/2026/10/7
2026-10-09,2246510,Salsa Verde,"Tomatillo, Salad Oil (Soybean Oil.), Spanish Onion (Fresh Yellow Onions.), Serrano Chili Peppers (Serrano Peppers.), Cilantro (Fresh Cilantro.), Lime (Limes.), Coarse Kosher Salt (Salt), Peeled Garlic (Garlic.).",1,fl oz,68.0,6.0,0.9,,0.0,2.0,0.0,1.0,65.0,118.0,0.0,0.0,0.1,3.0,,,,,,,https://nd.api.nutrislice.com/menu/api/weeks/school/58415/menu-type/28583/2026/10/7
2026-10-09,1949308,Fresh Guacamole,"Avocado (Avocado.), Tomato (Tomato.), Onion (Fresh Yellow Onions.), 100% Lemon Juice (Lemon Juice from Concentrate (Water, Concentrated Lemon Juice), Sodium Benzoate (Preservative) and Lemon Oil.), Jalapeno Pepper (jalapeno pepper), Cilantro (Fresh Cilantro.), Coarse Kosher Salt (Salt).",3,z,99.0,9.0,1.0,,0.0,6.0,0.0,1.0,348.0,46.0,4.0,1.0,0.6,11.0,,,,,,,https://nd.api.nutrislice.com/menu/api/weeks/school/58415/menu-type/28583/2026/10/7
2026-10-09,1755964,Captain Crunch Wildberries,"CORN FLOUR, SUGAR, OAT FLOUR, BROWN SUGAR, PALM AND/OR COCONUT OIL, SALT, SODIUM CITRATE, NATURAL AND ARTIFICIAL FLAVOR, STRAWBERRY JUICE CONCENTRATE, RED 40, REDUCED IRON, YELLOW 5, NIACINAMIDE*, MALIC ACID,ZINC OXIDE, BLUE 1, YELLOW 6, THIAMINE MONONITRATE*, RIBOFLAVIN*, BHT (A PRESERVATIVE), PYRIDOXINE HYDROCHLORIDE*, FOLIC ACID*. *ONE OF THE B VITAMINS. COMMON ALLERGENS PRESENT: None..",1,cups,177.0,2.7,0.9,,0.0,39.0,0.0,19.0,88.0,336.0,2.0,2.0,8.0,0.0,,,,,,,https://nd.api.nutrislice.com/menu/api/weeks/school/58415/menu-type/28583/2026/10/7
2026-10-09,1755968,Cheerios,"Whole Grain Oats, Corn Starch, Sugar, Salt, Tripotassium Phosphate. Vitamin E (Mixed Tocopherols) Added To Preserve Freshness. Vitamins And Minerals: Calcium Carbonate, Iron And Zinc (Mineral Nutrients), Vitamin C (Sodium Ascorbate), A B Vitamin (Niacinamide), Vitamin B6 (Pyridoxine Hydrochloride), Vitamin A (Palmitate), Vitamin B1 (Thiamin Mononitrate), A B Vitamin (Folic Acid), Vitamin B12, Vitamin D3..",1,cups,110.0,2.1,0.3,,0.0,22.0,1.0,2.0,196.0,149.0,3.0,4.0,9.6,100.0,,,,,,,https://nd.api.nutrislice.com/menu/api/weeks/school/58415/menu-type/28583/2026/10/7
2026-10-09,1755969,Honey Cheerios,"Whole Grain Oats, Sugar, Corn Starch, Honey, Brown Sugar Syrup, Salt, Tripotassium Phosphate, Canola And/Or Sunflower Oil, Natural Flavor. Vitamin E (Mixed Tocopherols) Added To Preserve Freshness. Vitamins And Minerals: Calcium Carbonate, Vitamin C (Sodium Ascorbate), Iron And Zinc (Mineral Nutrients), A B Vitamin (Niacinamide), Vitamin B6 (Pyridoxine Hydrochloride), Vitamin B1 (Thiamin Mononitrate), Vitamin A (Palmitate), Vitamin B2 (Riboflavin), A B Vitamin (Folic Acid), Vitamin B12, Vitamin D3..",0.25,cups,160.0,2.5,0.4,,0.0,33.0,9.0,9.0,196.0,253.0,4.0,4.0,4.2,150.0,,,,,,,https://nd.api.nutrislice.com/menu/api/weeks/school/58415/menu-type/28583/2026/10/7
2026-10-09,1755970,Rice Chex,"Whole Grain Rice, Rice, Sugar, Salt, Molasses. Vitamin E (Mixed Tocopherols) Added To Preserve Freshness. Vitamins And Minerals: Tricalcium Phosphate, Iron And Zinc (Mineral Nutrients), Vitamin C (Sodium Ascorbate), A B Vitamin (Niacinamide), Vitamin B2 (Riboflavin), Vitamin B6 (Pyridoxine Hydrochloride), Vitamin B1 (Thiamin Mononitrate), Vitamin A (Palmitate), A B Vitamin (Folic Acid), Vitamin B12, Vitamin D3..",1,cups,172.0,0.9,0.5,,0.0,40.0,3.0,4.0,92.0,356.0,2.0,3.0,16.6,149.0,,,,,,,https://nd.api.nutrislice.com/menu/api/weeks/school/58415/menu-type/28583/2026/10/7
2026-10-09,1755971,Cinnamon Toast Crunch,"Whole Grain Wheat, Sugar, Rice Flour, Canola And/Or Sunflower Oil, Fructose, Maltodextrin, Dextrose, Salt, Cinnamon, Trisodium Phosphate, Soy Lecithin, Caramel Color, Rosemary Extract. Bht Added To Preserve Freshness. Vitamins And Minerals: Calcium Carbonate, Vitamin C (Sodium Ascorbate), Iron And Zinc (Mineral Nutrients), A B Vitamin (Niacinamide), Vitamin B6 (Pyridoxine Hydrochloride), Vitamin B1 (Thiamin Mononitrate), Vitamin A (Palmitate), Vitamin B2 (Riboflavin), A B Vitamin (Folic Acid), Vitamin B12, Vitamin D3..",1,cups,207.0,4.9,0.0,,0.0,40.0,15.0,15.0,0.0,280.0,4.0,2.0,4.9,159.0,,,,,,,https://nd.api.nutrislice.com/menu/api/weeks/school/58415/menu-type/28583/2026/10/7
2026-10-09,1755972,Cocoa Puffs,"Whole Grain Corn, Sugar, Rice Flour, Corn Meal, Corn Syrup, Cocoa Processed With Alkali, Canola And/Or Sunflower Oil, Color (Caramel Color And Annatto Extract), Salt, Baking Soda, Natural Flavor, Rosemary Extract. Vitamins And Minerals: Tricalcium Phosphate, Calcium Carbonate, Vitamin C (Sodium Ascorbate), Iron And Zinc (Mineral Nutrients), A B Vitamin (Niacinamide), Vitamin B6 (Pyridoxine Hydrochloride), Vitamin B1 (Thiamin Mononitrate), Vitamin A (Palmitate), Vitamin B2 (Riboflavin), A B Vitamin (Folic Acid), Vitamin B12, Vitamin D3. May Contain: Wheat.",1,cups,177.0,2.3,0.5,,0.0,40.0,15.0,15.0,128.0,166.0,3.0,2.0,4.6,166.0,,,,,,,https://nd.api.nutrislice.com/menu/api/weeks/school/58415/menu-type/28583/2026/10/7
2026-10-09,1755974,Froot Loops,"Corn Flour Blend (Whole Grain Yellow Corn Flour, Degerminated Yellow Corn Flour), Sugar, Wheat Flour, Whole Grain Oat Flour, Modified Food Starch, Contains 2% Or Less Of Vegetable Oil (Hydrogenated Coconut, Soybean And/Or Cottonseed), Oat Fiber, Maltodextrin, Salt,Soluble Corn Fiber, Natural Flavor, Red 40, Yellow 5, Blue 1, Yellow 6, Bht For Freshness.Vitamins And Minerals: Vitamin C (Ascorbic Acid), Reduced Iron, Niacinamide, Vitamin B6 (Pyridoxine Hydrochloride), Vitamin B2 (Riboflavin), Vitamin B1 (Thiamin Hydrochloride), Folic Acid, Vitamin D3, Vitamin B12. Common Allergens Present: Wheat..",1,cups,205.0,1.5,1.0,,5.0,42.0,12.0,21.0,331.0,273.0,2.0,8.0,4.4,214.0,,,,,,,https://nd.api.nutrislice.com/menu/api/weeks/school/58415/menu-type/28583/2026/10/7
2026-10-09,1755973,Frosted Flakes,"Milled corn, sugar, malt flavor, contains 2% or less of salt.Vitamins and Minerals: Iron (ferric phosphate), niacinamide, vitamin B6 (pyridoxine hydrochloride), vitamin B2 (riboflavin), vitamin B1 (thiamin hydrochloride), folic acid, vitamin D3, vitamin B12. COMMON ALLERGENS PRESENT: None..",1,cups,318.0,0.0,0.0,,8.0,67.0,19.0,35.0,509.0,429.0,2.0,13.0,11.5,350.0,,,,,,,https://nd.api.nutrislice.com/menu/api/weeks/school/58415/menu-type/28583/2026/10/7
2026-10-09,1755975,Lucky Charms,"Whole Grain Oats, Sugar, Corn Starch, Modified Corn Starch, Corn Syrup, Dextrose. Contains 2% or less of: Salt, Gelatin, Trisodium Phosphate, Red 40, Yellow 5 & 6, Blue 1, Natural and Artificial Flavor. Vitamin E (mixed tocopherols) Added to Preserve Freshness. Vitamins and Minerals: Calcium Carbonate, Vitamin C (sodium ascorbate), Iron and Zinc (mineral nutrients), A B Vitamin (niacinamide), Vitamin B6 (pyridoxine hydrochloride), Vitamin B1 (thiamin mononitrate), Vitamin A (palmitate), Vitamin B2 (riboflavin), A B Vitamin (folic acid), Vitamin B12, Vitamin D3. COMMON ALLERGENS PRESENT: None..",1,cups,148.0,1.6,0.0,,0.0,32.0,13.0,13.0,0.0,243.0,2.0,3.0,3.8,137.0,,,,,,,https://nd.api.nutrislice.com/menu/api/weeks/school/58415/menu-type/28583/2026/10/7
2026-10-09,1756047,Granola,"Whole Grain Oats, Sugar, Canola Oil, Rice Flour, Honey, Salt, Brown Sugar Syrup, Baking Soda, Soy Lecithin, Natural Flavor. Common Allergens Present: Soy..",1,oz,126.0,4.7,0.5,,0.0,20.0,7.0,7.0,0.0,100.0,1.0,2.0,0.6,0.0,,,,,,,https://nd.api.nutrislice.com/menu/api/weeks/school/58415/menu-type/28583/2026/10/7
2026-10-09,1755980,Raisin Bran,"WHOLE GRAIN WHEAT, RAISINS, WHEAT BRAN, SUGAR, BROWN SUGAR SYRUP. CONTAINS 2% OR LESS Of malt flavor, salt. COMMON ALLERGENS PRESENT: Wheat..",1,cups,245.0,1.3,0.0,,0.0,61.0,12.0,22.0,361.0,258.0,9.0,6.0,2.3,26.0,,,,,,,https://nd.api.nutrislice.com/menu/api/weeks/school/58415/menu-type/28583/2026/10/7
2026-10-09,1755981,Special K with Red Berries,"Whole grain wheat, rice, sugar, freeze-dried strawberries, wheat bran, contains 2% or less of brown sugar syrup, salt, malt flavor.Vitaminsand Minerals: Vitamin C (ascorbic acid), reduced iron, vitamin E acetate, niacinamide, beta-carotene, vitamin B6 (pyridoxine hydrochloride),vitamin B1 (thiamin hydrochloride), vitamin B2 (riboflavin), folic acid, vitamin D3, vitamin B12. COMMON ALLERGENS PRESENT: Wheat..",1,cups,361.0,0.9,0.0,,9.0,78.0,18.0,38.0,650.0,578.0,5.0,16.0,19.5,415.0,,,,,,,https://nd.api.nutrislice.com/menu/api/weeks/school/58415/menu-type/28583/2026/10/7
2026-10-09,1755976,Trix,"Whole Grain Corn, Sugar, Rice Flour, Corn Syrup, Canola and/or Sunflower Oil, Salt, Trisodium Phosphate, Natural and Artificial Flavor, Red 40, Yellow 6, Blue 1 and Other Color Added, Citric Acid, Malic Acid. Vitamins and Minerals: Calcium Carbonate, Tricalcium Phosphate, Vitamin C (sodium ascorbate), Iron and Zinc (mineral nutrients), A B Vitamin (niacinamide), Vitamin B6 (pyridoxine hydrochloride), Vitamin B2 (riboflavin), Vitamin B1 (thiamin mononitrate), Vitamin A (palmitate), A B Vitamin (folic acid), Vitamin B12, Vitamin D3. COMMON ALLERGENS PRESENT: None..",1,cups,156.0,2.0,0.0,,0.0,32.0,12.0,12.0,0.0,175.0,1.0,2.0,3.5,127.0,,,,,,,https://nd.api.nutrislice.com/menu/api/weeks/school/58415/menu-type/28583/2026/10/7
2026-10-09,2265924,Brewed Coffee,"Water (Filtered Tap Water.), Coffee Chokoleti (100% Arabica).",6,z,0.0,0.0,0.0,,0.0,0.0,0.0,0.0,0.0,7.0,0.0,0.0,0.0,5.0,,,,,,,https://nd.api.nutrislice.com/menu/api/weeks/school/58415/menu-type/28583/2026/10/7
2026-10-09,1756033,Coffeemate Hazelnut Creamer,"WATER, SUGAR, COCONUT OIL, SODIUM CASEINATE (A MILK DERIVATIVE), DIPOTASSIUM PHOSPHATE, DATEM, ARTIFICIAL FLAVOR, MONO- AND DIGLYCERIDES, BETACAROTENE COLOR, RIBOFLAVIN COLOR. COMMON ALLERGENS PRESENT: Milk..",1,fl oz,11.0,0.5,0.0,,0.0,2.0,2.0,2.0,0.0,2.0,0.0,0.0,0.0,0.0,,,,,,,https://nd.api.nutrislice.com/menu/api/weeks/school/58415/menu-type/28583/2026/10/7
2026-10-09,1756038,Coffeemate Original Creamer,"WATER, COCONUT OIL, SUGAR, SODIUM CASEINATE (A MILK DERIVATIVE), DIPOTASSIUM PHOSPHATE, DATEM, MONO- AND DIGLYCERIDES, ARTIFICIAL FLAVOR, BETA-CAROTENE COLOR. COMMON ALLERGENS PRESENT: Milk..",1,fl oz,30.0,3.0,3.0,,0.0,0.0,0.0,0.0,0.0,0.0,0.0,0.0,0.0,0.0,,,,,,,https://nd.api.nutrislice.com/menu/api/weeks/school/58415/menu-type/28583/2026/10/7
2026-10-09,1778110,French Vanilla Coffee Creamer,Removed: FRENCH VANILLA NON-DAIRY CREAMER POWDER COFFEE-MATE.,1,fl oz,162.0,2.5,0.0,,0.0,9.0,0.0,7.0,0.0,15.0,0.0,0.0,0.0,0.0,,,,,,,https://nd.api.nutrislice.com/menu/api/weeks/school/58415/menu-type/28583/2026/10/7
2026-10-09,1756336,Honey,Honey. COMMON ALLERGENS PRESENT: None.,1,pkt,25.0,0.0,0.0,,0.0,7.0,0.0,7.0,5.0,0.0,0.0,0.0,0.0,0.0,,,,,,,https://nd.api.nutrislice.com/menu/api/weeks/school/58415/menu-type/28583/2026/10/7
2026-10-09,1756210,ecoStick Blue Sugar Substitute,"DEXTROSE, ASPARTAME.PHENYLKETONURICS: CONTAINS PHENYLALANINE.COMMON ALLERGENS PRESENT: None.",1,stick,0.0,0.0,0.0,,0.0,0.0,0.0,0.0,0.0,0.0,0.0,0.0,0.0,0.0,,,,,,,https://nd.api.nutrislice.com/menu/api/weeks/school/58415/menu-type/28583/2026/10/7
2026-10-09,1756219,ecoStick Pink Sugar Substitute,"DEXTROSE, SACCHARIN, CREAM OF TARTAR, CALCIUM SILICATE (AN ANTI-CAKING AGENT). COMMON ALLERGENS PRESENT: None..",1,stick,0.0,0.0,0.0,,0.0,1.0,1.0,1.0,1.0,0.0,0.0,0.0,0.0,0.0,,,,,,,https://nd.api.nutrislice.com/menu/api/weeks/school/58415/menu-type/28583/2026/10/7
2026-10-09,1756225,ecoStick Yellow Sugar Substitute,"Dextrose, Sucralose. COMMON ALLERGENS PRESENT: None..",1,stick,0.0,0.0,0.0,,0.0,1.0,0.0,1.0,0.0,0.0,0.0,0.0,0.0,0.0,,,,,,,https://nd.api.nutrislice.com/menu/api/weeks/school/58415/menu-type/28583/2026/10/7
2026-10-09,1756231,Cafe Delight Cane Sugar Pc,ORGANIC CANE SUGAR. COMMON ALLERGENS PRESENT: None..,1,stick,10.0,0.0,0.0,,0.0,3.0,3.0,3.0,0.0,0.0,0.0,0.0,0.0,0.0,,,,,,,https://nd.api.nutrislice.com/menu/api/weeks/school/58415/menu-type/28583/2026/10/7
2026-10-09,1755966,Black Tea Bag,Decaffeinated Orange Pekoe And Pekoe Cut Black Tea..,1,tea bag,0.0,0.0,0.0,,0.0,0.0,0.0,0.0,2.0,0.0,0.0,0.0,0.0,0.0,,,,,,,https://nd.api.nutrislice.com/menu/api/weeks/school/58415/menu-type/28583/2026/10/7
2026-10-09,1756253,Lipton Decaf Tea Bag,Decaffeinated Orange Pekoe And Pekoe Cut Black Tea..,1,tea bag,0.0,0.0,0.0,,0.0,0.0,0.0,0.0,2.0,0.0,0.0,0.0,0.0,0.0,,,,,,,https://nd.api.nutrislice.com/menu/api/weeks/school/58415/menu-type/28583/2026/10/7
2026-10-09,1756007,Cherry Coke,"Water (Filtered Tap Water.), Cherry Coke (High Fructose Corn Syrup, Caramel Color, Phosphoric Acid, Natural Flavors, Caffeine.).",12,z cup,144.0,0.0,0.0,,0.0,40.0,40.0,40.0,0.0,45.0,0.0,0.0,0.0,9.0,,,,,,,https://nd.api.nutrislice.com/menu/api/weeks/school/58415/menu-type/28583/2026/10/7
2026-10-09,1755990,Coke Classic,"Water (Filtered Tap Water.), Classic Coke Syrup (High Fructose Corn Syrup, Caramel Color, Phosphoric Acid, Natural Flavors, Caffeine.).",12,z cup,140.0,0.0,0.0,,0.0,18.0,39.0,39.0,0.0,57.0,0.0,0.0,0.0,9.0,,,,,,,https://nd.api.nutrislice.com/menu/api/weeks/school/58415/menu-type/28583/2026/10/7
2026-10-09,1756000,Diet Coke,"Water (Filtered Tap Water.), Syrup Coke Diet BIB (Caramel Color, Aspartame, Phosphoric Acid, Potassium Benzoate (To Protect Taste), Natural Flavors, Citric Acid, Caffeine.Phenylketonurics: Contains Phenylalanine).",12,z cup,0.0,0.0,0.0,,0.0,0.0,0.0,0.0,0.0,50.0,0.0,0.0,0.0,9.0,,,,,,,https://nd.api.nutrislice.com/menu/api/weeks/school/58415/menu-type/28583/2026/10/7
2026-10-09,1756012,Coke Zero,"Water (Filtered Tap Water.), Syrup Coke Zero BIB (Caramel Color, Phosphoric Acid, Aspartame, Potassium Benzoate (To Protect Taste), Natural Flavors, Potassium Citrate, Acesulfame Potassium, Caffeine, Stevia Extract. Phenylketonurics: Contains Phenylalanine. Zero Sugar.).",12,z cup,0.0,0.0,0.0,,0.0,0.0,0.0,0.0,58.0,50.0,0.0,0.0,0.0,9.0,,,,,,,https://nd.api.nutrislice.com/menu/api/weeks/school/58415/menu-type/28583/2026/10/7
2026-10-09,2265925,Lemonade 12z Cup,"Water (Filtered Tap Water.), Lemonade (High Fructose Corn Syrup, Lemon Juice from Concentrate, Less than 0.5% of: Natural Flavors, Citric Acid (Provides Tartness), Modified Cornstarch, Glycerol, Ester of Rosin, Sodium Benzoate and Potassium Sorbate and Calcium Disodium EDTA (to Protect Taste), Yellow 5.).",12,z cup,144.0,0.0,0.0,,0.0,40.0,38.0,38.0,0.0,60.0,0.0,0.0,0.0,9.0,,,,,,,https://nd.api.nutrislice.com/menu/api/weeks/school/58415/menu-type/28583/2026/10/7
2026-10-09,1756187,Barq's Root Beer,"Water (Filtered Tap Water.), Syrup Root Beer BIB Barqs (Carbonated Water, High Fructose Corn Syrup, Caramel Color, Sodium Benzoate (To Protect Taste), Citric Acid, Caffeine, Artificial And Natural Flavors, Acacia.).",12,z cup,173.0,0.0,0.0,,0.0,42.0,42.0,42.0,0.0,74.0,0.0,0.0,0.0,9.0,,,,,,,https://nd.api.nutrislice.com/menu/api/weeks/school/58415/menu-type/28583/2026/10/7
2026-10-09,1756194,Diet Sprite,"Water (Filtered Tap Water.), Syrup Sprite Diet BIB (Carbonated Water, Citric Acid, Potassium Citrate, Natural Flavors, Potassium Benzoate (To Protect Taste), Aspartame, Acesulfame Potassium. Phenylketonurics: Contains Phenylalanine).",12,z cup,0.0,0.0,0.0,,0.0,0.0,0.0,0.0,106.0,45.0,0.0,0.0,0.0,9.0,,,,,,,https://nd.api.nutrislice.com/menu/api/weeks/school/58415/menu-type/28583/2026/10/7
2026-10-09,1756163,Pibb Extra,"Water (Filtered Tap Water.), Pibb Xtra.",12,flz cup,0.0,0.0,0.0,,0.0,0.0,0.0,0.0,0.0,12.0,0.0,0.0,0.0,9.0,,,,,,,https://nd.api.nutrislice.com/menu/api/weeks/school/58415/menu-type/28583/2026/10/7
2026-10-09,1756169,Powerade Mountain Blast,"Water (Filtered Tap Water.), Syrup Powerade Mountain Blast BIB (High Fructose Corn Syrup, Less Than 0.5% Of: Citric Acid, Electrolytes (Salt, Sodium Citrate, Magnesium And Calcium Chlorides, Mono-Potassium Phosphate), Vitamins B12 And C (Cyanocobalamin And Ascorbic Acid), Natural Flavors, Modified Food Starch, Calcium Disodium Edta (To Protect Color), Medium Chain Triglycerides, Sucrose Acetate Isobutyrate, Blue 1.).",12,flz cup,80.0,0.0,0.0,,0.0,21.0,21.0,21.0,80.0,252.0,21.0,0.0,0.0,9.0,,,,,,,https://nd.api.nutrislice.com/menu/api/weeks/school/58415/menu-type/28583/2026/10/7
2026-10-09,1756202,Sprite,"Water (Filtered Tap Water.), Syrup Sprite BIB (High Fructose Corn Syrup, Citric Acid, Natural Flavors, Sodium Citrate, Sodium Benzoate (To Protect Taste). 100% Natural Flavors No Caffeine).",12,flz cup,129.0,0.0,0.0,,0.0,35.0,35.0,35.0,0.0,71.0,35.0,0.0,0.0,9.0,,,,,,,https://nd.api.nutrislice.com/menu/api/weeks/school/58415/menu-type/28583/2026/10/7
2026-10-09,2265922,Gala Apples,Fresh Gala Apples..,1,apple,119.0,0.3,0.0,,0.0,29.0,0.0,22.0,225.0,0.0,5.0,1.0,0.3,15.0,,,,,,,https://nd.api.nutrislice.com/menu/api/weeks/school/58415/menu-type/28583/2026/10/7
2026-10-09,1756316,Bananas,Fresh Banana..,1,banana,141.0,0.0,0.0,,0.0,35.0,0.0,18.0,541.0,0.0,4.0,1.0,0.4,8.0,,,,,,,https://nd.api.nutrislice.com/menu/api/weeks/school/58415/menu-type/28583/2026/10/7
2026-10-09,1756327,Orange,Orange..,1,orange,96.0,0.2,0.0,,0.0,24.0,0.0,19.0,369.0,0.0,5.0,2.0,0.2,82.0,,,,,,,https://nd.api.nutrislice.com/menu/api/weeks/school/58415/menu-type/28583/2026/10/7
2026-10-09,1756065,Apple Juice,"Water (Filtered Tap Water.), Apple Juice (Frozen Concentrated Apple Juice. COMMON ALLERGENS PRESENT: None.).",6,flz cup,14.0,0.0,0.0,,0.0,4.0,0.0,3.0,0.0,6.0,0.0,0.0,0.0,4.0,,,,,,,https://nd.api.nutrislice.com/menu/api/weeks/school/58415/menu-type/28583/2026/10/7
2026-10-09,1756074,Cranberry,"Water (Filtered Tap Water.), Cranberry Juice (High Fructose Corn Syrup, Sugar, Water, Concentrated Cranberry Juice, Citric Acid (provides tartness), Vitamin C (Ascorbic Acid).).",6,flz cup,67.0,0.0,0.0,,0.0,18.0,0.0,16.0,0.0,6.0,0.0,0.0,0.0,4.0,,,,,,,https://nd.api.nutrislice.com/menu/api/weeks/school/58415/menu-type/28583/2026/10/7
2026-10-09,1756082,Orange,"Water (Filtered Tap Water.), Orange Juice (100% Orange Juice From Concentrate Contains Pure Filtered Water, Premium Concentrated Orange Juice. .).",6,flz cup,17.0,0.0,0.0,,0.0,4.0,0.0,4.0,68.0,8.0,0.0,0.0,0.0,7.0,,,,,,,https://nd.api.nutrislice.com/menu/api/weeks/school/58415/menu-type/28583/2026/10/7
2026-10-09,1756090,2% Milk,"Grade A Reduced Fat Milk, Vitamin A Palmitate & Vitamin D3.",8,flz,118.0,4.9,3.5,,20.0,11.0,0.0,11.0,345.0,118.0,0.0,8.0,0.0,296.0,,,,,,,https://nd.api.nutrislice.com/menu/api/weeks/school/58415/menu-type/28583/2026/10/7
2026-10-09,2265923,1% Chocolate Milk,"Low Fat Milk, Sugar, Cornstarch, Cocoa, Alkalized Cocoa, Salt, Carrageenan, Natural Flavor, Vitamin A Palmitate, Vitamin D3. Contains: Milk..",1,cups,148.0,2.5,1.5,,10.0,24.0,11.0,22.0,345.0,227.0,0.0,8.0,0.2,276.0,,,,,,,https://nd.api.nutrislice.com/menu/api/weeks/school/58415/menu-type/28583/2026/10/7
2026-10-09,1756105,Oat Milk,"Oatmilk (Water, Oat), Sunflower Oil, Dipotassium Phosphate, Calcium Carbonate, Tricalcium Phosphate, Sea Salt, Gellan Gum, Vitamin A Palmitate, Vitamin D2..",1,cups,111.0,6.0,1.0,,0.0,13.0,2.0,2.0,384.0,106.0,1.0,1.0,0.0,263.0,,,,,,,https://nd.api.nutrislice.com/menu/api/weeks/school/58415/menu-type/28583/2026/10/7
2026-10-09,1756113,Chocolate Pea,"Water, Cane Sugar, Pea Protein, Sunflower Oil, Alkalized Cocoa Powder, Calcium Carbonate, Natural Flavor, Sea Salt, Potassium Citrate, Sunflower Lecithin, Natural Vanilla Flavor With Other Natural Flavor, Guar Gum, Gellan Gum, Vitamin A Palmitate, Vitamin D2..",1,cups,140.0,5.0,0.5,,0.0,15.0,13.0,13.0,180.0,140.0,2.0,8.0,2.2,400.0,,,,,,,https://nd.api.nutrislice.com/menu/api/weeks/school/58415/menu-type/28583/2026/10/7
2026-10-09,1756121,Skim,"Grade A Fat Free (Skim) Milk, Vitamin A Palmitate & Vitamin D3..",8,flz,79.0,0.0,0.0,,5.0,11.0,0.0,11.0,355.0,118.0,0.0,8.0,0.1,296.0,,,,,,,https://nd.api.nutrislice.com/menu/api/weeks/school/58415/menu-type/28583/2026/10/7
2026-10-09,1756129,Soy,"Soymilk (Water, Organic Soybeans), Cane Sugar, Calcium Carbonate, Sea Salt, Dipotassium Phosphate, Natural Flavor, Gellan Gum, Vitamin A Palmitate, Vitamin D2..",1,cups,101.0,3.0,1.0,,0.0,10.0,5.0,7.0,385.0,81.0,3.0,8.0,1.0,264.0,,,,,,,https://nd.api.nutrislice.com/menu/api/weeks/school/58415/menu-type/28583/2026/10/7
2026-10-09,1920554,Deleted - Vinegar Balsamic Roland,"Wine Vinegar, Cooked Grape Must, Caramel Color. Contains: Sulfites. COMMON ALLERGENS PRESENT: NONE..",1,Tbsp,18.0,0.0,0.0,,0.0,4.0,1.0,4.0,21.0,0.0,0.0,0.0,0.2,4.0,,,,,,,https://nd.api.nutrislice.com/menu/api/weeks/school/58415/menu-type/28583/2026/10/7
2026-10-09,1756205,Creamy Caesar,"Soybean Oil, Distilled Vinegar, Water, Parmesan Cheese (Pasteurized Part-Skim Milk, Cheese Cultures, Salt, Enzymes), Romano Cheese (Pasteurized Part-Skim Milk, Cheese Cultures, Salt, Enzymes), Sugar, Egg Yolk, Salt, Contains Less Than 2% Of Garlic Juice, Modified Corn Starch, Spice, Natural Flavor, Garlic*, Xanthan Gum, Anchovies, Polysorbate 60, Onion*, Corn Syrup, Sodium Benzoate (Preservative), Lactic Acid, Maltodextrin, Calcium Disodium Edta (To Protect Flavor), Celery Seed, Tamarind, Autolyzed Yeast Extract. *Dried. Contains: Milk, Eggs, Fish (Anchovy)..",1,oz,113.0,11.0,1.9,,14.0,2.0,1.0,1.0,9.0,293.0,0.0,1.0,0.0,28.0,,,,,,,https://nd.api.nutrislice.com/menu/api/weeks/school/58415/menu-type/28583/2026/10/7
2026-10-09,1756472,Country French,"Soybean Oil, Sugar, Water, Distilled Vinegar, Apple Cider Vinegar, Tomato Paste, Honey, Contains Less Than 2% Of Salt, Paprika, Mustard Flour, Xanthan Gum, Onion,* Garlic,* Beetroot Juice Concentrate, Natural Flavor. *Dried..",1,oz,124.0,12.0,1.8,,0.0,6.0,5.0,6.0,0.0,204.0,0.0,0.0,0.0,0.0,,,,,,,https://nd.api.nutrislice.com/menu/api/weeks/school/58415/menu-type/28583/2026/10/7
2026-10-09,1928031,Honey Mustard Dressing,"Soybean Oil, High Fructose Corn Syrup, Spicy Brown Mustard (Distilled Vinegar, Water, Mustard Seed, Salt, Turmeric, Spices), Honey, Distilled Vinegar, Egg Yolk, Contains Less Than 2% Of Salt, Water, Propylene Glycol Alginate, Mustard Flour, Calcium Disodium Edta (To Protect Flavor). Contains Egg..",1,fl oz,146.0,14.0,2.7,,9.0,7.0,7.0,7.0,0.0,128.0,0.0,0.0,0.0,0.0,,,,,,,https://nd.api.nutrislice.com/menu/api/weeks/school/58415/menu-type/28583/2026/10/7
2026-10-09,1756213,Low Calorie Italian,"Water, Distilled Vinegar, Sugar, Vegetable Oil (Soybean And/Or Canola), Salt, Contains Less Than 2% Of Garlic*, Xanthan Gum, Onion*, Lemon Juice Concentrate, Spice, Red Bell Pepper*, Calcium Disodium Edta (To Protect Flavor), Paprika Extract (Color), Natural Flavor, Annatto Extract (Color). *Dried.",2,Tbsp,23.0,1.9,0.0,,0.0,3.0,2.0,2.0,9.0,413.0,0.0,0.0,0.0,0.0,,,,,,,https://nd.api.nutrislice.com/menu/api/weeks/school/58415/menu-type/28583/2026/10/7
2026-10-09,1756474,Buttermilk Ranch,"Soybean Oil, Water, Distilled Vinegar, Egg Yolk, Buttermilk Solids, Contains Less Than 2% Of Salt, Sugar, Lemon Juice Concentrate, Garlic*, Onion*, Xanthan Gum, Sorbic Acid (Preservative), Natural Flavor, Cream, Spice, Whey, Vinegar Powder, Buttermilk, Yeast Extract, Milk, Sour Cream Powder, Lactic Acid, Calcium Disodium Edta (To Protect Flavor), Citric Acid. *Dried. Contains: Milk, Eggs.",1,oz,132.0,13.0,2.0,,10.0,1.0,0.0,1.0,15.0,182.0,0.0,0.0,0.0,10.0,,,,,,,https://nd.api.nutrislice.com/menu/api/weeks/school/58415/menu-type/28583/2026/10/7
2026-10-09,1756477,Lite Ranch,"Cultured Buttermilk, Water, Vegetable Oil (Soybean And/Or Canola), Distilled Vinegar, Egg Yolk, Contains Less Than 2% Of Salt, Corn Starch, Sugar, Disodium Inosinate And Disodium Guanylate, Nonfat Milk Powder, Onion,* Xanthan Gum, Nonfat Milk Solids, Sorbic Acid (Preservative), Lactic Acid, Spice, Cream, Garlic,* Whey, Vinegar Powder, Mustard Flour, Guar Gum, Sour Cream Powder, Milk, Dipotassium Phosphate, Natural Flavor, Citric Acid. *Dried. Contains Egg, Milk.",1,oz,66.0,7.0,0.9,,5.0,1.0,0.0,1.0,0.0,236.0,0.0,1.0,0.0,0.0,,,,,,,https://nd.api.nutrislice.com/menu/api/weeks/school/58415/menu-type/28583/2026/10/7
2026-10-09,1756123,Balsamic Vinaigrette,"Water, High Fructose Corn Syrup, Balsamic Vinegar (Wine Vinegar, Concentrated Grape Must, Caramel Color), Red Wine Vinegar, Vegetable Oil (Soybean And/Or Canola), Olive Oil, Contains Less Than 2% Of Salt, Dried Garlic, Xanthan Gum, Spice, Sodium Alginate, Propylene Glycol Alginate, Calcium Disodium Edta (To Protect Flavor), Sulfiting Agents..",1,oz,55.0,4.6,0.9,,0.0,5.0,4.0,4.0,9.0,192.0,0.0,0.0,0.0,0.0,,,,,,,https://nd.api.nutrislice.com/menu/api/weeks/school/58415/menu-type/28583/2026/10/7
2026-10-09,1756479,Fat Free Raspberry Vinaigrette,"Water, Distilled Vinegar, Sugar, Corn Syrup Solids, Contains Less Than 2% Of Cucumber Juice, Salt, Vegetable Juice Color, Raspberry Juice Concentrate, Xanthan Gum, Onion*, Red Bell Pepper*, Citric Acid, Potassium Sorbate (Preservative), Artificial Flavor, Garlic*, Calcium Disodium Edta (To Protect Flavor), Beta Carotene (Color). *Dried..",1,fl oz,30.0,0.0,0.0,,0.0,8.0,7.0,7.0,13.0,79.0,0.0,0.0,0.0,0.0,,,,,,,https://nd.api.nutrislice.com/menu/api/weeks/school/58415/menu-type/28583/2026/10/7
2026-10-09,1920552,100% Extra Virgin Olive Oil,100% Extra Virgin Olive Oil..,1,Tbsp,118.0,14.0,2.0,,0.0,0.0,0.0,0.0,0.0,0.0,0.0,0.0,0.0,0.0,,,,,,,https://nd.api.nutrislice.com/menu/api/weeks/school/58415/menu-type/28583/2026/10/7
2026-10-09,1756510,Red Wine Vinegar,Red Wine Vinegar and Filtered Water..,1,fl oz,0.0,0.0,0.0,,0.0,0.0,0.0,0.0,0.0,0.0,0.0,0.0,0.0,0.0,,,,,,,https://nd.api.nutrislice.com/menu/api/weeks/school/58415/menu-type/28583/2026/10/7
2026-10-09,2293503,Chocolate Soft Serve Ice Cream,"Chocolate Soft Serve (Milk, Sugar, Cream, Corn Syrup, High Fructose Corn Syrup, Whey, Cocoa, Nonfat Milk, Mono & Diglycerides, Guar Gum, Tetrasodium Pyrophosphate, Dextrose, Carrageenan, And Vitamin A Palmitate. COMMON ALLERGENS PRESENT: Milk.).",4,z,169.0,6.0,3.9,,19.0,26.0,0.0,25.0,0.0,130.0,1.0,4.0,0.5,130.0,,,,,,,https://nd.api.nutrislice.com/menu/api/weeks/school/58415/menu-type/28583/2026/10/7
2026-10-09,2293504,Vanilla Soft Serve Ice Cream,"Vanilla Soft Serve Ice Cream Mix (Milk, Sugar, Cream, Corn Syrup, High Fructose Corn Syrup, Whey, Nonfat Milk, Mono & Diglycerides, Guar Gum, Tetra Sodium Pyrophosphate, Dextrose, Carrageenan, Vanillin (Artificial Flavor), Vanilla, Annatto Color, And Vitamin A Palmitate. Common Allergens Present: Milk.).",4,z,182.0,6.0,4.5,,26.0,25.0,0.0,25.0,0.0,136.0,0.0,4.0,0.0,130.0,,,,,,,https://nd.api.nutrislice.com/menu/api/weeks/school/58415/menu-type/28583/2026/10/7
2026-10-09,2293505,Pineapple DH Dole Whip,"Water (Filtered Tap Water.), Dole Pineapple Whip (Sugar, Dextrose, Stabilizers (Hydroxypropyl Methylcellulose, Locust Bean Gum, Guar Gum, Karaya Gum, Pectin, Cellulose Gum, Xanthan Gum), Coconut Oil, Contains 2% Or Less Of Each Of The Following: Maltodextrin, Citric Acid, Natural & Artificial Flavor, Modified Food Starch, Malic Acid, Beta Carotene (Color), Mono & Diglycerides, Silicon Dioxide (Anticaking).).",4,flz,123.0,0.6,0.6,,0.0,29.0,28.0,28.0,1.0,15.0,0.0,0.0,0.0,13.0,,,,,,,https://nd.api.nutrislice.com/menu/api/weeks/school/58415/menu-type/28583/2026/10/7
2026-10-09,2293501,Strawberry Dole Whip,"Water (Filtered Tap Water.), Dole Strawberry Whip (Sugar, Dextrose, Maltodextrin, Stabilizers (Hydroxypropyl Methylcellulose, Locust Bean Gum, Guar Gum, Karaya Gum, Pectin, Cellulose Gum, Xanthan Gum), Coconut Oil, Contains 2% Or Less Of Each Of The Following: Citric Acid, Color (Dehydrated Blackcurrant, Caramel Color, Carrot Extract), Natural Flavor, Modified Food Starch, Mono & Diglycerides, Silicon Dioxide (Anticaking).).",4,flz,125.0,0.0,0.6,,0.0,30.0,29.0,28.0,6.0,15.0,0.0,0.0,0.0,14.0,,,,,,,https://nd.api.nutrislice.com/menu/api/weeks/school/58415/menu-type/28583/2026/10/7
2026-10-09,1755988,Unsalted Butter,"Cream, SaltContains Milk.",1,oz,28.0,3.1,2.0,,9.0,0.0,0.0,0.0,1.0,27.0,0.0,0.0,0.0,1.0,,,,,,,https://nd.api.nutrislice.com/menu/api/weeks/school/58415/menu-type/28583/2026/10/7
2026-10-09,1756157,Peanut Butter,"PEANUTS, SUGAR, PEANUT OIL, CONTAINS 2% OR LESS OF: PALM OIL, SALT. COMMON ALLERGENS PRESENT: Peanuts.",0.75,z,122.0,10.0,2.3,,0.0,6.0,2.0,3.0,110.0,103.0,1.0,4.0,0.3,13.0,,,,,,,https://nd.api.nutrislice.com/menu/api/weeks/school/58415/menu-type/28583/2026/10/7
2026-10-09,1755977,Plain Bagels,"Wheat Flour Enriched (Wheat Flour, Malted Barley Flour, Niacin, Reduced Iron, Thiamine Mononitrate, Riboflavin, Folic Acid), Water, Sugar, Salt, Cultured Wheat Flour, Yeast, Vinegar, Palm Oil, Non-GMO Soybean Oil, Sunflower Oil, Ascorbic Acid, Enzymes, Cornmeal..",4.5,z,316.0,1.0,0.0,,0.0,65.0,3.0,5.0,90.0,575.0,2.0,11.0,4.0,103.0,,,,,,,https://nd.api.nutrislice.com/menu/api/weeks/school/58415/menu-type/28583/2026/10/7
2026-10-09,1755979,Whole Wheat Bagels,"Wheat Flour Enriched (Wheat Flour, Malted Barley Flour, Niacin, Reduced Iron, Thiamine Mononitrate, Riboflavin, Folic Acid), Water, Whole Wheat Flour, Sugar, Salt, Cultured Wheat Flour, Yeast, Vinegar, Palm Oil, Caramel Color, Non-GMO Soybean Oil, Sunflower Oil, Ascorbic Acid, Enzymes, Cornmeal..",1,bagel,316.0,1.7,0.0,,0.0,65.0,2.0,2.0,135.0,587.0,3.0,11.0,3.7,102.0,,,,,,,https://nd.api.nutrislice.com/menu/api/weeks/school/58415/menu-type/28583/2026/10/7
2026-10-09,1755995,Cream Cheese,"Pasteurized Milk And Cream, Cheese Culture, Salt, Guar Gum, Xanthan Gum, Carob Bean Gum. Common Allergens Present: Milk..",1,oz,90.0,9.0,6.0,,30.0,2.0,0.0,1.0,40.0,95.0,0.0,2.0,0.0,30.0,,,,,,,https://nd.api.nutrislice.com/menu/api/weeks/school/58415/menu-type/28583/2026/10/7
2026-10-09,1756050,Grape Jelly,"Concord Grape Juice (Water, Concord Grape Juice Concentrate), Corn Syrup, High Fructose Corn Syrup, Contains Less Than 2% Of Fruit Pectin, Citric Acid, Sodium Citrate..",1,Tbsp,50.0,0.0,0.0,,0.0,13.0,7.0,9.0,0.0,5.0,0.0,0.0,0.0,0.0,,,,,,,https://nd.api.nutrislice.com/menu/api/weeks/school/58415/menu-type/28583/2026/10/7
2026-10-09,1756057,Strawberry Jelly,"Strawberries, High Fructose Corn Syrup, Corn Syrup, Sugar, Contains 2% Or Less Of: Fruit Pectin, Citric Acid..",1,Tbsp,50.0,0.0,0.0,,0.0,13.0,9.0,10.0,0.0,0.0,0.0,0.0,0.0,0.0,,,,,,,https://nd.api.nutrislice.com/menu/api/weeks/school/58415/menu-type/28583/2026/10/7
2026-10-09,1756149,Chocolate Chips,"Sugar, Unsweetened Chocolate, Cocoa Butter, Soy Lecithin (an emulsifier), Natural Vanilla Extract, Milk. COMMON ALLERGENS PRESENT: Milk, Soy..",1,oz,132.0,8.0,3.8,,0.0,19.0,15.0,15.0,0.0,0.0,2.0,2.0,1.9,9.0,,,,,,,https://nd.api.nutrislice.com/menu/api/weeks/school/58415/menu-type/28583/2026/10/7
2026-10-09,1756389,Rainbow Sprinkles,"Sugar, Corn Starch, Palm Oil & Palm Kernel Oil, Soy Lecithin, Dextrin,Carnauba Wax, Confectioners Glaze, FD&C Yellow #5 Lake, Yellow #6 Lake,Blue #1 Lake, Red #40 Lake, Red #3. COMMON ALLERGENS PRESENT: Soy..",1,oz,142.0,7.0,3.5,,0.0,21.0,14.0,14.0,0.0,0.0,0.0,0.0,0.0,0.0,,,,,,,https://nd.api.nutrislice.com/menu/api/weeks/school/58415/menu-type/28583/2026/10/7
2026-10-09,1756237,Chocolate Syrup,"High Fructose Corn Syrup, Water, Cocoa And Cocoa Processed With Alkali, Modified Food Starch, Caramel Color, Salt, Potassium Sorbate- A Preservative, Xanthan Gum, Titanium Dioxide (Color), Artificial Colors (Yellow 5, Red 3 And Blue 1), And Natural And Artificial Flavors..",1,oz,67.0,0.0,0.0,,0.0,16.0,0.0,15.0,0.0,15.0,1.0,1.0,0.4,0.0,,,,,,,https://nd.api.nutrislice.com/menu/api/weeks/school/58415/menu-type/28583/2026/10/7
2026-10-09,1756259,Caramel Syrup,"CORN SYRUP, HIGH FRUCTOSE CORN SYRUP, SUGAR, CONDENSED NONFAT MILK, WATER, HEAVY WHIPPING CREAM, CONTAINS 2% OR LESS OF SALT, PECTIN, ARTIFICIAL FLAVORS, POTASSIUM SORBATE - A PRESERVATIVE, CARAMEL COLOR AND DISODIUM PHOSPHATE. COMMON ALLERGENS PRESENT: Milk..",1,oz,81.0,0.3,0.0,,0.0,18.0,12.0,12.0,15.0,40.0,0.0,0.0,0.0,8.0,,,,,,,https://nd.api.nutrislice.com/menu/api/weeks/school/58415/menu-type/28583/2026/10/7
2026-10-09,1756393,Oreo Cookie Crumble,"Unbleached Enriched Flour (Wheat Flour, Niacin, Reduced Iron, Thiamine Mononitrate {Vitamin B1}, Riboflavin {Vitamin B2}, Folic Acid), Sugar, Palm And/Or Canola Oil, Cocoa (Processed With Alkali), Invert Sugar, Leavening (Baking Soda And/Or Calcium Phosphate), Soy Lecithin, Salt, Chocolate, Natural Flavor. Common Allergens Present: Soy, Wheat..",1,oz,136.0,5.0,1.6,,0.0,21.0,12.0,12.0,42.0,94.0,1.0,1.0,1.2,10.0,,,,,,,https://nd.api.nutrislice.com/menu/api/weeks/school/58415/menu-type/28583/2026/10/7
2026-10-09,2135290,Deluxe Fruit Salad,"Cantaloupe, Honeydew, Pineapple, Oranges, Grapes, Water, Sugar, Citric Acid (used to lower pH)..",1,oz,12.0,0.0,0.0,,0.0,3.0,0.0,3.0,54.0,2.0,0.0,0.0,0.0,5.0,,,,,,,https://nd.api.nutrislice.com/menu/api/weeks/school/58415/menu-type/28583/2026/10/7
2026-10-09,1756055,Blueberry Yogurt,"Cultured Milk and Skim Milk, Sugar, Blueberries, Natural Flavors, Fruit and Vegetable Juice (color), Lemon Juice, Carob Bean Gum, Modified Cornstarch, Carrageenan, Pectin, Vitamin A Palmitate and Vitamin D3..",6,z cup,130.0,1.5,1.0,,10.0,24.0,12.0,18.0,240.0,85.0,0.0,5.0,0.1,170.0,,,,,,,https://nd.api.nutrislice.com/menu/api/weeks/school/58415/menu-type/28583/2026/10/7
2026-10-09,1756058,Plain Greek Yogurt,Cultured Grade A Non Fat Milk Contains Active Yogurt Cultures: S. Thermophilus & L. Bulgaricus. Common Allergens Present: Milk..,1,oz,17.0,0.0,0.0,,1.0,1.0,0.0,1.0,32.0,11.0,0.0,3.0,0.0,32.0,,,,,,,https://nd.api.nutrislice.com/menu/api/weeks/school/58415/menu-type/28583/2026/10/7
2026-10-09,1756278,Plain Fat Free Yogurt,"Cultured Milk and Skim Milk, Sugar, Modified Cornstarch, Carrageenan, Pectin, Vitamin A Palmitate and Vitamin D3. Allergens Contains: Milk..",1,oz,13.0,0.0,0.0,,1.0,2.0,0.0,2.0,53.0,18.0,0.0,1.0,0.0,40.0,,,,,,,https://nd.api.nutrislice.com/menu/api/weeks/school/58415/menu-type/28583/2026/10/7
2026-10-09,1756068,Strawberry Yogurt,"Cultured Milk and Skim Milk, Sugar, Strawberries, Natural Flavors, Carob Bean Gum, Fruit and Vegetable Juice (color), Modified Cornstarch, Carrageenan, Pectin, Vitamin A Palmitate and Vitamin D3..",6,z cup,130.0,1.5,1.0,,10.0,24.0,12.0,18.0,240.0,85.0,0.0,5.0,0.1,170.0,,,,,,,https://nd.api.nutrislice.com/menu/api/weeks/school/58415/menu-type/28583/2026/10/7
2026-10-09,1756427,Ketchup,"Tomato Concentrate, Sugar, Distilled Vinegar, Less than 2% of: Salt, Natural Flavors, *Potassium Chloride, Onion Powder, Citric Acid, Garlic Powder, Spices..",1,oz,6.0,0.0,0.0,,0.0,1.0,0.0,1.0,18.0,14.0,0.0,0.0,0.0,0.0,,,,,,,https://nd.api.nutrislice.com/menu/api/weeks/school/58415/menu-type/28583/2026/10/7
2026-10-09,1756436,Spicy Brown Mustard,"Vinegar, Water, Mustard Seed, Salt, Less than 2% of: Spices, Turmeric..",1,oz,28.0,0.0,0.0,,0.0,0.0,0.0,0.0,0.0,283.0,0.0,0.0,0.0,0.0,,,,,,,https://nd.api.nutrislice.com/menu/api/weeks/school/58415/menu-type/28583/2026/10/7
2026-10-09,1756258,Mayonnaise,"Soybean Oil, Distilled Vinegar, Egg Yolk, High Fructose Corn Syrup, Contains Less Than 2% Of Salt, Water, Mustard Seed, Calcium Disodium Edta (To Protect Flavor). Contains: Egg.",1,Tbsp,100.0,11.0,2.0,,10.0,1.0,1.0,1.0,0.0,75.0,0.0,0.0,0.0,0.0,,,,,,,https://nd.api.nutrislice.com/menu/api/weeks/school/58415/menu-type/28583/2026/10/7
2026-10-09,1756437,Yellow Mustard,"Distilled White Vinegar, Water, Mustard Seed, Mustard Bram, Salt, Turmeric, Spices..",1,tsp,0.0,0.0,0.0,,0.0,0.0,0.0,0.0,0.0,60.0,0.0,0.0,0.0,0.0,,,,,,,https://nd.api.nutrislice.com/menu/api/weeks/school/58415/menu-type/28583/2026/10/7
2026-10-09,1756415,Jalapeno Monterey Jack,"Pasteurized milk, Jalapeno Peppers, cheese culture, salt and enzymes. COMMON ALLERGENS PRESENT: Milk..",1,slice,63.0,5.0,3.2,,18.0,0.0,0.0,0.0,9.0,108.0,0.0,5.0,0.0,131.0,,,,,,,https://nd.api.nutrislice.com/menu/api/weeks/school/58415/menu-type/28583/2026/10/7
2026-10-09,2114662,Cucumber Slices,Cucumber (Cucumber.).,1,slice,2.0,0.0,0.0,,0.0,0.0,0.0,0.0,0.0,0.0,0.0,0.0,0.0,2.0,,,,,,,https://nd.api.nutrislice.com/menu/api/weeks/school/58415/menu-type/28583/2026/10/7
2026-10-09,1756303,Tomato,Tomato..,1,tomatoe,19.0,0.0,0.0,,0.0,4.0,0.0,3.0,269.0,6.0,1.0,1.0,0.3,11.0,,,,,,,https://nd.api.nutrislice.com/menu/api/weeks/school/58415/menu-type/28583/2026/10/7
2026-10-09,1755985,Wheat Bread,"Unbleached Enriched Flour (Wheat Flour, Malted Barley Flour, Niacin, Iron, Thiamin Mononitrate, Riboflavin, Folic Acid), Water, Wheat Bran, High Fructose Corn Syrup, Yeast, Whole Wheat Flour, Contains 2% or less of the following: Wheat Gluten, Soybean Oil, Salt, Calcium Propionate (Preservative), Potassium Sorbate (Preservative), Caramel Color, Wheat Starch, Enzymes, Ascorbic Acid. Contains Wheat. Manufactured in a plantthat handles Sesame..",1,slice,77.0,0.9,0.1,,0.0,15.0,1.0,1.0,51.0,154.0,1.0,3.0,0.9,26.0,,,,,,,https://nd.api.nutrislice.com/menu/api/weeks/school/58415/menu-type/28583/2026/10/7
2026-10-09,1756291,White Bread,"Unbleached Enriched Flour (Wheat Flour, Malted Barley Flour, Niacin, Iron, Thiamin Mononitrate, Riboflavin, Folic Acid), Water, Yeast, Sugar, Contains 2% or less of the following: Salt, Soybean Oil, Wheat Gluten, Calcium Propionate (Preservative), Potassium Sorbate (Preservative), Wheat Starch, Enzymes Ascorbic Acid..",1,slice,59.0,0.5,0.1,,0.0,12.0,1.0,1.0,27.0,135.0,1.0,2.0,0.8,22.0,,,,,,,https://nd.api.nutrislice.com/menu/api/weeks/school/58415/menu-type/28583/2026/10/7
2026-10-09,1888384,Sliced Smoked Turkey,"Turkey Breast Meat, Water, Salt, Turbinado Sugar, Carrageenan (from seaweed), Baking Soda..",2.5,z,76.0,1.9,0.6,,32.0,1.0,0.0,1.0,0.0,456.0,0.0,13.0,0.5,0.0,,,,,,,https://nd.api.nutrislice.com/menu/api/weeks/school/58415/menu-type/28583/2026/10/7
2026-10-09,1756441,Dill Pickle,"Fresh Cucumbers, water, vinegar, salt, calcium chloride, sodium benzoate (preservative), spices, turmeric, polysorbate 80. COMMON ALLERGENS PRESENT: None..",1,slice,0.0,0.0,0.0,,0.0,0.0,0.0,0.0,0.0,49.0,0.0,0.0,0.0,0.0,,,,,,,https://nd.api.nutrislice.com/menu/api/weeks/school/58415/menu-type/28583/2026/10/7
2026-10-09,2135076,Tomatoes Sliced,Tomato (Tomato.).,1,lbs,76.0,0.0,0.0,,0.0,18.0,0.0,13.0,1077.0,25.0,5.0,5.0,1.2,45.0,,,,,,,https://nd.api.nutrislice.com/menu/api/weeks/school/58415/menu-type/28583/2026/10/7
2026-10-09,1756276,Pita Chips,"Enriched Wheat Flour [Wheat Flour, Malted Barley Niacin, Reduced Iron, Thiamine Mononitrate (B1), Riboflavin (B2), Folic Acid], Water, Soybean Oil and/or Canola Oil, Contains 2% or less of: Salt, Sugar, Dough Conditioner (Calcium Sulfate, Acacia Gum, Vegetable Mono- and Diglycerides, and Enzymes), Calcium Propionate and Potassium Sorbate (Preservatives). COMMON ALLERGENS PRESENT: Wheat..",1,oz,71.0,0.5,0.0,,0.0,13.0,0.0,0.0,1.0,56.0,0.0,2.0,3.3,46.0,,,,,,,https://nd.api.nutrislice.com/menu/api/weeks/school/58415/menu-type/28583/2026/10/7
2026-10-09,1917102,Hummus,"Dry Garbanzo Bean (Garbanzo Beans.), Tahini (Sesame Seed) Paste (Sesame Seed. Contains: Sesame Seed.), Salad Oil (Soybean Oil.), 100% Lemon Juice (Lemon Juice from Concentrate (Water, Concentrated Lemon Juice), Sodium Benzoate (Preservative) and Lemon Oil.), Coarse Kosher Salt (Salt), Water (Filtered Tap Water.), Peeled Garlic (Garlic.), Baking Soda (Sodium Bicarbonate.).",2,oz,249.0,14.0,1.7,,0.0,23.0,0.0,4.0,234.0,457.0,5.0,8.0,2.2,22.0,,,,,,,https://nd.api.nutrislice.com/menu/api/weeks/school/58415/menu-type/28583/2026/10/7
2026-10-09,1917104,Hummus Red Pepper,"Garbanzo Beans (Prepared Chick Peas, Water, Salt, Calcium Chloride (Firming Agent), Disodium EDTA (Promotes Color Retention).), Tahini (Sesame Seed) Paste (Sesame Seed. Contains: Sesame Seed.), Roasted Italian Red Pepper (Red Peppers, Water, Salt, Citric Acid, Calcium Chloride.), 100% Lemon Juice (Lemon Juice from Concentrate (Water, Concentrated Lemon Juice), Sodium Benzoate (Preservative) and Lemon Oil.), Oil Blend Canola & EVOO 75/25 (Canola Oil & Extra Virgin Olive Oil.), Coarse Kosher Salt (Salt), Peeled Garlic (Garlic.), Roasted Garlic Base Concentrate (Roasted Garlic, Water, Sauteed Vegetable Puree Mix (Carrots, Onions, Celery), Dextrose, Salt, Dried Garlic, 2% Or Less Of Canola Oil, Dried Onions, Potassium Chloride, Celery Juice Concentrate.), Tabasco Sauce (Distilled Vinegar, Red Pepper and Salt.), Ground Cayenne Pepper (Cayenne Peppers.), Mild Chili Powder (Chili Pepper, Salt, Spices, Dehydrated Garlic.).",1,z,66.0,4.8,0.6,,0.0,4.0,0.0,1.0,27.0,147.0,1.0,2.0,0.8,7.0,,,,,,,https://nd.api.nutrislice.com/menu/api/weeks/school/58415/menu-type/28583/2026/10/7
2026-10-09,2135289,Garlic Roasted Hummus,"Garbanzo Beans (Prepared Chick Peas, Water, Salt, Calcium Chloride (Firming Agent), Disodium EDTA (Promotes Color Retention).), Tahini (Sesame Seed) Paste (Sesame Seed. Contains: Sesame Seed.), 100% Lemon Juice (Lemon Juice from Concentrate (Water, Concentrated Lemon Juice), Sodium Benzoate (Preservative) and Lemon Oil.), Oil Blend Canola & EVOO 75/25 (Canola Oil & Extra Virgin Olive Oil.), Roasted Garlic Base Concentrate (Roasted Garlic, Water, Sauteed Vegetable Puree Mix (Carrots, Onions, Celery), Dextrose, Salt, Dried Garlic, 2% Or Less Of Canola Oil, Dried Onions, Potassium Chloride, Celery Juice Concentrate.), Coarse Kosher Salt (Salt), Peeled Garlic (Garlic.), Fresh Italian Parsley (Italian Parsley.), Spanish Paprika (Paprika, Silicon Dioxide (To Prevent Caking).), Ground Cayenne Pepper (Cayenne Peppers.).",1,z,83.0,6.0,0.8,,0.0,4.0,0.0,1.0,26.0,187.0,1.0,2.0,1.0,6.0,,,,,,,https://nd.api.nutrislice.com/menu/api/weeks/school/58415/menu-type/28583/2026/10/7
2026-10-09,1756339,Bacon,"Ingredients: Bacon (Cured With Water, Salt, Sugar, Sodium Erythorbate, Sodium Nitrite. May also containSmoke Flavoring, Dextrose, Sodium Phosphate, Potassium Chloride, Sodium Diacetate, Flavoring, Honey)..",1,Tbsp,61.0,4.6,2.0,,25.0,0.0,0.0,0.0,0.0,324.0,0.0,5.0,0.0,0.0,,,,,,,https://nd.api.nutrislice.com/menu/api/weeks/school/58415/menu-type/28583/2026/10/7
2026-10-09,1892281,Sliced Red Onion,Red Onions..,1,oz,10.0,0.0,0.0,,0.0,3.0,0.0,1.0,39.0,0.0,0.0,0.0,0.0,7.0,,,,,,,https://nd.api.nutrislice.com/menu/api/weeks/school/58415/menu-type/28583/2026/10/7
2026-10-09,1892281,Sliced Red Onion,Red Onions..,1,z slice,10.0,0.0,0.0,,0.0,3.0,0.0,1.0,39.0,0.0,0.0,0.0,0.0,7.0,,,,,,,https://nd.api.nutrislice.com/menu/api/weeks/school/58415/menu-type/28583/2026/10/7
2026-10-09,1756413,Mild Cheddar,"Pasteurized milk, cheese culture, salt, enzyme, color added. COMMON ALLERGENS PRESENT: Milk..",1,slice,81.0,7.0,4.1,,20.0,0.0,0.0,0.0,20.0,137.0,0.0,5.0,0.0,152.0,,,,,,,https://nd.api.nutrislice.com/menu/api/weeks/school/58415/menu-type/28583/2026/10/7
2026-10-09,1756418,Provolone Cheese Slice,"Pasteurized Milk, Cheese Culture, Salt, Enzymes. Common Allergens Present: Milk..",1,slice,71.0,6.0,3.5,,15.0,0.0,0.0,0.0,30.0,192.0,0.0,5.0,0.1,162.0,,,,,,,https://nd.api.nutrislice.com/menu/api/weeks/school/58415/menu-type/28583/2026/10/7
2026-10-09,1756425,Smoked Sliced Ham,"Pork, Water, Natural Salt Blend (Potassium Chloride, Sea Salt), Turbinado Sugar, Salt, Cultured Celery Powder, Cherry Powder..",1,oz,30.0,0.8,0.3,,15.0,1.0,0.0,1.0,0.0,177.0,0.0,5.0,0.2,0.0,,,,,,,https://nd.api.nutrislice.com/menu/api/weeks/school/58415/menu-type/28583/2026/10/7
2026-10-09,2042095,Genoa Salami Slices,"Pork, Beef, Salt, Dextrose, Lactic Acid Starter Culture, Spices, Sodium Ascorbate,Sodium Nitrite, Garlic Powder, BHA, BHT, Citric Acid..",2,z,223.0,20.0,7.0,,46.0,2.0,2.0,2.0,172.0,850.0,0.0,10.0,0.8,20.0,,,,,,,https://nd.api.nutrislice.com/menu/api/weeks/school/58415/menu-type/28583/2026/10/7
2026-10-09,1756401,Tuna Salad,"Tuna (Light tuna, water, vegetable broth, salt), Lemon (Fresh Lemons.), Mayonnaise Premium Kens (Soybean Oil, Water, Egg, Distilled Vinegar, Egg Yolk, Contains Less Than 2% Of Salt, Sugar, Lemon Juice Concentrate, Calcium Disodium EDTA (To Protect Flavor), Paprika Extract (Color), Natural Flavor. Contains: Egg), Celery (Celery.), Coarse Kosher Salt (Salt), Ground Black Pepper (Ground Black Pepper.).",1,z,49.0,3.9,0.5,,10.0,0.0,0.0,0.0,60.0,116.0,0.0,4.0,0.2,2.0,,,,,,,https://nd.api.nutrislice.com/menu/api/weeks/school/58415/menu-type/28583/2026/10/7
2026-10-09,1949357,Green Leaf Lettuce,Leaf Lettuce (Green Leaf Lettuce.).,1,leaf,3.0,0.0,0.0,,0.0,1.0,0.0,0.0,41.0,6.0,1.0,1.0,0.2,8.0,,,,,,,https://nd.api.nutrislice.com/menu/api/weeks/school/58415/menu-type/28583/2026/10/7
2026-10-09,2349932,Shaved Ribeye,Beef..,1,lbs,745.0,32.0,8.0,,194.0,0.0,0.0,0.0,1174.0,292.0,0.0,97.0,10.2,0.0,,,,,,,https://nd.api.nutrislice.com/menu/api/weeks/school/58415/menu-type/28583/2026/10/7
2026-10-09,2349933,Charred-Aromatic Pho Broth,"Water (Filtered Tap Water.), Ginger Root (Fresh Ginger Root), Beef Pho Liquid Concentrated Broth Base (Beef Stock, Maltodextrin, Sugar, Salt, Natural Flavor, Yeast Extract, and Xanthan Gum.), Peeled Garlic (Garlic.), Batavia Cinnamon Stick (Cinnamon.), Star Anise (Star Anise), Whole Clove (Clove.).",1,gallons,108.0,0.0,0.0,,0.0,22.0,0.0,2.0,220.0,805.0,5.0,2.0,1.8,159.0,,,,,,,https://nd.api.nutrislice.com/menu/api/weeks/school/58415/menu-type/28583/2026/10/7
2026-10-09,2016300,Cilantro,Cilantro (Fresh Cilantro.).,1,oz,0.0,0.0,0.0,,0.0,0.0,0.0,0.0,142.0,0.0,0.0,0.0,0.0,21.0,,,,,,,https://nd.api.nutrislice.com/menu/api/weeks/school/58415/menu-type/28583/2026/10/7
2026-10-09,2349935,Fresh Mint,Fresh Mint Leaf (Mint.).,1,oz,0.0,0.0,0.0,,0.0,0.0,0.0,0.0,94.0,0.0,0.0,0.0,0.0,38.0,,,,,,,https://nd.api.nutrislice.com/menu/api/weeks/school/58415/menu-type/28583/2026/10/7
2026-10-09,1889798,Shiitake Mushroom,Fresh Shiitake Mushrooms..,1,lbs,252.0,0.0,0.0,,0.0,63.0,0.0,19.0,536.0,0.0,6.0,6.0,2.1,14.0,,,,,,,https://nd.api.nutrislice.com/menu/api/weeks/school/58415/menu-type/28583/2026/10/7
2026-10-09,2349934,Banh Pho Rice Noodles,"Rice, Potato Starch, Water, Soybean Oil, Sodium Benzoate As Preservative..",1,lbs,1134.0,7.0,0.0,,0.0,240.0,0.0,0.0,27.0,159.0,9.0,27.0,0.0,0.0,,,,,,,https://nd.api.nutrislice.com/menu/api/weeks/school/58415/menu-type/28583/2026/10/7
2026-10-09,2349936,Serrano Chili Peppers,Serrano Peppers..,1,pepper,3.0,0.0,0.0,,0.0,1.0,0.0,0.0,30.0,1.0,0.0,0.0,0.1,1.0,,,,,,,https://nd.api.nutrislice.com/menu/api/weeks/school/58415/menu-type/28583/2026/10/7
2026-10-09,1909453,Sweet Chili Sauce,"Sugar, Water, Pickled Red Chili, Distilled Vinegar, Garlic, Salt, Xanthan Gum as a stabilizer..",1,oz,76.0,0.0,0.0,,0.0,19.0,0.0,18.0,0.0,501.0,0.0,0.0,0.0,0.0,,,,,,,https://nd.api.nutrislice.com/menu/api/weeks/school/58415/menu-type/28583/2026/10/7
2026-10-09,1889801,Hoisin Sauce,"Sugar, Water, Fermentred Soybean (Water, Soybean, Salt, Wheat Flour), Salt, Modified Tapioca Starch, Garlic, Sesame Paste, Lemon, Cane Vinegar, Spices (Star Anise, Cinnamon, Fennel, Szechuan Pepper, Clove), Caramel Color, Chili (Chili, Water, Salt), Xanthan Gum, Citric Acid. COMMON ALLERGENS PRESENT: Soy, Wheat..",1,fl oz,71.0,0.0,0.0,,0.0,19.0,13.0,13.0,0.0,598.0,0.0,0.0,0.0,0.0,,,,,,,https://nd.api.nutrislice.com/menu/api/weeks/school/58415/menu-type/28583/2026/10/7
2026-10-09,2084256,Green Onion,Green Onion (Fresh Green Onions.).,1,lbs,252.0,0.0,0.0,,0.0,50.0,0.0,25.0,0.0,252.0,25.0,0.0,0.0,0.0,,,,,,,https://nd.api.nutrislice.com/menu/api/weeks/school/58415/menu-type/28583/2026/10/7
2026-10-09,1889803,Shrimp,"Shrimp, Salt, Sodium Tripolyphosphate (to retain moisture). COMMON ALLERGENS PRESENT: Shrimp.",1,oz,18.0,0.1,0.0,,34.0,0.0,0.0,0.0,36.0,213.0,0.0,4.0,0.0,17.0,,,,,,,https://nd.api.nutrislice.com/menu/api/weeks/school/58415/menu-type/28583/2026/10/7
2026-10-09,2015588,Lime Wedges,Lime (Limes.).,1,wedge,2.0,0.0,0.0,,0.0,1.0,0.0,0.0,6.0,0.0,0.0,0.0,0.0,2.0,,,,,,,https://nd.api.nutrislice.com/menu/api/weeks/school/58415/menu-type/28583/2026/10/7
2026-10-09,2266050,Basil,Basil (Basil.).,1,lbs,0.0,0.0,0.0,,0.0,0.0,0.0,0.0,907.0,0.0,0.0,0.0,0.0,0.0,,,,,,,https://nd.api.nutrislice.com/menu/api/weeks/school/58415/menu-type/28583/2026/10/7
2026-10-09,1756394,Bean Sprouts,Fresh Bean Sprouts..,1,oz,9.0,0.1,0.0,,0.0,2.0,0.0,1.0,42.0,2.0,1.0,1.0,0.3,4.0,,,,,,,https://nd.api.nutrislice.com/menu/api/weeks/school/58415/menu-type/28583/2026/10/7
2026-10-09,1756408,Sriracha,"Chili, Sugar, Garlic, Salt, Water, Acetic Acid, Lactic Acid, Xanthan Gum, Citric Acid, Potassium Sorbate, Ascorbic Acid..",1,oz,0.0,0.0,0.0,,21.0,0.0,0.0,0.0,0.0,0.0,0.0,0.0,0.0,0.0,,,,,,,https://nd.api.nutrislice.com/menu/api/weeks/school/58415/menu-type/28583/2026/10/7
2026-10-09,1758036,Clubhouse Potato Chips,"Skin On Potato Chip Cut (Potatoes, Vegetable Oil (Contains One Or More Of The Following Oils: Canola, Soybean, Cottonseed, Sunflower, Corn). Contains 2% or less of Dextrose, Salt, Sodium Acid Pyrophosphate Added To Maintain Natural Color.), Canola Oil (Canola Oil, TBHQ and Citric Acid Added To Protect Flavor, Dimethylpolysiloxanes, An Anti-Foaming Agent Added.), Coarse Kosher Salt (Salt), Whole Black Peppercorns (Black Peppercorns.).",2,z,125.0,10.0,1.0,,0.0,10.0,0.0,1.0,147.0,549.0,1.0,1.0,0.1,6.0,,,,,,,https://nd.api.nutrislice.com/menu/api/weeks/school/58415/menu-type/28583/2026/10/7
2026-10-09,1762488,Coleslaw,"Cabbage, Sugar, Soybean Oil, Water, Contains Less Than 2% of Carrots, White Distilled Vinegar, Eggs, Salt, Egg Yolks (Egg Yolks, Salt), Erythorbic Acid (to Retain Color), Potassium Sorbate (to Retard Spoilage), Citric Acid, Sodium Benzoate (Preservative), Xanthan Gum, Lemon Juice Concentrate, Spices, Mayonnaise Spice Blend Flavor (Medium Chain Triglycerides, Natural and Artificial Flavors)..",1,oz,45.0,2.8,0.4,,3.0,5.0,4.0,4.0,50.0,95.0,1.0,0.0,0.1,8.0,,,,,,,https://nd.api.nutrislice.com/menu/api/weeks/school/58415/menu-type/28583/2026/10/7
2026-10-09,1769209,Vegetarian Macaroni Pasta Salad,"Cooked Enriched Macaroni Product (Semolina [Wheat], Enriched With Niacin, Iron [Ferrous Sulfate], Thiamin Mononitrate, Riboflavin, Folic Acid), Eggs, Fructose, Soybean Oil, Water, High Fructose Corn Syrup, Onions, Celery, Contains Less Than 2% Of White Distilled Vinegar, Apple Cider Vinegar, Mustard (Distilled Vinegar, Mustard Seed, Salt, Turmeric, Spices), Red Bell Peppers (Red Bell Peppers, Water, Citric Acid), Carrots, Egg Yolks (Egg Yolks, Salt), Salt, Modified Corn Starch, Sugar, Potassium Sorbate (To Retard Spoilage), Dextrose, Spices, Xanthan Gum, Guar Gum, Color (Water, Coloring [Yellow 5, Yellow 6, Red 40], Sodium Benzoate [Preservative], Citric Acid), Propylene Glycol Alginate, Onion Powder, Paprika (Color). Contains: Egg, Wheat..",0.75,cups,240.0,11.0,2.0,,75.0,30.0,13.0,14.0,150.0,550.0,1.0,5.0,1.1,20.0,,,,,,,https://nd.api.nutrislice.com/menu/api/weeks/school/58415/menu-type/28583/2026/10/7
2026-10-09,1756499,Potato Salad,"Potatoes, Soybean Oil, Water, Sour Cream (Cultured Milk And Cream), Green Onions, Egg Yolks (Egg Yolks, Salt), Contains Less Than 2% Of High Fructose Corn Syrup, Fully Cooked Bacon Bits With Smoke Flavor Added (Bacon Bits [Cured With Water, Salt, Sugar, Sodium Phosphates, Sodium Erythorbate, Sodium Nitrite], Smoke Flavor. May Contain Dextrose, Potassium Chloride), White Distilled Vinegar, Salt, Mustard (Water, Distilled Vinegar, Mustard Seed, Salt, Spices), Glucono Delta Lactone, Potassium Sorbate (To Retard Spoilage), Sugar, Spices. Common Allergens Present: Egg, Milk..",4,oz,269.0,22.0,4.2,,25.0,15.0,2.0,3.0,328.0,554.0,1.0,3.0,0.5,17.0,,,,,,,https://nd.api.nutrislice.com/menu/api/weeks/school/58415/menu-type/28583/2026/10/7
2026-10-09,2322212,Shamrock Sub Sandwich,"French Baguette (Enriched Flour (Wheat Flour, Malted Barley Flour, Niacin, Reduced Iron, Thiamin Mononitrate, Riboflavin, Folic Acid), Water, Contains Less Than 2% Of Yeast, Salt, Soybean Oil, Dextrose, Calcium Sulfate, Ascorbic Acid, Calcium Peroxide, Azodicarbonamide, Mono- And Diglycerides, Wheat Gluten, Enzymes, Calcium Propionate (Preservative), Soy Lecithin, Yellow Cornmeal. Contains Soy, Wheat.), Sliced City Ham (Pork Leg, Water, Salt, Cane Sugar, Celery Powder, Cherry Powder, Spices (Black Pepper, Allspice, Clove, Juniper Berries), Garlic, Bay Leaf.), Prosciutto Ham (Cured with Salt, Sugar, Spices, Sodium Nitrate, Sodium Nitrite, Flavoring.), Pepperoni (Pork, Beef, Salt, Dextrose, Spices, Lactic Acid Starter Culture, Oleoresin of Paprika, Dehydrated Garlic, Sodium Nitrite, BHA, BHT, Citric Acid.), Genoa Salami Slices (Pork, Beef, Salt, Dextrose, Lactic Acid Starter Culture, Spices, Sodium Ascorbate,Sodium Nitrite, Garlic Powder, BHA, BHT, Citric Acid.), Oil-Browned Pan-Roasted Turkey Breasts (Turkey Breast, Turkey Broth And 2% Or Less Of: Sea Salt, Dextrose, Yeast Extract, Natural Flavors. Browned in Vegetable Oil.), 10"" Wheat Baguettes (Enriched Wheat Flour (Malted Barley Flour, Niacin, Reduced Iron, Thiamine Mononitrate, Riboflavin, Folic Acid), Whole Wheat Flour, Yeast, Poolish (Flour, Water, Yeast), Barley, Malt Syrup, Rye Flour, Starter Culture (Lactobacillus), Water, Salt, Ascorbic Acid, Sorbitan Monostearate (Processing Aid), Enzymes. Contains: Wheat, Rye Product.), Mayonnaise Premium Kens (Soybean Oil, Water, Egg, Distilled Vinegar, Egg Yolk, Contains Less Than 2% Of Salt, Sugar, Lemon Juice Concentrate, Calcium Disodium EDTA (To Protect Flavor), Paprika Extract (Color), Natural Flavor. Contains: Egg), Sliced Tomato (Tomato.), Honey Mustard Dressing (Soybean Oil, High Fructose Corn Syrup, Spicy Brown Mustard (Distilled Vinegar, Water, Mustard Seed, Salt, Turmeric, Spices), Honey, Distilled Vinegar, Egg Yolk, Contains Less Than 2% Of Salt, Water, Propylene Glycol Alginate, Mustard Flour, Calcium Disodium Edta (To Protect Flavor). Contains Egg.), Fat Free Italian Dressing (Water, Distilled Vinegar, Sugar, Salt, Maltodextrin, Contains Less Than 2% Of Cellulose Gel And Gum, Onion*, Xanthan Gum, Potassium Sorbate And Sodium Benzoate (Preservatives), Garlic*, Carrageenan, Citric Acid, Red Bell Pepper*, Spice, Autolyzed Yeast Extract, Natural Flavor, Yeast Extract, Beta Carotene (Color). *Dried), Chicago-Style Hot Giardiniera (Soybean Oil, Hot Peppers, Carrots, Cauliflower, Celery, Gherkins, Spices, Vinegar, Sodium Benzoate, Sodium Bisulfite.), Shredded Iceberg Lettuce (Iceberg Lettuce.), Mild Cheddar (Pasteurized milk, cheese culture, salt, enzyme, color added. COMMON ALLERGENS PRESENT: Milk.), Provolone Cheese Slice (Pasteurized Milk, Cheese Culture, Salt, Enzymes. Common Allergens Present: Milk.), Swiss Cheese Slice (Swiss Cheese (Cultured Pasteurized Milk, Salt, Enzymes). Common Allergens Present: Milk.), Jalapeno Monterey Jack (Pasteurized milk, Jalapeno Peppers, cheese culture, salt and enzymes. COMMON ALLERGENS PRESENT: Milk.), Dill Pickle Chips, Sliced Red Onion (Red Onions.), 1% Low Fat Buttermilk 0.5gal (Cultured Lowfat Milk, Stabilizer (Mono And Diglycerides, Carob Bean Gum, Carrageenan, Calcium Sulfate, Modified Corn and Tapioca Starches), Salt, Vitamin A Palmitate, Vitamin D3. Contains: Milk.), Sour Cream (Milk, Cream, Whey, Modified Cornstarch, Sodium Phosphate, Guar Gum, Carrageenan, Calcium Sulfate, Carob Bean Gum, Nonfat Dry Milk. Contains: Milk), Roasted Garlic Base Concentrate (Roasted Garlic, Water, Sauteed Vegetable Puree Mix (Carrots, Onions, Celery), Dextrose, Salt, Dried Garlic, 2% Or Less Of Canola Oil, Dried Onions, Potassium Chloride, Celery Juice Concentrate.), Onion Granulated Spice (Dried Onion.), Dill (Fresh Dill.), Granulated Garlic (Dried Garlic.), Coarse Kosher Salt (Salt).",1,sub,3444.0,210.0,59.0,,2443.0,245.0,21.0,33.0,1702.0,10023.0,10.0,156.0,23.9,1116.0,,,,,,,https://nd.api.nutrislice.com/menu/api/weeks/school/58415/menu-type/28583/2026/10/7
2026-10-09,1756500,Tuna,"Light tuna, water, vegetable broth, salt.",0.25,cups,34.0,0.2,0.0,,17.0,0.0,0.0,0.0,103.0,146.0,0.0,8.0,0.3,0.0,,,,,,,https://nd.api.nutrislice.com/menu/api/weeks/school/58415/menu-type/28583/2026/10/7
2026-10-09,1756341,Quinoa & Lentil Salad,"Cooked Quinoa (Water, Quinoa), Lentils (Water, Lentils), Water, Cooked Split Peas, Expeller Pressed Canola Oil, Lemon Juice, Spices, Sugar, Contains Less Than 2% Of Extra Virgin Olive Oil With Lemon Oil, Salt..",3,z,196.0,9.0,0.9,,0.0,21.0,3.0,3.0,247.0,680.0,4.0,6.0,2.1,17.0,,,,,,,https://nd.api.nutrislice.com/menu/api/weeks/school/58415/menu-type/28583/2026/10/7
2026-10-09,2191948,Sweetened Applesauce,"Apples, High Fructose Corn Syrup, Corn Syrup and Water. Ascorbic Acid to maintain color..",1,#10 can,2187.0,0.0,0.0,,0.0,535.0,0.0,437.0,0.0,243.0,49.0,0.0,0.0,0.0,,,,,,,https://nd.api.nutrislice.com/menu/api/weeks/school/58415/menu-type/28583/2026/10/7
2026-10-09,1756284,Avocado,Avocado..,1,oz,47.0,4.4,0.5,,0.0,2.0,0.0,0.0,143.0,3.0,2.0,0.0,0.2,3.5,,,,,,,https://nd.api.nutrislice.com/menu/api/weeks/school/58415/menu-type/28583/2026/10/7
2026-10-09,1756284,Avocado,Avocado..,2,z,94.0,9.0,1.0,,0.0,5.0,0.0,0.0,286.0,5.0,4.0,1.0,0.5,7.0,,,,,,,https://nd.api.nutrislice.com/menu/api/weeks/school/58415/menu-type/28583/2026/10/7
2026-10-09,1758049,Garbanzo Beans,"Prepared Chick Peas, Water, Salt, Calcium Chloride (Firming Agent), Disodium EDTA (Promotes Color Retention)..",1,oz,28.0,0.4,0.0,,0.0,5.0,0.0,1.0,52.0,31.0,1.0,2.0,0.3,7.0,,,,,,,https://nd.api.nutrislice.com/menu/api/weeks/school/58415/menu-type/28583/2026/10/7
2026-10-09,1756120,Black Beans,"Low Sodium Black Bean (Prepared Black Beans, Water, Salt, Calcium Chloride (Firming Agent).).",1,oz,24.0,0.0,0.0,,0.0,4.0,0.0,0.0,105.0,28.0,1.0,2.0,0.4,17.0,,,,,,,https://nd.api.nutrislice.com/menu/api/weeks/school/58415/menu-type/28583/2026/10/7
2026-10-09,1920550,Broccoli Florets,Fresh Broccoli..,4,z,36.0,0.4,0.0,,0.0,8.0,0.0,1.0,332.0,47.0,4.0,3.0,0.8,45.0,,,,,,,https://nd.api.nutrislice.com/menu/api/weeks/school/58415/menu-type/28583/2026/10/7
2026-10-09,1756464,Shredded Carrot,Carrots..,1,Tbsp,2.0,0.0,0.0,,0.0,1.0,0.0,0.0,17.0,4.0,0.0,0.0,0.0,2.0,,,,,,,https://nd.api.nutrislice.com/menu/api/weeks/school/58415/menu-type/28583/2026/10/7
2026-10-09,1756255,Baby Carrots,Carrots..,3,carrot,9.0,0.0,0.0,,0.0,2.0,0.0,1.0,67.0,16.0,1.0,0.0,0.1,9.0,,,,,,,https://nd.api.nutrislice.com/menu/api/weeks/school/58415/menu-type/28583/2026/10/7
2026-10-09,1756268,Celery Sticks,celery.,1,oz,4.0,0.1,0.0,,0.0,1.0,0.0,0.0,74.0,23.0,1.0,0.0,0.1,11.0,,,,,,,https://nd.api.nutrislice.com/menu/api/weeks/school/58415/menu-type/28583/2026/10/7
2026-10-09,1756363,Mild Cheddar,"Cheddar Cheese (Cultured Pasteurized Milk, Salt, Enzymes, Color Added, Anti-cake (Potato Starch, Powdered Cellulose). Common Allergens Present: Milk..",1,oz,111.0,9.0,5.0,,30.0,1.0,0.0,0.0,20.0,192.0,0.0,6.0,0.0,204.0,,,,,,,https://nd.api.nutrislice.com/menu/api/weeks/school/58415/menu-type/28583/2026/10/7
2026-10-09,1756321,Cottage Cheese,"Skim Milk, Milk, Cream, Lactose, Salt, Stabilizer (Guar Gum, Mono and Diglycerides, Xanthan Gum, Carrageenan, Carob Bean Gum), Citric Acid, Carbon Dioxide and Potassium Sorbate (Maintain Freshness) and Cheese Cultures..",0.5,cups,105.0,4.9,3.2,,24.0,5.0,1.0,4.0,0.0,486.0,0.0,11.0,0.3,65.0,,,,,,,https://nd.api.nutrislice.com/menu/api/weeks/school/58415/menu-type/28583/2026/10/7
2026-10-09,1758025,Feta Cheese,"Feta Cheese (Pasteurized Part-Skim Milk, Salt, Cheese Culture, Enzymes), Powdered Cellulose (To Prevent Caking), Natamycin (Natural Mold Inhibitor). COMMON ALLERGENS PRESENT: Milk..",1,oz,71.0,6.0,3.5,,25.0,1.0,0.0,0.0,17.0,324.0,0.0,4.0,0.0,140.0,,,,,,,https://nd.api.nutrislice.com/menu/api/weeks/school/58415/menu-type/28583/2026/10/7
2026-10-09,1755996,Plant Based Mozzarella,"Filtered Water, Coconut Oil, Food Starch-Modified (Potato & Corn), Corn Starch, Salt (Sea Salt), Mozzarella Flavor (Vegan Sources), Olive Extract, Beta Carotene (Color), Vitamin B12, Powdered Cellulose Added to Prevent Caking..",1,oz,90.0,7.0,7.0,,0.0,6.0,0.0,0.0,0.0,510.0,0.0,0.0,0.0,0.0,,,,,,,https://nd.api.nutrislice.com/menu/api/weeks/school/58415/menu-type/28583/2026/10/7
2026-10-09,1756114,Croutons,"Enriched Flour (Wheat Flour, Malted Barley Flour, Niacin, Reduced Iron, Thiamin Mononitrate, Riboflavin, Folic Acid), Canola And/Or Sunflower Oil (With Rosemary Extract And Ascorbic Acid [To Preserve Freshness]), Whey, Yeast, Sugar, 2% Or Less Of Salt, Corn Syrup Solids, Onion Powder, Dehydrated Parsley, Garlic Powder, Autolyzed Yeast Extract, Enzymes. Common Allergens Present: Wheat, Milk. May Contain: Tree Nuts..",1,oz,121.0,4.1,0.0,,0.0,20.0,0.0,0.0,53.0,304.0,0.0,4.0,0.0,16.0,,,,,,,https://nd.api.nutrislice.com/menu/api/weeks/school/58415/menu-type/28583/2026/10/7
2026-10-09,1756322,Mushroom,Fresh White Mushrooms..,1,Tbsp,2.0,0.0,0.0,,0.0,0.0,0.0,0.0,37.0,1.0,0.0,0.0,0.0,0.5,,,,,,,https://nd.api.nutrislice.com/menu/api/weeks/school/58415/menu-type/28583/2026/10/7
2026-10-09,1795968,Tri Color Peppers,"Large Green Bell Peppers (Green Bell Peppers.), Red Bell Peppers (Red Bell Pepper.), Fresh Yellow Peppers (Yellow Bell Pepper.).",1,serving,11.0,0.0,0.0,,0.0,2.0,0.0,1.0,87.0,0.0,1.0,0.0,0.2,4.0,,,,,,,https://nd.api.nutrislice.com/menu/api/weeks/school/58415/menu-type/28583/2026/10/7
2026-10-09,1756486,Iceberg Lettuce,Fresh Iceberg Salad Mix..,1,cups,6.0,0.0,0.0,,0.0,2.0,0.0,1.0,0.0,0.0,0.0,0.0,0.1,8.0,,,,,,,https://nd.api.nutrislice.com/menu/api/weeks/school/58415/menu-type/28583/2026/10/7
2026-10-09,1756135,Spring Mix,"50% Baby Green Leaf, 30% Baby Red Leaf & 20% Baby Arugula..",1,oz,5.0,0.1,0.0,,0.0,1.0,0.0,0.0,82.0,8.0,1.0,0.0,0.3,14.0,,,,,,,https://nd.api.nutrislice.com/menu/api/weeks/school/58415/menu-type/28583/2026/10/7
2026-10-09,1756299,Spinach,Spinach..,1,oz,5.0,0.0,0.0,,0.0,1.0,0.0,0.0,150.0,23.0,1.0,1.0,0.9,26.3,,,,,,,https://nd.api.nutrislice.com/menu/api/weeks/school/58415/menu-type/28583/2026/10/7
2026-10-09,2076893,Chopped Hard Cooked Eggs,Large Fresh Egg (Shelled Eggs. COMMON ALLERGENS PRESENT: Eggs.).,0.5,z,20.0,1.6,0.4,,53.0,0.0,0.0,0.0,20.0,20.0,0.0,2.0,0.3,9.0,,,,,,,https://nd.api.nutrislice.com/menu/api/weeks/school/58415/menu-type/28583/2026/10/7
2026-10-09,2135288,Light Red Kidney Bean,"Light Red Kidney Beans, Water, Sugar, Salt, Calcium Chloride..",1,oz,26.0,0.0,0.0,,0.0,5.0,0.0,0.0,110.0,31.0,2.0,2.0,0.7,12.0,,,,,,,https://nd.api.nutrislice.com/menu/api/weeks/school/58415/menu-type/28583/2026/10/7
2026-10-09,1756496,Red Grape Tomato,Red Grape Tomatoes..,1,oz,8.0,0.2,0.0,,0.0,2.0,0.0,0.0,74.0,2.0,1.0,0.0,0.1,3.0,,,,,,,https://nd.api.nutrislice.com/menu/api/weeks/school/58415/menu-type/28583/2026/10/7
2026-10-09,1778846,Dried Sweetened Cranberry,"Cranberries, Sugar. Refined Sunflower Oil is used as a processing aid..",1,oz,92.0,0.0,0.0,,0.0,23.0,18.0,21.0,0.0,0.0,2.0,0.0,0.0,0.0,,,,,,,https://nd.api.nutrislice.com/menu/api/weeks/school/58415/menu-type/28583/2026/10/7
